<?xml version="1.0" encoding="utf-8" standalone="no"?>
<dbschemas>
    <data_object_schema name="AuthnProvider">
        <record id="urn:storageos:AuthnProvider:cb4c5ca4-6ebf-4bee-b346-bd87d31f3c7d:global">
            <readOnlyField>
                <field name="class" type="java.lang.Class" value="class com.emc.storageos.db.client.model.AuthnProvider"/>
                <field name="id" type="java.net.URI" value="urn:storageos:AuthnProvider:cb4c5ca4-6ebf-4bee-b346-bd87d31f3c7d:global"/>
            </readOnlyField>
            <field name="creationTime" type="java.util.Calendar" value="java.util.GregorianCalendar[time=1437765617983,areFieldsSet=true,areAllFieldsSet=true,lenient=true,zone=sun.util.calendar.ZoneInfo[id=&quot;UTC&quot;,offset=0,dstSavings=0,useDaylight=false,transitions=0,lastRule=null],firstDayOfWeek=1,minimalDaysInFirstWeek=1,ERA=1,YEAR=2015,MONTH=6,WEEK_OF_YEAR=30,WEEK_OF_MONTH=4,DAY_OF_MONTH=24,DAY_OF_YEAR=205,DAY_OF_WEEK=6,DAY_OF_WEEK_IN_MONTH=4,AM_PM=1,HOUR=7,HOUR_OF_DAY=19,MINUTE=20,SECOND=17,MILLISECOND=983,ZONE_OFFSET=0,DST_OFFSET=0]"/>
            <field name="description" type="java.lang.String" value="TestAD_demo"/>
            <field name="disable" type="java.lang.Boolean" value="false"/>
            <field name="domains" type="com.emc.storageos.db.client.model.StringSet">
                <wrapper>
                    <stringSet>paris.com</stringSet>
                </wrapper>
            </field>
            <field name="groupAttribute" type="java.lang.String" value="CN"/>
            <field name="groupMemberAttributeTypeNames" type="com.emc.storageos.db.client.model.StringSet">
                <wrapper>
                    <stringSet>member</stringSet>
                    <stringSet>roleOccupant</stringSet>
                    <stringSet>memberUid</stringSet>
                    <stringSet>uniqueMember</stringSet>
                </wrapper>
            </field>
            <field name="groupObjectClassNames" type="com.emc.storageos.db.client.model.StringSet">
                <wrapper>
                    <stringSet>posixGroup</stringSet>
                    <stringSet>organizationalRole</stringSet>
                    <stringSet>groupOfNames</stringSet>
                    <stringSet>groupOfUniqueNames</stringSet>
                </wrapper>
            </field>
            <field name="inactive" type="java.lang.Boolean" value="false"/>
            <field name="internalFlags" type="java.lang.Long" value="0"/>
            <field name="label" type="java.lang.String" value="TestAD"/>
            <field name="lastModified" type="java.lang.Long" value="1437765617983"/>
            <field name="managerDN" type="java.lang.String" value="managerdn@paris.com"/>
            <field name="mode" type="java.lang.String" value="ad"/>
            <field name="opStatus" type="com.emc.storageos.db.client.model.OpStatusMap">
                <wrapper>
                    <opStatusMap/>
                </wrapper>
            </field>
            <field name="searchBase" type="java.lang.String" value="DC=paris,DC=com"/>
            <field name="searchFilter" type="java.lang.String" value="userPrincipalName=%u"/>
            <field name="searchScope" type="java.lang.String" value="SUBTREE"/>
            <field name="serverUrls" type="com.emc.storageos.db.client.model.StringSet">
                <wrapper>
                    <stringSet>ldap://10.247.144.95</stringSet>
                </wrapper>
            </field>
        </record>
    </data_object_schema>
</dbschemas>
