<?xml version="1.0" encoding="utf-8" standalone="no"?>
<dbschemas>
    <data_object_schema name="CatalogCategory">
        <record id="urn:storageos:CatalogCategory:985dd5a0-df16-4f3c-a2b8-ea927f38251a:vdc1">
            <readOnlyField>
                <field name="class" type="java.lang.Class" value="class com.emc.storageos.db.client.model.uimodels.CatalogCategory"/>
                <field name="id" type="java.net.URI" value="urn:storageos:CatalogCategory:985dd5a0-df16-4f3c-a2b8-ea927f38251a:vdc1"/>
            </readOnlyField>
            <field name="catalogCategoryId" type="com.emc.storageos.db.client.model.NamedURI" value="urn:storageos:CatalogCategory:924a0935-4c74-4078-992c-39a35efd2b31:vdc1:ServiceCatalog"/>
            <field name="creationTime" type="java.util.Calendar" value="java.util.GregorianCalendar[time=1432841163656,areFieldsSet=true,areAllFieldsSet=true,lenient=true,zone=sun.util.calendar.ZoneInfo[id=&quot;UTC&quot;,offset=0,dstSavings=0,useDaylight=false,transitions=0,lastRule=null],firstDayOfWeek=1,minimalDaysInFirstWeek=1,ERA=1,YEAR=2015,MONTH=4,WEEK_OF_YEAR=22,WEEK_OF_MONTH=5,DAY_OF_MONTH=28,DAY_OF_YEAR=148,DAY_OF_WEEK=5,DAY_OF_WEEK_IN_MONTH=4,AM_PM=1,HOUR=7,HOUR_OF_DAY=19,MINUTE=26,SECOND=3,MILLISECOND=656,ZONE_OFFSET=0,DST_OFFSET=0]"/>
            <field name="description" type="java.lang.String" value="Block storage services for AIX hosts"/>
            <field name="image" type="java.lang.String" value="icon_aix.png"/>
            <field name="inactive" type="java.lang.Boolean" value="false"/>
            <field name="internalFlags" type="java.lang.Long" value="0"/>
            <field name="label" type="java.lang.String" value="BlockServicesforAIX"/>
            <field name="lastUpdated" type="java.util.Date" value="Thu May 28 19:26:03 UTC 2015"/>
            <field name="opStatus" type="com.emc.storageos.db.client.model.OpStatusMap">
                <wrapper>
                    <opStatusMap/>
                </wrapper>
            </field>
            <field name="sortedIndex" type="java.lang.Integer" value="64"/>
            <field name="tenant" type="java.lang.String" value="urn:storageos:TenantOrg:e8cc450f-4bbe-4018-ba5c-e7f79f7e6932:global"/>
            <field name="title" type="java.lang.String" value="Block Services for AIX"/>
        </record>
        <record id="urn:storageos:CatalogCategory:ce1f6fff-6ef6-437f-892b-7459fb8a8325:vdc1">
            <readOnlyField>
                <field name="class" type="java.lang.Class" value="class com.emc.storageos.db.client.model.uimodels.CatalogCategory"/>
                <field name="id" type="java.net.URI" value="urn:storageos:CatalogCategory:ce1f6fff-6ef6-437f-892b-7459fb8a8325:vdc1"/>
            </readOnlyField>
            <field name="catalogCategoryId" type="com.emc.storageos.db.client.model.NamedURI" value="urn:storageos:CatalogCategory:924a0935-4c74-4078-992c-39a35efd2b31:vdc1:ServiceCatalog"/>
            <field name="creationTime" type="java.util.Calendar" value="java.util.GregorianCalendar[time=1432841164258,areFieldsSet=true,areAllFieldsSet=true,lenient=true,zone=sun.util.calendar.ZoneInfo[id=&quot;UTC&quot;,offset=0,dstSavings=0,useDaylight=false,transitions=0,lastRule=null],firstDayOfWeek=1,minimalDaysInFirstWeek=1,ERA=1,YEAR=2015,MONTH=4,WEEK_OF_YEAR=22,WEEK_OF_MONTH=5,DAY_OF_MONTH=28,DAY_OF_YEAR=148,DAY_OF_WEEK=5,DAY_OF_WEEK_IN_MONTH=4,AM_PM=1,HOUR=7,HOUR_OF_DAY=19,MINUTE=26,SECOND=4,MILLISECOND=258,ZONE_OFFSET=0,DST_OFFSET=0]"/>
            <field name="description" type="java.lang.String" value="VMware vCenter NFS Datastore Services"/>
            <field name="image" type="java.lang.String" value="icon_storage_vmware_nfs.png"/>
            <field name="inactive" type="java.lang.Boolean" value="false"/>
            <field name="internalFlags" type="java.lang.Long" value="0"/>
            <field name="label" type="java.lang.String" value="FileServicesforVMwarevCenter"/>
            <field name="lastUpdated" type="java.util.Date" value="Thu May 28 19:26:04 UTC 2015"/>
            <field name="opStatus" type="com.emc.storageos.db.client.model.OpStatusMap">
                <wrapper>
                    <opStatusMap/>
                </wrapper>
            </field>
            <field name="sortedIndex" type="java.lang.Integer" value="79"/>
            <field name="tenant" type="java.lang.String" value="urn:storageos:TenantOrg:e8cc450f-4bbe-4018-ba5c-e7f79f7e6932:global"/>
            <field name="title" type="java.lang.String" value="File Services for VMware vCenter"/>
        </record>
        <record id="urn:storageos:CatalogCategory:357bb537-627d-4e7e-8e6d-f2dcd628b0be:vdc1">
            <readOnlyField>
                <field name="class" type="java.lang.Class" value="class com.emc.storageos.db.client.model.uimodels.CatalogCategory"/>
                <field name="id" type="java.net.URI" value="urn:storageos:CatalogCategory:357bb537-627d-4e7e-8e6d-f2dcd628b0be:vdc1"/>
            </readOnlyField>
            <field name="catalogCategoryId" type="com.emc.storageos.db.client.model.NamedURI" value="urn:storageos:CatalogCategory:924a0935-4c74-4078-992c-39a35efd2b31:vdc1:ServiceCatalog"/>
            <field name="creationTime" type="java.util.Calendar" value="java.util.GregorianCalendar[time=1432841164308,areFieldsSet=true,areAllFieldsSet=true,lenient=true,zone=sun.util.calendar.ZoneInfo[id=&quot;UTC&quot;,offset=0,dstSavings=0,useDaylight=false,transitions=0,lastRule=null],firstDayOfWeek=1,minimalDaysInFirstWeek=1,ERA=1,YEAR=2015,MONTH=4,WEEK_OF_YEAR=22,WEEK_OF_MONTH=5,DAY_OF_MONTH=28,DAY_OF_YEAR=148,DAY_OF_WEEK=5,DAY_OF_WEEK_IN_MONTH=4,AM_PM=1,HOUR=7,HOUR_OF_DAY=19,MINUTE=26,SECOND=4,MILLISECOND=308,ZONE_OFFSET=0,DST_OFFSET=0]"/>
            <field name="description" type="java.lang.String" value="Cluster Provisioning Services for VCE Vblock Systems"/>
            <field name="image" type="java.lang.String" value="icon_compute_cluster.png"/>
            <field name="inactive" type="java.lang.Boolean" value="false"/>
            <field name="internalFlags" type="java.lang.Long" value="0"/>
            <field name="label" type="java.lang.String" value="VCEVblockSystemServices"/>
            <field name="lastUpdated" type="java.util.Date" value="Thu May 28 19:26:04 UTC 2015"/>
            <field name="opStatus" type="com.emc.storageos.db.client.model.OpStatusMap">
                <wrapper>
                    <opStatusMap/>
                </wrapper>
            </field>
            <field name="sortedIndex" type="java.lang.Integer" value="84"/>
            <field name="tenant" type="java.lang.String" value="urn:storageos:TenantOrg:e8cc450f-4bbe-4018-ba5c-e7f79f7e6932:global"/>
            <field name="title" type="java.lang.String" value="VCE Vblock System Services"/>
        </record>
        <record id="urn:storageos:CatalogCategory:493b84bc-7995-48c0-8b38-34891be0525d:vdc1">
            <readOnlyField>
                <field name="class" type="java.lang.Class" value="class com.emc.storageos.db.client.model.uimodels.CatalogCategory"/>
                <field name="id" type="java.net.URI" value="urn:storageos:CatalogCategory:493b84bc-7995-48c0-8b38-34891be0525d:vdc1"/>
            </readOnlyField>
            <field name="catalogCategoryId" type="com.emc.storageos.db.client.model.NamedURI" value="urn:storageos:CatalogCategory:924a0935-4c74-4078-992c-39a35efd2b31:vdc1:ServiceCatalog"/>
            <field name="creationTime" type="java.util.Calendar" value="java.util.GregorianCalendar[time=1432841163109,areFieldsSet=true,areAllFieldsSet=true,lenient=true,zone=sun.util.calendar.ZoneInfo[id=&quot;UTC&quot;,offset=0,dstSavings=0,useDaylight=false,transitions=0,lastRule=null],firstDayOfWeek=1,minimalDaysInFirstWeek=1,ERA=1,YEAR=2015,MONTH=4,WEEK_OF_YEAR=22,WEEK_OF_MONTH=5,DAY_OF_MONTH=28,DAY_OF_YEAR=148,DAY_OF_WEEK=5,DAY_OF_WEEK_IN_MONTH=4,AM_PM=1,HOUR=7,HOUR_OF_DAY=19,MINUTE=26,SECOND=3,MILLISECOND=109,ZONE_OFFSET=0,DST_OFFSET=0]"/>
            <field name="description" type="java.lang.String" value="Network attached storage services for Windows and Unix systems"/>
            <field name="image" type="java.lang.String" value="icon_folder.png"/>
            <field name="inactive" type="java.lang.Boolean" value="false"/>
            <field name="internalFlags" type="java.lang.Long" value="0"/>
            <field name="label" type="java.lang.String" value="FileStorageServices"/>
            <field name="lastUpdated" type="java.util.Date" value="Thu May 28 19:26:03 UTC 2015"/>
            <field name="opStatus" type="com.emc.storageos.db.client.model.OpStatusMap">
                <wrapper>
                    <opStatusMap/>
                </wrapper>
            </field>
            <field name="sortedIndex" type="java.lang.Integer" value="30"/>
            <field name="tenant" type="java.lang.String" value="urn:storageos:TenantOrg:e8cc450f-4bbe-4018-ba5c-e7f79f7e6932:global"/>
            <field name="title" type="java.lang.String" value="File Storage Services"/>
        </record>
        <record id="urn:storageos:CatalogCategory:801efa2a-37e5-4943-a6bb-61d7e7f50da3:vdc1">
            <readOnlyField>
                <field name="class" type="java.lang.Class" value="class com.emc.storageos.db.client.model.uimodels.CatalogCategory"/>
                <field name="id" type="java.net.URI" value="urn:storageos:CatalogCategory:801efa2a-37e5-4943-a6bb-61d7e7f50da3:vdc1"/>
            </readOnlyField>
            <field name="catalogCategoryId" type="com.emc.storageos.db.client.model.NamedURI" value="urn:storageos:CatalogCategory:924a0935-4c74-4078-992c-39a35efd2b31:vdc1:ServiceCatalog"/>
            <field name="creationTime" type="java.util.Calendar" value="java.util.GregorianCalendar[time=1432841162902,areFieldsSet=true,areAllFieldsSet=true,lenient=true,zone=sun.util.calendar.ZoneInfo[id=&quot;UTC&quot;,offset=0,dstSavings=0,useDaylight=false,transitions=0,lastRule=null],firstDayOfWeek=1,minimalDaysInFirstWeek=1,ERA=1,YEAR=2015,MONTH=4,WEEK_OF_YEAR=22,WEEK_OF_MONTH=5,DAY_OF_MONTH=28,DAY_OF_YEAR=148,DAY_OF_WEEK=5,DAY_OF_WEEK_IN_MONTH=4,AM_PM=1,HOUR=7,HOUR_OF_DAY=19,MINUTE=26,SECOND=2,MILLISECOND=902,ZONE_OFFSET=0,DST_OFFSET=0]"/>
            <field name="description" type="java.lang.String" value="Protection services for block storage"/>
            <field name="image" type="java.lang.String" value="Category_Block_Protection_Services.png"/>
            <field name="inactive" type="java.lang.Boolean" value="false"/>
            <field name="internalFlags" type="java.lang.Long" value="0"/>
            <field name="label" type="java.lang.String" value="BlockProtectionServices"/>
            <field name="lastUpdated" type="java.util.Date" value="Thu May 28 19:26:02 UTC 2015"/>
            <field name="opStatus" type="com.emc.storageos.db.client.model.OpStatusMap">
                <wrapper>
                    <opStatusMap/>
                </wrapper>
            </field>
            <field name="sortedIndex" type="java.lang.Integer" value="17"/>
            <field name="tenant" type="java.lang.String" value="urn:storageos:TenantOrg:e8cc450f-4bbe-4018-ba5c-e7f79f7e6932:global"/>
            <field name="title" type="java.lang.String" value="Block Protection Services"/>
        </record>
        <record id="urn:storageos:CatalogCategory:924a0935-4c74-4078-992c-39a35efd2b31:vdc1">
            <readOnlyField>
                <field name="class" type="java.lang.Class" value="class com.emc.storageos.db.client.model.uimodels.CatalogCategory"/>
                <field name="id" type="java.net.URI" value="urn:storageos:CatalogCategory:924a0935-4c74-4078-992c-39a35efd2b31:vdc1"/>
            </readOnlyField>
            <field name="catalogCategoryId" type="com.emc.storageos.db.client.model.NamedURI" value="urn:storageos:CatalogCategory:NONE::ServiceCatalog"/>
            <field name="creationTime" type="java.util.Calendar" value="java.util.GregorianCalendar[time=1432841162626,areFieldsSet=true,areAllFieldsSet=true,lenient=true,zone=sun.util.calendar.ZoneInfo[id=&quot;UTC&quot;,offset=0,dstSavings=0,useDaylight=false,transitions=0,lastRule=null],firstDayOfWeek=1,minimalDaysInFirstWeek=1,ERA=1,YEAR=2015,MONTH=4,WEEK_OF_YEAR=22,WEEK_OF_MONTH=5,DAY_OF_MONTH=28,DAY_OF_YEAR=148,DAY_OF_WEEK=5,DAY_OF_WEEK_IN_MONTH=4,AM_PM=1,HOUR=7,HOUR_OF_DAY=19,MINUTE=26,SECOND=2,MILLISECOND=626,ZONE_OFFSET=0,DST_OFFSET=0]"/>
            <field name="description" type="java.lang.String" value="Service Catalog"/>
            <field name="inactive" type="java.lang.Boolean" value="false"/>
            <field name="internalFlags" type="java.lang.Long" value="0"/>
            <field name="label" type="java.lang.String" value="ServiceCatalog"/>
            <field name="lastUpdated" type="java.util.Date" value="Thu May 28 19:26:02 UTC 2015"/>
            <field name="opStatus" type="com.emc.storageos.db.client.model.OpStatusMap">
                <wrapper>
                    <opStatusMap/>
                </wrapper>
            </field>
            <field name="sortedIndex" type="java.lang.Integer" value="1"/>
            <field name="tenant" type="java.lang.String" value="urn:storageos:TenantOrg:e8cc450f-4bbe-4018-ba5c-e7f79f7e6932:global"/>
            <field name="title" type="java.lang.String" value="Service Catalog"/>
            <field name="version" type="java.lang.String" value="dcb177c07464397d281eba8e5e34bd46b1bb25c3"/>
        </record>
        <record id="urn:storageos:CatalogCategory:7290faa8-5826-40a0-9f95-d2e78ae937eb:vdc1">
            <readOnlyField>
                <field name="class" type="java.lang.Class" value="class com.emc.storageos.db.client.model.uimodels.CatalogCategory"/>
                <field name="id" type="java.net.URI" value="urn:storageos:CatalogCategory:7290faa8-5826-40a0-9f95-d2e78ae937eb:vdc1"/>
            </readOnlyField>
            <field name="catalogCategoryId" type="com.emc.storageos.db.client.model.NamedURI" value="urn:storageos:CatalogCategory:924a0935-4c74-4078-992c-39a35efd2b31:vdc1:ServiceCatalog"/>
            <field name="creationTime" type="java.util.Calendar" value="java.util.GregorianCalendar[time=1432841163538,areFieldsSet=true,areAllFieldsSet=true,lenient=true,zone=sun.util.calendar.ZoneInfo[id=&quot;UTC&quot;,offset=0,dstSavings=0,useDaylight=false,transitions=0,lastRule=null],firstDayOfWeek=1,minimalDaysInFirstWeek=1,ERA=1,YEAR=2015,MONTH=4,WEEK_OF_YEAR=22,WEEK_OF_MONTH=5,DAY_OF_MONTH=28,DAY_OF_YEAR=148,DAY_OF_WEEK=5,DAY_OF_WEEK_IN_MONTH=4,AM_PM=1,HOUR=7,HOUR_OF_DAY=19,MINUTE=26,SECOND=3,MILLISECOND=538,ZONE_OFFSET=0,DST_OFFSET=0]"/>
            <field name="description" type="java.lang.String" value="Block storage services for Windows hosts"/>
            <field name="image" type="java.lang.String" value="icon_windowsServer.png"/>
            <field name="inactive" type="java.lang.Boolean" value="false"/>
            <field name="internalFlags" type="java.lang.Long" value="0"/>
            <field name="label" type="java.lang.String" value="BlockServicesforWindows"/>
            <field name="lastUpdated" type="java.util.Date" value="Thu May 28 19:26:03 UTC 2015"/>
            <field name="opStatus" type="com.emc.storageos.db.client.model.OpStatusMap">
                <wrapper>
                    <opStatusMap/>
                </wrapper>
            </field>
            <field name="sortedIndex" type="java.lang.Integer" value="58"/>
            <field name="tenant" type="java.lang.String" value="urn:storageos:TenantOrg:e8cc450f-4bbe-4018-ba5c-e7f79f7e6932:global"/>
            <field name="title" type="java.lang.String" value="Block Services for Windows"/>
        </record>
        <record id="urn:storageos:CatalogCategory:2e22bfcc-a127-4eb9-a5ee-762edc8869ce:vdc1">
            <readOnlyField>
                <field name="class" type="java.lang.Class" value="class com.emc.storageos.db.client.model.uimodels.CatalogCategory"/>
                <field name="id" type="java.net.URI" value="urn:storageos:CatalogCategory:2e22bfcc-a127-4eb9-a5ee-762edc8869ce:vdc1"/>
            </readOnlyField>
            <field name="catalogCategoryId" type="com.emc.storageos.db.client.model.NamedURI" value="urn:storageos:CatalogCategory:924a0935-4c74-4078-992c-39a35efd2b31:vdc1:ServiceCatalog"/>
            <field name="creationTime" type="java.util.Calendar" value="java.util.GregorianCalendar[time=1432841162638,areFieldsSet=true,areAllFieldsSet=true,lenient=true,zone=sun.util.calendar.ZoneInfo[id=&quot;UTC&quot;,offset=0,dstSavings=0,useDaylight=false,transitions=0,lastRule=null],firstDayOfWeek=1,minimalDaysInFirstWeek=1,ERA=1,YEAR=2015,MONTH=4,WEEK_OF_YEAR=22,WEEK_OF_MONTH=5,DAY_OF_MONTH=28,DAY_OF_YEAR=148,DAY_OF_WEEK=5,DAY_OF_WEEK_IN_MONTH=4,AM_PM=1,HOUR=7,HOUR_OF_DAY=19,MINUTE=26,SECOND=2,MILLISECOND=638,ZONE_OFFSET=0,DST_OFFSET=0]"/>
            <field name="description" type="java.lang.String" value="Block storage services for fibre channel and iSCSI"/>
            <field name="image" type="java.lang.String" value="icon_host.png"/>
            <field name="inactive" type="java.lang.Boolean" value="false"/>
            <field name="internalFlags" type="java.lang.Long" value="0"/>
            <field name="label" type="java.lang.String" value="BlockStorageServices"/>
            <field name="lastUpdated" type="java.util.Date" value="Thu May 28 19:26:02 UTC 2015"/>
            <field name="opStatus" type="com.emc.storageos.db.client.model.OpStatusMap">
                <wrapper>
                    <opStatusMap/>
                </wrapper>
            </field>
            <field name="sortedIndex" type="java.lang.Integer" value="2"/>
            <field name="tenant" type="java.lang.String" value="urn:storageos:TenantOrg:e8cc450f-4bbe-4018-ba5c-e7f79f7e6932:global"/>
            <field name="title" type="java.lang.String" value="Block Storage Services"/>
        </record>
        <record id="urn:storageos:CatalogCategory:5834bfdc-7f9d-4bd5-ade7-9b25eb2f3720:vdc1">
            <readOnlyField>
                <field name="class" type="java.lang.Class" value="class com.emc.storageos.db.client.model.uimodels.CatalogCategory"/>
                <field name="id" type="java.net.URI" value="urn:storageos:CatalogCategory:5834bfdc-7f9d-4bd5-ade7-9b25eb2f3720:vdc1"/>
            </readOnlyField>
            <field name="catalogCategoryId" type="com.emc.storageos.db.client.model.NamedURI" value="urn:storageos:CatalogCategory:801efa2a-37e5-4943-a6bb-61d7e7f50da3:vdc1:BlockProtectionServices"/>
            <field name="creationTime" type="java.util.Calendar" value="java.util.GregorianCalendar[time=1449156346023,areFieldsSet=true,areAllFieldsSet=true,lenient=true,zone=sun.util.calendar.ZoneInfo[id=&quot;UTC&quot;,offset=0,dstSavings=0,useDaylight=false,transitions=0,lastRule=null],firstDayOfWeek=1,minimalDaysInFirstWeek=1,ERA=1,YEAR=2015,MONTH=11,WEEK_OF_YEAR=49,WEEK_OF_MONTH=1,DAY_OF_MONTH=3,DAY_OF_YEAR=337,DAY_OF_WEEK=5,DAY_OF_WEEK_IN_MONTH=1,AM_PM=1,HOUR=3,HOUR_OF_DAY=15,MINUTE=25,SECOND=46,MILLISECOND=23,ZONE_OFFSET=0,DST_OFFSET=0]"/>
            <field name="description" type="java.lang.String" value="Snapshot Services"/>
            <field name="image" type="java.lang.String" value="Snapshot.png"/>
            <field name="inactive" type="java.lang.Boolean" value="false"/>
            <field name="internalFlags" type="java.lang.Long" value="0"/>
            <field name="label" type="java.lang.String" value="SnapshotServices"/>
            <field name="lastUpdated" type="java.util.Date" value="Thu Dec 03 15:25:46 UTC 2015"/>
            <field name="opStatus" type="com.emc.storageos.db.client.model.OpStatusMap">
                <wrapper>
                    <opStatusMap/>
                </wrapper>
            </field>
            <field name="sortedIndex" type="java.lang.Integer" value="1"/>
            <field name="tenant" type="java.lang.String" value="urn:storageos:TenantOrg:e8cc450f-4bbe-4018-ba5c-e7f79f7e6932:global"/>
            <field name="title" type="java.lang.String" value="Snapshot Services"/>
        </record>
        <record id="urn:storageos:CatalogCategory:8f1ce4af-4a41-46ba-beae-7a45fd8e6a85:vdc1">
            <readOnlyField>
                <field name="class" type="java.lang.Class" value="class com.emc.storageos.db.client.model.uimodels.CatalogCategory"/>
                <field name="id" type="java.net.URI" value="urn:storageos:CatalogCategory:8f1ce4af-4a41-46ba-beae-7a45fd8e6a85:vdc1"/>
            </readOnlyField>
            <field name="catalogCategoryId" type="com.emc.storageos.db.client.model.NamedURI" value="urn:storageos:CatalogCategory:924a0935-4c74-4078-992c-39a35efd2b31:vdc1:ServiceCatalog"/>
            <field name="creationTime" type="java.util.Calendar" value="java.util.GregorianCalendar[time=1432841163316,areFieldsSet=true,areAllFieldsSet=true,lenient=true,zone=sun.util.calendar.ZoneInfo[id=&quot;UTC&quot;,offset=0,dstSavings=0,useDaylight=false,transitions=0,lastRule=null],firstDayOfWeek=1,minimalDaysInFirstWeek=1,ERA=1,YEAR=2015,MONTH=4,WEEK_OF_YEAR=22,WEEK_OF_MONTH=5,DAY_OF_MONTH=28,DAY_OF_YEAR=148,DAY_OF_WEEK=5,DAY_OF_WEEK_IN_MONTH=4,AM_PM=1,HOUR=7,HOUR_OF_DAY=19,MINUTE=26,SECOND=3,MILLISECOND=316,ZONE_OFFSET=0,DST_OFFSET=0]"/>
            <field name="description" type="java.lang.String" value="Protection services for network attached storage"/>
            <field name="image" type="java.lang.String" value="Category_File_Protection_Services.png"/>
            <field name="inactive" type="java.lang.Boolean" value="false"/>
            <field name="internalFlags" type="java.lang.Long" value="0"/>
            <field name="label" type="java.lang.String" value="FileProtectionServices"/>
            <field name="lastUpdated" type="java.util.Date" value="Thu May 28 19:26:03 UTC 2015"/>
            <field name="opStatus" type="com.emc.storageos.db.client.model.OpStatusMap">
                <wrapper>
                    <opStatusMap/>
                </wrapper>
            </field>
            <field name="sortedIndex" type="java.lang.Integer" value="44"/>
            <field name="tenant" type="java.lang.String" value="urn:storageos:TenantOrg:e8cc450f-4bbe-4018-ba5c-e7f79f7e6932:global"/>
            <field name="title" type="java.lang.String" value="File Protection Services"/>
        </record>
        <record id="urn:storageos:CatalogCategory:6af391b4-9f84-404f-a785-c5259151a501:vdc1">
            <readOnlyField>
                <field name="class" type="java.lang.Class" value="class com.emc.storageos.db.client.model.uimodels.CatalogCategory"/>
                <field name="id" type="java.net.URI" value="urn:storageos:CatalogCategory:6af391b4-9f84-404f-a785-c5259151a501:vdc1"/>
            </readOnlyField>
            <field name="catalogCategoryId" type="com.emc.storageos.db.client.model.NamedURI" value="urn:storageos:CatalogCategory:924a0935-4c74-4078-992c-39a35efd2b31:vdc1:ServiceCatalog"/>
            <field name="creationTime" type="java.util.Calendar" value="java.util.GregorianCalendar[time=1432841163417,areFieldsSet=true,areAllFieldsSet=true,lenient=true,zone=sun.util.calendar.ZoneInfo[id=&quot;UTC&quot;,offset=0,dstSavings=0,useDaylight=false,transitions=0,lastRule=null],firstDayOfWeek=1,minimalDaysInFirstWeek=1,ERA=1,YEAR=2015,MONTH=4,WEEK_OF_YEAR=22,WEEK_OF_MONTH=5,DAY_OF_MONTH=28,DAY_OF_YEAR=148,DAY_OF_WEEK=5,DAY_OF_WEEK_IN_MONTH=4,AM_PM=1,HOUR=7,HOUR_OF_DAY=19,MINUTE=26,SECOND=3,MILLISECOND=417,ZONE_OFFSET=0,DST_OFFSET=0]"/>
            <field name="description" type="java.lang.String" value="Block storage services for Linux hosts"/>
            <field name="image" type="java.lang.String" value="icon_linux.png"/>
            <field name="inactive" type="java.lang.Boolean" value="false"/>
            <field name="internalFlags" type="java.lang.Long" value="0"/>
            <field name="label" type="java.lang.String" value="BlockServicesforLinux"/>
            <field name="lastUpdated" type="java.util.Date" value="Thu May 28 19:26:03 UTC 2015"/>
            <field name="opStatus" type="com.emc.storageos.db.client.model.OpStatusMap">
                <wrapper>
                    <opStatusMap/>
                </wrapper>
            </field>
            <field name="sortedIndex" type="java.lang.Integer" value="52"/>
            <field name="tenant" type="java.lang.String" value="urn:storageos:TenantOrg:e8cc450f-4bbe-4018-ba5c-e7f79f7e6932:global"/>
            <field name="title" type="java.lang.String" value="Block Services for Linux"/>
        </record>
        <record id="urn:storageos:CatalogCategory:07a13584-bca9-4452-a165-0c6bacfb5a0b:vdc1">
            <readOnlyField>
                <field name="class" type="java.lang.Class" value="class com.emc.storageos.db.client.model.uimodels.CatalogCategory"/>
                <field name="id" type="java.net.URI" value="urn:storageos:CatalogCategory:07a13584-bca9-4452-a165-0c6bacfb5a0b:vdc1"/>
            </readOnlyField>
            <field name="catalogCategoryId" type="com.emc.storageos.db.client.model.NamedURI" value="urn:storageos:CatalogCategory:924a0935-4c74-4078-992c-39a35efd2b31:vdc1:ServiceCatalog"/>
            <field name="creationTime" type="java.util.Calendar" value="java.util.GregorianCalendar[time=1432841163772,areFieldsSet=true,areAllFieldsSet=true,lenient=true,zone=sun.util.calendar.ZoneInfo[id=&quot;UTC&quot;,offset=0,dstSavings=0,useDaylight=false,transitions=0,lastRule=null],firstDayOfWeek=1,minimalDaysInFirstWeek=1,ERA=1,YEAR=2015,MONTH=4,WEEK_OF_YEAR=22,WEEK_OF_MONTH=5,DAY_OF_MONTH=28,DAY_OF_YEAR=148,DAY_OF_WEEK=5,DAY_OF_WEEK_IN_MONTH=4,AM_PM=1,HOUR=7,HOUR_OF_DAY=19,MINUTE=26,SECOND=3,MILLISECOND=772,ZONE_OFFSET=0,DST_OFFSET=0]"/>
            <field name="description" type="java.lang.String" value="Block storage services for VMware vCenter/ESX Environments"/>
            <field name="image" type="java.lang.String" value="icon_VMware.png"/>
            <field name="inactive" type="java.lang.Boolean" value="false"/>
            <field name="internalFlags" type="java.lang.Long" value="0"/>
            <field name="label" type="java.lang.String" value="BlockServicesforVMwarevCenter"/>
            <field name="lastUpdated" type="java.util.Date" value="Thu May 28 19:26:03 UTC 2015"/>
            <field name="opStatus" type="com.emc.storageos.db.client.model.OpStatusMap">
                <wrapper>
                    <opStatusMap/>
                </wrapper>
            </field>
            <field name="sortedIndex" type="java.lang.Integer" value="69"/>
            <field name="tenant" type="java.lang.String" value="urn:storageos:TenantOrg:e8cc450f-4bbe-4018-ba5c-e7f79f7e6932:global"/>
            <field name="title" type="java.lang.String" value="Block Services for VMware vCenter"/>
        </record>
    </data_object_schema>
</dbschemas>
