<?xml version="1.0" encoding="utf-8" standalone="no"?>
<dbschemas>
    <data_object_schema name="CatalogServiceField">
        <record id="urn:storageos:CatalogServiceField:3da15f79-1390-4ea8-a758-953b876f9403:vdc1">
            <readOnlyField>
                <field name="class" type="java.lang.Class" value="class com.emc.storageos.db.client.model.uimodels.CatalogServiceField"/>
                <field name="id" type="java.net.URI" value="urn:storageos:CatalogServiceField:3da15f79-1390-4ea8-a758-953b876f9403:vdc1"/>
            </readOnlyField>
            <field name="catalogServiceId" type="com.emc.storageos.db.client.model.NamedURI" value="urn:storageos:CatalogService:5319766c-2eb2-4cd0-bf4a-345fca51a6b5:vdc1:"/>
            <field name="creationTime" type="java.util.Calendar" value="java.util.GregorianCalendar[time=1435181350184,areFieldsSet=true,areAllFieldsSet=true,lenient=true,zone=sun.util.calendar.ZoneInfo[id=&quot;UTC&quot;,offset=0,dstSavings=0,useDaylight=false,transitions=0,lastRule=null],firstDayOfWeek=1,minimalDaysInFirstWeek=1,ERA=1,YEAR=2015,MONTH=5,WEEK_OF_YEAR=26,WEEK_OF_MONTH=4,DAY_OF_MONTH=24,DAY_OF_YEAR=175,DAY_OF_WEEK=4,DAY_OF_WEEK_IN_MONTH=4,AM_PM=1,HOUR=9,HOUR_OF_DAY=21,MINUTE=29,SECOND=10,MILLISECOND=184,ZONE_OFFSET=0,DST_OFFSET=0]"/>
            <field name="inactive" type="java.lang.Boolean" value="false"/>
            <field name="internalFlags" type="java.lang.Long" value="0"/>
            <field name="label" type="java.lang.String" value="virtualPool"/>
            <field name="lastUpdated" type="java.util.Date" value="Wed Jun 24 21:29:10 UTC 2015"/>
            <field name="opStatus" type="com.emc.storageos.db.client.model.OpStatusMap">
                <wrapper>
                    <opStatusMap/>
                </wrapper>
            </field>
            <field name="override" type="java.lang.Boolean" value="true"/>
            <field name="sortedIndex" type="java.lang.Integer" value="3"/>
            <field name="value" type="java.lang.String" value="urn:storageos:VirtualPool:113b1190-30ed-4df9-bd3a-53d4603fccce:vdc1"/>
        </record>
        <record id="urn:storageos:CatalogServiceField:a4c2019c-6714-4f8f-966c-c24e37303049:vdc1">
            <readOnlyField>
                <field name="class" type="java.lang.Class" value="class com.emc.storageos.db.client.model.uimodels.CatalogServiceField"/>
                <field name="id" type="java.net.URI" value="urn:storageos:CatalogServiceField:a4c2019c-6714-4f8f-966c-c24e37303049:vdc1"/>
            </readOnlyField>
            <field name="catalogServiceId" type="com.emc.storageos.db.client.model.NamedURI" value="urn:storageos:CatalogService:d3837d40-5133-4b2f-8644-84af7cb93f10:vdc1:CreateAndMountBlockVolume"/>
            <field name="creationTime" type="java.util.Calendar" value="java.util.GregorianCalendar[time=1432841163472,areFieldsSet=true,areAllFieldsSet=true,lenient=true,zone=sun.util.calendar.ZoneInfo[id=&quot;UTC&quot;,offset=0,dstSavings=0,useDaylight=false,transitions=0,lastRule=null],firstDayOfWeek=1,minimalDaysInFirstWeek=1,ERA=1,YEAR=2015,MONTH=4,WEEK_OF_YEAR=22,WEEK_OF_MONTH=5,DAY_OF_MONTH=28,DAY_OF_YEAR=148,DAY_OF_WEEK=5,DAY_OF_WEEK_IN_MONTH=4,AM_PM=1,HOUR=7,HOUR_OF_DAY=19,MINUTE=26,SECOND=3,MILLISECOND=472,ZONE_OFFSET=0,DST_OFFSET=0]"/>
            <field name="inactive" type="java.lang.Boolean" value="false"/>
            <field name="internalFlags" type="java.lang.Long" value="0"/>
            <field name="label" type="java.lang.String" value="hlu"/>
            <field name="lastUpdated" type="java.util.Date" value="Thu May 28 19:26:03 UTC 2015"/>
            <field name="opStatus" type="com.emc.storageos.db.client.model.OpStatusMap">
                <wrapper>
                    <opStatusMap/>
                </wrapper>
            </field>
            <field name="override" type="java.lang.Boolean" value="true"/>
            <field name="value" type="java.lang.String" value="-1"/>
        </record>
        <record id="urn:storageos:CatalogServiceField:5a21a0b3-2418-4310-97a7-4dd889059ae6:vdc1">
            <readOnlyField>
                <field name="class" type="java.lang.Class" value="class com.emc.storageos.db.client.model.uimodels.CatalogServiceField"/>
                <field name="id" type="java.net.URI" value="urn:storageos:CatalogServiceField:5a21a0b3-2418-4310-97a7-4dd889059ae6:vdc1"/>
            </readOnlyField>
            <field name="catalogServiceId" type="com.emc.storageos.db.client.model.NamedURI" value="urn:storageos:CatalogService:fee14428-63b4-4df8-9f6c-8657644268d6:vdc1:CreateAndMountBlockVolume"/>
            <field name="creationTime" type="java.util.Calendar" value="java.util.GregorianCalendar[time=1432841163709,areFieldsSet=true,areAllFieldsSet=true,lenient=true,zone=sun.util.calendar.ZoneInfo[id=&quot;UTC&quot;,offset=0,dstSavings=0,useDaylight=false,transitions=0,lastRule=null],firstDayOfWeek=1,minimalDaysInFirstWeek=1,ERA=1,YEAR=2015,MONTH=4,WEEK_OF_YEAR=22,WEEK_OF_MONTH=5,DAY_OF_MONTH=28,DAY_OF_YEAR=148,DAY_OF_WEEK=5,DAY_OF_WEEK_IN_MONTH=4,AM_PM=1,HOUR=7,HOUR_OF_DAY=19,MINUTE=26,SECOND=3,MILLISECOND=709,ZONE_OFFSET=0,DST_OFFSET=0]"/>
            <field name="inactive" type="java.lang.Boolean" value="false"/>
            <field name="internalFlags" type="java.lang.Long" value="0"/>
            <field name="label" type="java.lang.String" value="hlu"/>
            <field name="lastUpdated" type="java.util.Date" value="Thu May 28 19:26:03 UTC 2015"/>
            <field name="opStatus" type="com.emc.storageos.db.client.model.OpStatusMap">
                <wrapper>
                    <opStatusMap/>
                </wrapper>
            </field>
            <field name="override" type="java.lang.Boolean" value="true"/>
            <field name="value" type="java.lang.String" value="-1"/>
        </record>
        <record id="urn:storageos:CatalogServiceField:91d4c5d3-20da-407b-862a-b88f92b6067f:vdc1">
            <readOnlyField>
                <field name="class" type="java.lang.Class" value="class com.emc.storageos.db.client.model.uimodels.CatalogServiceField"/>
                <field name="id" type="java.net.URI" value="urn:storageos:CatalogServiceField:91d4c5d3-20da-407b-862a-b88f92b6067f:vdc1"/>
            </readOnlyField>
            <field name="catalogServiceId" type="com.emc.storageos.db.client.model.NamedURI" value="urn:storageos:CatalogService:d4989d99-061a-4b26-b2b2-f11a12850abf:vdc1:CreateandMountVolume"/>
            <field name="creationTime" type="java.util.Calendar" value="java.util.GregorianCalendar[time=1434118119170,areFieldsSet=true,areAllFieldsSet=true,lenient=true,zone=sun.util.calendar.ZoneInfo[id=&quot;UTC&quot;,offset=0,dstSavings=0,useDaylight=false,transitions=0,lastRule=null],firstDayOfWeek=1,minimalDaysInFirstWeek=1,ERA=1,YEAR=2015,MONTH=5,WEEK_OF_YEAR=24,WEEK_OF_MONTH=2,DAY_OF_MONTH=12,DAY_OF_YEAR=163,DAY_OF_WEEK=6,DAY_OF_WEEK_IN_MONTH=2,AM_PM=1,HOUR=2,HOUR_OF_DAY=14,MINUTE=8,SECOND=39,MILLISECOND=170,ZONE_OFFSET=0,DST_OFFSET=0]"/>
            <field name="inactive" type="java.lang.Boolean" value="false"/>
            <field name="internalFlags" type="java.lang.Long" value="0"/>
            <field name="label" type="java.lang.String" value="label"/>
            <field name="lastUpdated" type="java.util.Date" value="Fri Jun 12 14:08:39 UTC 2015"/>
            <field name="opStatus" type="com.emc.storageos.db.client.model.OpStatusMap">
                <wrapper>
                    <opStatusMap/>
                </wrapper>
            </field>
            <field name="override" type="java.lang.Boolean" value="false"/>
            <field name="sortedIndex" type="java.lang.Integer" value="6"/>
        </record>
        <record id="urn:storageos:CatalogServiceField:6728e370-a35f-4c59-b367-4a1de2998220:vdc1">
            <readOnlyField>
                <field name="class" type="java.lang.Class" value="class com.emc.storageos.db.client.model.uimodels.CatalogServiceField"/>
                <field name="id" type="java.net.URI" value="urn:storageos:CatalogServiceField:6728e370-a35f-4c59-b367-4a1de2998220:vdc1"/>
            </readOnlyField>
            <field name="catalogServiceId" type="com.emc.storageos.db.client.model.NamedURI" value="urn:storageos:CatalogService:259be5b0-b007-4c72-b93d-80003716a1ae:vdc1:RestoreBlockSnapshot"/>
            <field name="creationTime" type="java.util.Calendar" value="java.util.GregorianCalendar[time=1449156449636,areFieldsSet=true,areAllFieldsSet=true,lenient=true,zone=sun.util.calendar.ZoneInfo[id=&quot;UTC&quot;,offset=0,dstSavings=0,useDaylight=false,transitions=0,lastRule=null],firstDayOfWeek=1,minimalDaysInFirstWeek=1,ERA=1,YEAR=2015,MONTH=11,WEEK_OF_YEAR=49,WEEK_OF_MONTH=1,DAY_OF_MONTH=3,DAY_OF_YEAR=337,DAY_OF_WEEK=5,DAY_OF_WEEK_IN_MONTH=1,AM_PM=1,HOUR=3,HOUR_OF_DAY=15,MINUTE=27,SECOND=29,MILLISECOND=636,ZONE_OFFSET=0,DST_OFFSET=0]"/>
            <field name="inactive" type="java.lang.Boolean" value="false"/>
            <field name="internalFlags" type="java.lang.Long" value="0"/>
            <field name="label" type="java.lang.String" value="storageType"/>
            <field name="lastUpdated" type="java.util.Date" value="Thu Dec 03 15:27:29 UTC 2015"/>
            <field name="opStatus" type="com.emc.storageos.db.client.model.OpStatusMap">
                <wrapper>
                    <opStatusMap/>
                </wrapper>
            </field>
            <field name="override" type="java.lang.Boolean" value="false"/>
            <field name="sortedIndex" type="java.lang.Integer" value="2"/>
        </record>
        <record id="urn:storageos:CatalogServiceField:25565516-d261-4111-9bc6-d28767637cc6:vdc1">
            <readOnlyField>
                <field name="class" type="java.lang.Class" value="class com.emc.storageos.db.client.model.uimodels.CatalogServiceField"/>
                <field name="id" type="java.net.URI" value="urn:storageos:CatalogServiceField:25565516-d261-4111-9bc6-d28767637cc6:vdc1"/>
            </readOnlyField>
            <field name="catalogServiceId" type="com.emc.storageos.db.client.model.NamedURI" value="urn:storageos:CatalogService:259be5b0-b007-4c72-b93d-80003716a1ae:vdc1:RestoreBlockSnapshot"/>
            <field name="creationTime" type="java.util.Calendar" value="java.util.GregorianCalendar[time=1449156449618,areFieldsSet=true,areAllFieldsSet=true,lenient=true,zone=sun.util.calendar.ZoneInfo[id=&quot;UTC&quot;,offset=0,dstSavings=0,useDaylight=false,transitions=0,lastRule=null],firstDayOfWeek=1,minimalDaysInFirstWeek=1,ERA=1,YEAR=2015,MONTH=11,WEEK_OF_YEAR=49,WEEK_OF_MONTH=1,DAY_OF_MONTH=3,DAY_OF_YEAR=337,DAY_OF_WEEK=5,DAY_OF_WEEK_IN_MONTH=1,AM_PM=1,HOUR=3,HOUR_OF_DAY=15,MINUTE=27,SECOND=29,MILLISECOND=618,ZONE_OFFSET=0,DST_OFFSET=0]"/>
            <field name="inactive" type="java.lang.Boolean" value="false"/>
            <field name="internalFlags" type="java.lang.Long" value="0"/>
            <field name="label" type="java.lang.String" value="project"/>
            <field name="lastUpdated" type="java.util.Date" value="Thu Dec 03 15:27:29 UTC 2015"/>
            <field name="opStatus" type="com.emc.storageos.db.client.model.OpStatusMap">
                <wrapper>
                    <opStatusMap/>
                </wrapper>
            </field>
            <field name="override" type="java.lang.Boolean" value="false"/>
            <field name="sortedIndex" type="java.lang.Integer" value="1"/>
        </record>
        <record id="urn:storageos:CatalogServiceField:2a8870ac-8f83-49ff-87fb-ed7861db71a6:vdc1">
            <readOnlyField>
                <field name="class" type="java.lang.Class" value="class com.emc.storageos.db.client.model.uimodels.CatalogServiceField"/>
                <field name="id" type="java.net.URI" value="urn:storageos:CatalogServiceField:2a8870ac-8f83-49ff-87fb-ed7861db71a6:vdc1"/>
            </readOnlyField>
            <field name="catalogServiceId" type="com.emc.storageos.db.client.model.NamedURI" value="urn:storageos:CatalogService:d4989d99-061a-4b26-b2b2-f11a12850abf:vdc1:CreateandMountVolume"/>
            <field name="creationTime" type="java.util.Calendar" value="java.util.GregorianCalendar[time=1432841163569,areFieldsSet=true,areAllFieldsSet=true,lenient=true,zone=sun.util.calendar.ZoneInfo[id=&quot;UTC&quot;,offset=0,dstSavings=0,useDaylight=false,transitions=0,lastRule=null],firstDayOfWeek=1,minimalDaysInFirstWeek=1,ERA=1,YEAR=2015,MONTH=4,WEEK_OF_YEAR=22,WEEK_OF_MONTH=5,DAY_OF_MONTH=28,DAY_OF_YEAR=148,DAY_OF_WEEK=5,DAY_OF_WEEK_IN_MONTH=4,AM_PM=1,HOUR=7,HOUR_OF_DAY=19,MINUTE=26,SECOND=3,MILLISECOND=569,ZONE_OFFSET=0,DST_OFFSET=0]"/>
            <field name="inactive" type="java.lang.Boolean" value="false"/>
            <field name="internalFlags" type="java.lang.Long" value="0"/>
            <field name="label" type="java.lang.String" value="hlu"/>
            <field name="lastUpdated" type="java.util.Date" value="Fri Jun 12 14:08:39 UTC 2015"/>
            <field name="opStatus" type="com.emc.storageos.db.client.model.OpStatusMap">
                <wrapper>
                    <opStatusMap/>
                </wrapper>
            </field>
            <field name="override" type="java.lang.Boolean" value="true"/>
            <field name="sortedIndex" type="java.lang.Integer" value="5"/>
            <field name="value" type="java.lang.String" value="-1"/>
        </record>
        <record id="urn:storageos:CatalogServiceField:1ba15986-4519-4f48-ad3e-7b7dbea96553:vdc1">
            <readOnlyField>
                <field name="class" type="java.lang.Class" value="class com.emc.storageos.db.client.model.uimodels.CatalogServiceField"/>
                <field name="id" type="java.net.URI" value="urn:storageos:CatalogServiceField:1ba15986-4519-4f48-ad3e-7b7dbea96553:vdc1"/>
            </readOnlyField>
            <field name="catalogServiceId" type="com.emc.storageos.db.client.model.NamedURI" value="urn:storageos:CatalogService:cb849517-3cf1-48e8-9016-3d08be9ac87a:vdc1:MountVolumeonWindows"/>
            <field name="creationTime" type="java.util.Calendar" value="java.util.GregorianCalendar[time=1432841163628,areFieldsSet=true,areAllFieldsSet=true,lenient=true,zone=sun.util.calendar.ZoneInfo[id=&quot;UTC&quot;,offset=0,dstSavings=0,useDaylight=false,transitions=0,lastRule=null],firstDayOfWeek=1,minimalDaysInFirstWeek=1,ERA=1,YEAR=2015,MONTH=4,WEEK_OF_YEAR=22,WEEK_OF_MONTH=5,DAY_OF_MONTH=28,DAY_OF_YEAR=148,DAY_OF_WEEK=5,DAY_OF_WEEK_IN_MONTH=4,AM_PM=1,HOUR=7,HOUR_OF_DAY=19,MINUTE=26,SECOND=3,MILLISECOND=628,ZONE_OFFSET=0,DST_OFFSET=0]"/>
            <field name="inactive" type="java.lang.Boolean" value="false"/>
            <field name="internalFlags" type="java.lang.Long" value="0"/>
            <field name="label" type="java.lang.String" value="blockSize"/>
            <field name="lastUpdated" type="java.util.Date" value="Thu May 28 19:26:03 UTC 2015"/>
            <field name="opStatus" type="com.emc.storageos.db.client.model.OpStatusMap">
                <wrapper>
                    <opStatusMap/>
                </wrapper>
            </field>
            <field name="override" type="java.lang.Boolean" value="true"/>
            <field name="value" type="java.lang.String" value="DEFAULT"/>
        </record>
        <record id="urn:storageos:CatalogServiceField:107fa464-78d6-45e2-bcb1-c94dbb93ef23:vdc1">
            <readOnlyField>
                <field name="class" type="java.lang.Class" value="class com.emc.storageos.db.client.model.uimodels.CatalogServiceField"/>
                <field name="id" type="java.net.URI" value="urn:storageos:CatalogServiceField:107fa464-78d6-45e2-bcb1-c94dbb93ef23:vdc1"/>
            </readOnlyField>
            <field name="catalogServiceId" type="com.emc.storageos.db.client.model.NamedURI" value="urn:storageos:CatalogService:b5d389f1-05dc-4d5e-9340-d28ef88dc589:vdc1:CreateVolumeandDatastore"/>
            <field name="creationTime" type="java.util.Calendar" value="java.util.GregorianCalendar[time=1432841163809,areFieldsSet=true,areAllFieldsSet=true,lenient=true,zone=sun.util.calendar.ZoneInfo[id=&quot;UTC&quot;,offset=0,dstSavings=0,useDaylight=false,transitions=0,lastRule=null],firstDayOfWeek=1,minimalDaysInFirstWeek=1,ERA=1,YEAR=2015,MONTH=4,WEEK_OF_YEAR=22,WEEK_OF_MONTH=5,DAY_OF_MONTH=28,DAY_OF_YEAR=148,DAY_OF_WEEK=5,DAY_OF_WEEK_IN_MONTH=4,AM_PM=1,HOUR=7,HOUR_OF_DAY=19,MINUTE=26,SECOND=3,MILLISECOND=809,ZONE_OFFSET=0,DST_OFFSET=0]"/>
            <field name="inactive" type="java.lang.Boolean" value="false"/>
            <field name="internalFlags" type="java.lang.Long" value="0"/>
            <field name="label" type="java.lang.String" value="hlu"/>
            <field name="lastUpdated" type="java.util.Date" value="Thu May 28 19:26:03 UTC 2015"/>
            <field name="opStatus" type="com.emc.storageos.db.client.model.OpStatusMap">
                <wrapper>
                    <opStatusMap/>
                </wrapper>
            </field>
            <field name="override" type="java.lang.Boolean" value="true"/>
            <field name="value" type="java.lang.String" value="-1"/>
        </record>
        <record id="urn:storageos:CatalogServiceField:88f1fd1b-fd9b-4574-9d5b-de4fc9d45ec8:vdc1">
            <readOnlyField>
                <field name="class" type="java.lang.Class" value="class com.emc.storageos.db.client.model.uimodels.CatalogServiceField"/>
                <field name="id" type="java.net.URI" value="urn:storageos:CatalogServiceField:88f1fd1b-fd9b-4574-9d5b-de4fc9d45ec8:vdc1"/>
            </readOnlyField>
            <field name="catalogServiceId" type="com.emc.storageos.db.client.model.NamedURI" value="urn:storageos:CatalogService:d4989d99-061a-4b26-b2b2-f11a12850abf:vdc1:CreateandMountVolume"/>
            <field name="creationTime" type="java.util.Calendar" value="java.util.GregorianCalendar[time=1434118119134,areFieldsSet=true,areAllFieldsSet=true,lenient=true,zone=sun.util.calendar.ZoneInfo[id=&quot;UTC&quot;,offset=0,dstSavings=0,useDaylight=false,transitions=0,lastRule=null],firstDayOfWeek=1,minimalDaysInFirstWeek=1,ERA=1,YEAR=2015,MONTH=5,WEEK_OF_YEAR=24,WEEK_OF_MONTH=2,DAY_OF_MONTH=12,DAY_OF_YEAR=163,DAY_OF_WEEK=6,DAY_OF_WEEK_IN_MONTH=2,AM_PM=1,HOUR=2,HOUR_OF_DAY=14,MINUTE=8,SECOND=39,MILLISECOND=134,ZONE_OFFSET=0,DST_OFFSET=0]"/>
            <field name="inactive" type="java.lang.Boolean" value="false"/>
            <field name="internalFlags" type="java.lang.Long" value="0"/>
            <field name="label" type="java.lang.String" value="fileSystemType"/>
            <field name="lastUpdated" type="java.util.Date" value="Fri Jun 12 14:08:39 UTC 2015"/>
            <field name="opStatus" type="com.emc.storageos.db.client.model.OpStatusMap">
                <wrapper>
                    <opStatusMap/>
                </wrapper>
            </field>
            <field name="override" type="java.lang.Boolean" value="false"/>
            <field name="sortedIndex" type="java.lang.Integer" value="4"/>
        </record>
        <record id="urn:storageos:CatalogServiceField:5c91cb74-2d76-49d2-87d0-215312a2345e:vdc1">
            <readOnlyField>
                <field name="class" type="java.lang.Class" value="class com.emc.storageos.db.client.model.uimodels.CatalogServiceField"/>
                <field name="id" type="java.net.URI" value="urn:storageos:CatalogServiceField:5c91cb74-2d76-49d2-87d0-215312a2345e:vdc1"/>
            </readOnlyField>
            <field name="catalogServiceId" type="com.emc.storageos.db.client.model.NamedURI" value="urn:storageos:CatalogService:5319766c-2eb2-4cd0-bf4a-345fca51a6b5:vdc1:"/>
            <field name="creationTime" type="java.util.Calendar" value="java.util.GregorianCalendar[time=1435181349959,areFieldsSet=true,areAllFieldsSet=true,lenient=true,zone=sun.util.calendar.ZoneInfo[id=&quot;UTC&quot;,offset=0,dstSavings=0,useDaylight=false,transitions=0,lastRule=null],firstDayOfWeek=1,minimalDaysInFirstWeek=1,ERA=1,YEAR=2015,MONTH=5,WEEK_OF_YEAR=26,WEEK_OF_MONTH=4,DAY_OF_MONTH=24,DAY_OF_YEAR=175,DAY_OF_WEEK=4,DAY_OF_WEEK_IN_MONTH=4,AM_PM=1,HOUR=9,HOUR_OF_DAY=21,MINUTE=29,SECOND=9,MILLISECOND=959,ZONE_OFFSET=0,DST_OFFSET=0]"/>
            <field name="inactive" type="java.lang.Boolean" value="false"/>
            <field name="internalFlags" type="java.lang.Long" value="0"/>
            <field name="label" type="java.lang.String" value="blockStorageType"/>
            <field name="lastUpdated" type="java.util.Date" value="Wed Jun 24 21:29:09 UTC 2015"/>
            <field name="opStatus" type="com.emc.storageos.db.client.model.OpStatusMap">
                <wrapper>
                    <opStatusMap/>
                </wrapper>
            </field>
            <field name="override" type="java.lang.Boolean" value="false"/>
            <field name="sortedIndex" type="java.lang.Integer" value="1"/>
        </record>
        <record id="urn:storageos:CatalogServiceField:0110860d-e5d6-429d-aa93-8c26bb2a388b:vdc1">
            <readOnlyField>
                <field name="class" type="java.lang.Class" value="class com.emc.storageos.db.client.model.uimodels.CatalogServiceField"/>
                <field name="id" type="java.net.URI" value="urn:storageos:CatalogServiceField:0110860d-e5d6-429d-aa93-8c26bb2a388b:vdc1"/>
            </readOnlyField>
            <field name="catalogServiceId" type="com.emc.storageos.db.client.model.NamedURI" value="urn:storageos:CatalogService:03f63792-edae-4562-b1e6-d88bef2c06dd:vdc1:CreateBlockSnapshot"/>
            <field name="creationTime" type="java.util.Calendar" value="java.util.GregorianCalendar[time=1449156401288,areFieldsSet=true,areAllFieldsSet=true,lenient=true,zone=sun.util.calendar.ZoneInfo[id=&quot;UTC&quot;,offset=0,dstSavings=0,useDaylight=false,transitions=0,lastRule=null],firstDayOfWeek=1,minimalDaysInFirstWeek=1,ERA=1,YEAR=2015,MONTH=11,WEEK_OF_YEAR=49,WEEK_OF_MONTH=1,DAY_OF_MONTH=3,DAY_OF_YEAR=337,DAY_OF_WEEK=5,DAY_OF_WEEK_IN_MONTH=1,AM_PM=1,HOUR=3,HOUR_OF_DAY=15,MINUTE=26,SECOND=41,MILLISECOND=288,ZONE_OFFSET=0,DST_OFFSET=0]"/>
            <field name="inactive" type="java.lang.Boolean" value="false"/>
            <field name="internalFlags" type="java.lang.Long" value="0"/>
            <field name="label" type="java.lang.String" value="storageType"/>
            <field name="lastUpdated" type="java.util.Date" value="Thu Dec 03 15:26:41 UTC 2015"/>
            <field name="opStatus" type="com.emc.storageos.db.client.model.OpStatusMap">
                <wrapper>
                    <opStatusMap/>
                </wrapper>
            </field>
            <field name="override" type="java.lang.Boolean" value="false"/>
            <field name="sortedIndex" type="java.lang.Integer" value="3"/>
        </record>
        <record id="urn:storageos:CatalogServiceField:e3094f43-81e1-43b4-9dde-bbb8e0308959:vdc1">
            <readOnlyField>
                <field name="class" type="java.lang.Class" value="class com.emc.storageos.db.client.model.uimodels.CatalogServiceField"/>
                <field name="id" type="java.net.URI" value="urn:storageos:CatalogServiceField:e3094f43-81e1-43b4-9dde-bbb8e0308959:vdc1"/>
            </readOnlyField>
            <field name="catalogServiceId" type="com.emc.storageos.db.client.model.NamedURI" value="urn:storageos:CatalogService:b8718bf8-cf5d-4f70-87fa-2819a670cbce:vdc1:UnexportSnapshot"/>
            <field name="creationTime" type="java.util.Calendar" value="java.util.GregorianCalendar[time=1449156765297,areFieldsSet=true,areAllFieldsSet=true,lenient=true,zone=sun.util.calendar.ZoneInfo[id=&quot;UTC&quot;,offset=0,dstSavings=0,useDaylight=false,transitions=0,lastRule=null],firstDayOfWeek=1,minimalDaysInFirstWeek=1,ERA=1,YEAR=2015,MONTH=11,WEEK_OF_YEAR=49,WEEK_OF_MONTH=1,DAY_OF_MONTH=3,DAY_OF_YEAR=337,DAY_OF_WEEK=5,DAY_OF_WEEK_IN_MONTH=1,AM_PM=1,HOUR=3,HOUR_OF_DAY=15,MINUTE=32,SECOND=45,MILLISECOND=297,ZONE_OFFSET=0,DST_OFFSET=0]"/>
            <field name="inactive" type="java.lang.Boolean" value="false"/>
            <field name="internalFlags" type="java.lang.Long" value="0"/>
            <field name="label" type="java.lang.String" value="project"/>
            <field name="lastUpdated" type="java.util.Date" value="Thu Dec 03 15:32:45 UTC 2015"/>
            <field name="opStatus" type="com.emc.storageos.db.client.model.OpStatusMap">
                <wrapper>
                    <opStatusMap/>
                </wrapper>
            </field>
            <field name="override" type="java.lang.Boolean" value="false"/>
            <field name="sortedIndex" type="java.lang.Integer" value="1"/>
        </record>
        <record id="urn:storageos:CatalogServiceField:0e8b57ae-8eca-4608-b8bd-e4770cd2e661:vdc1">
            <readOnlyField>
                <field name="class" type="java.lang.Class" value="class com.emc.storageos.db.client.model.uimodels.CatalogServiceField"/>
                <field name="id" type="java.net.URI" value="urn:storageos:CatalogServiceField:0e8b57ae-8eca-4608-b8bd-e4770cd2e661:vdc1"/>
            </readOnlyField>
            <field name="catalogServiceId" type="com.emc.storageos.db.client.model.NamedURI" value="urn:storageos:CatalogService:5319766c-2eb2-4cd0-bf4a-345fca51a6b5:vdc1:"/>
            <field name="creationTime" type="java.util.Calendar" value="java.util.GregorianCalendar[time=1435181350641,areFieldsSet=true,areAllFieldsSet=true,lenient=true,zone=sun.util.calendar.ZoneInfo[id=&quot;UTC&quot;,offset=0,dstSavings=0,useDaylight=false,transitions=0,lastRule=null],firstDayOfWeek=1,minimalDaysInFirstWeek=1,ERA=1,YEAR=2015,MONTH=5,WEEK_OF_YEAR=26,WEEK_OF_MONTH=4,DAY_OF_MONTH=24,DAY_OF_YEAR=175,DAY_OF_WEEK=4,DAY_OF_WEEK_IN_MONTH=4,AM_PM=1,HOUR=9,HOUR_OF_DAY=21,MINUTE=29,SECOND=10,MILLISECOND=641,ZONE_OFFSET=0,DST_OFFSET=0]"/>
            <field name="inactive" type="java.lang.Boolean" value="false"/>
            <field name="internalFlags" type="java.lang.Long" value="0"/>
            <field name="label" type="java.lang.String" value="project"/>
            <field name="lastUpdated" type="java.util.Date" value="Wed Jun 24 21:29:10 UTC 2015"/>
            <field name="opStatus" type="com.emc.storageos.db.client.model.OpStatusMap">
                <wrapper>
                    <opStatusMap/>
                </wrapper>
            </field>
            <field name="override" type="java.lang.Boolean" value="true"/>
            <field name="sortedIndex" type="java.lang.Integer" value="4"/>
            <field name="value" type="java.lang.String" value="urn:storageos:Project:d196c7db-e4da-49f7-bfe3-3d177a5c5b2e:global"/>
        </record>
        <record id="urn:storageos:CatalogServiceField:d376028c-6a04-4b45-a8bc-0620f84d20d6:vdc1">
            <readOnlyField>
                <field name="class" type="java.lang.Class" value="class com.emc.storageos.db.client.model.uimodels.CatalogServiceField"/>
                <field name="id" type="java.net.URI" value="urn:storageos:CatalogServiceField:d376028c-6a04-4b45-a8bc-0620f84d20d6:vdc1"/>
            </readOnlyField>
            <field name="catalogServiceId" type="com.emc.storageos.db.client.model.NamedURI" value="urn:storageos:CatalogService:4ba93ebf-c143-4b61-8646-d03ab2f8987b:vdc1:ExportSnapshottoaHost"/>
            <field name="creationTime" type="java.util.Calendar" value="java.util.GregorianCalendar[time=1449156579719,areFieldsSet=true,areAllFieldsSet=true,lenient=true,zone=sun.util.calendar.ZoneInfo[id=&quot;UTC&quot;,offset=0,dstSavings=0,useDaylight=false,transitions=0,lastRule=null],firstDayOfWeek=1,minimalDaysInFirstWeek=1,ERA=1,YEAR=2015,MONTH=11,WEEK_OF_YEAR=49,WEEK_OF_MONTH=1,DAY_OF_MONTH=3,DAY_OF_YEAR=337,DAY_OF_WEEK=5,DAY_OF_WEEK_IN_MONTH=1,AM_PM=1,HOUR=3,HOUR_OF_DAY=15,MINUTE=29,SECOND=39,MILLISECOND=719,ZONE_OFFSET=0,DST_OFFSET=0]"/>
            <field name="inactive" type="java.lang.Boolean" value="false"/>
            <field name="internalFlags" type="java.lang.Long" value="0"/>
            <field name="label" type="java.lang.String" value="storageType"/>
            <field name="lastUpdated" type="java.util.Date" value="Thu Dec 03 15:29:39 UTC 2015"/>
            <field name="opStatus" type="com.emc.storageos.db.client.model.OpStatusMap">
                <wrapper>
                    <opStatusMap/>
                </wrapper>
            </field>
            <field name="override" type="java.lang.Boolean" value="false"/>
            <field name="sortedIndex" type="java.lang.Integer" value="2"/>
        </record>
        <record id="urn:storageos:CatalogServiceField:32d4f397-954c-48fd-8113-89e377a188ea:vdc1">
            <readOnlyField>
                <field name="class" type="java.lang.Class" value="class com.emc.storageos.db.client.model.uimodels.CatalogServiceField"/>
                <field name="id" type="java.net.URI" value="urn:storageos:CatalogServiceField:32d4f397-954c-48fd-8113-89e377a188ea:vdc1"/>
            </readOnlyField>
            <field name="catalogServiceId" type="com.emc.storageos.db.client.model.NamedURI" value="urn:storageos:CatalogService:d4989d99-061a-4b26-b2b2-f11a12850abf:vdc1:CreateandMountVolume"/>
            <field name="creationTime" type="java.util.Calendar" value="java.util.GregorianCalendar[time=1434118119192,areFieldsSet=true,areAllFieldsSet=true,lenient=true,zone=sun.util.calendar.ZoneInfo[id=&quot;UTC&quot;,offset=0,dstSavings=0,useDaylight=false,transitions=0,lastRule=null],firstDayOfWeek=1,minimalDaysInFirstWeek=1,ERA=1,YEAR=2015,MONTH=5,WEEK_OF_YEAR=24,WEEK_OF_MONTH=2,DAY_OF_MONTH=12,DAY_OF_YEAR=163,DAY_OF_WEEK=6,DAY_OF_WEEK_IN_MONTH=2,AM_PM=1,HOUR=2,HOUR_OF_DAY=14,MINUTE=8,SECOND=39,MILLISECOND=192,ZONE_OFFSET=0,DST_OFFSET=0]"/>
            <field name="inactive" type="java.lang.Boolean" value="false"/>
            <field name="internalFlags" type="java.lang.Long" value="0"/>
            <field name="label" type="java.lang.String" value="partitionType"/>
            <field name="lastUpdated" type="java.util.Date" value="Fri Jun 12 14:08:39 UTC 2015"/>
            <field name="opStatus" type="com.emc.storageos.db.client.model.OpStatusMap">
                <wrapper>
                    <opStatusMap/>
                </wrapper>
            </field>
            <field name="override" type="java.lang.Boolean" value="false"/>
            <field name="sortedIndex" type="java.lang.Integer" value="7"/>
        </record>
        <record id="urn:storageos:CatalogServiceField:99264f96-9b83-4f2d-8a63-7549dd43c617:vdc1">
            <readOnlyField>
                <field name="class" type="java.lang.Class" value="class com.emc.storageos.db.client.model.uimodels.CatalogServiceField"/>
                <field name="id" type="java.net.URI" value="urn:storageos:CatalogServiceField:99264f96-9b83-4f2d-8a63-7549dd43c617:vdc1"/>
            </readOnlyField>
            <field name="catalogServiceId" type="com.emc.storageos.db.client.model.NamedURI" value="urn:storageos:CatalogService:03f63792-edae-4562-b1e6-d88bef2c06dd:vdc1:CreateBlockSnapshot"/>
            <field name="creationTime" type="java.util.Calendar" value="java.util.GregorianCalendar[time=1449156401190,areFieldsSet=true,areAllFieldsSet=true,lenient=true,zone=sun.util.calendar.ZoneInfo[id=&quot;UTC&quot;,offset=0,dstSavings=0,useDaylight=false,transitions=0,lastRule=null],firstDayOfWeek=1,minimalDaysInFirstWeek=1,ERA=1,YEAR=2015,MONTH=11,WEEK_OF_YEAR=49,WEEK_OF_MONTH=1,DAY_OF_MONTH=3,DAY_OF_YEAR=337,DAY_OF_WEEK=5,DAY_OF_WEEK_IN_MONTH=1,AM_PM=1,HOUR=3,HOUR_OF_DAY=15,MINUTE=26,SECOND=41,MILLISECOND=190,ZONE_OFFSET=0,DST_OFFSET=0]"/>
            <field name="inactive" type="java.lang.Boolean" value="false"/>
            <field name="internalFlags" type="java.lang.Long" value="0"/>
            <field name="label" type="java.lang.String" value="project"/>
            <field name="lastUpdated" type="java.util.Date" value="Thu Dec 03 15:26:41 UTC 2015"/>
            <field name="opStatus" type="com.emc.storageos.db.client.model.OpStatusMap">
                <wrapper>
                    <opStatusMap/>
                </wrapper>
            </field>
            <field name="override" type="java.lang.Boolean" value="false"/>
            <field name="sortedIndex" type="java.lang.Integer" value="1"/>
        </record>
        <record id="urn:storageos:CatalogServiceField:cdbd8687-3cfd-4589-9cc4-e2b0d9a3b35e:vdc1">
            <readOnlyField>
                <field name="class" type="java.lang.Class" value="class com.emc.storageos.db.client.model.uimodels.CatalogServiceField"/>
                <field name="id" type="java.net.URI" value="urn:storageos:CatalogServiceField:cdbd8687-3cfd-4589-9cc4-e2b0d9a3b35e:vdc1"/>
            </readOnlyField>
            <field name="catalogServiceId" type="com.emc.storageos.db.client.model.NamedURI" value="urn:storageos:CatalogService:d4989d99-061a-4b26-b2b2-f11a12850abf:vdc1:CreateandMountVolume"/>
            <field name="creationTime" type="java.util.Calendar" value="java.util.GregorianCalendar[time=1434118119348,areFieldsSet=true,areAllFieldsSet=true,lenient=true,zone=sun.util.calendar.ZoneInfo[id=&quot;UTC&quot;,offset=0,dstSavings=0,useDaylight=false,transitions=0,lastRule=null],firstDayOfWeek=1,minimalDaysInFirstWeek=1,ERA=1,YEAR=2015,MONTH=5,WEEK_OF_YEAR=24,WEEK_OF_MONTH=2,DAY_OF_MONTH=12,DAY_OF_YEAR=163,DAY_OF_WEEK=6,DAY_OF_WEEK_IN_MONTH=2,AM_PM=1,HOUR=2,HOUR_OF_DAY=14,MINUTE=8,SECOND=39,MILLISECOND=348,ZONE_OFFSET=0,DST_OFFSET=0]"/>
            <field name="inactive" type="java.lang.Boolean" value="false"/>
            <field name="internalFlags" type="java.lang.Long" value="0"/>
            <field name="label" type="java.lang.String" value="virtualPool"/>
            <field name="lastUpdated" type="java.util.Date" value="Fri Jun 12 14:08:39 UTC 2015"/>
            <field name="opStatus" type="com.emc.storageos.db.client.model.OpStatusMap">
                <wrapper>
                    <opStatusMap/>
                </wrapper>
            </field>
            <field name="override" type="java.lang.Boolean" value="true"/>
            <field name="sortedIndex" type="java.lang.Integer" value="10"/>
            <field name="value" type="java.lang.String" value="urn:storageos:VirtualPool:f200e7da-a0d9-4b81-96bf-a3b8c9e7a8d6:vdc1"/>
        </record>
        <record id="urn:storageos:CatalogServiceField:8b65b7e7-3d52-4099-81e6-6a9e920c5ffc:vdc1">
            <readOnlyField>
                <field name="class" type="java.lang.Class" value="class com.emc.storageos.db.client.model.uimodels.CatalogServiceField"/>
                <field name="id" type="java.net.URI" value="urn:storageos:CatalogServiceField:8b65b7e7-3d52-4099-81e6-6a9e920c5ffc:vdc1"/>
            </readOnlyField>
            <field name="catalogServiceId" type="com.emc.storageos.db.client.model.NamedURI" value="urn:storageos:CatalogService:cb849517-3cf1-48e8-9016-3d08be9ac87a:vdc1:MountVolumeonWindows"/>
            <field name="creationTime" type="java.util.Calendar" value="java.util.GregorianCalendar[time=1432841163635,areFieldsSet=true,areAllFieldsSet=true,lenient=true,zone=sun.util.calendar.ZoneInfo[id=&quot;UTC&quot;,offset=0,dstSavings=0,useDaylight=false,transitions=0,lastRule=null],firstDayOfWeek=1,minimalDaysInFirstWeek=1,ERA=1,YEAR=2015,MONTH=4,WEEK_OF_YEAR=22,WEEK_OF_MONTH=5,DAY_OF_MONTH=28,DAY_OF_YEAR=148,DAY_OF_WEEK=5,DAY_OF_WEEK_IN_MONTH=4,AM_PM=1,HOUR=7,HOUR_OF_DAY=19,MINUTE=26,SECOND=3,MILLISECOND=635,ZONE_OFFSET=0,DST_OFFSET=0]"/>
            <field name="inactive" type="java.lang.Boolean" value="false"/>
            <field name="internalFlags" type="java.lang.Long" value="0"/>
            <field name="label" type="java.lang.String" value="hlu"/>
            <field name="lastUpdated" type="java.util.Date" value="Thu May 28 19:26:03 UTC 2015"/>
            <field name="opStatus" type="com.emc.storageos.db.client.model.OpStatusMap">
                <wrapper>
                    <opStatusMap/>
                </wrapper>
            </field>
            <field name="override" type="java.lang.Boolean" value="true"/>
            <field name="value" type="java.lang.String" value="-1"/>
        </record>
        <record id="urn:storageos:CatalogServiceField:42ab7bf7-6366-428b-bc12-9e1d93e978ed:vdc1">
            <readOnlyField>
                <field name="class" type="java.lang.Class" value="class com.emc.storageos.db.client.model.uimodels.CatalogServiceField"/>
                <field name="id" type="java.net.URI" value="urn:storageos:CatalogServiceField:42ab7bf7-6366-428b-bc12-9e1d93e978ed:vdc1"/>
            </readOnlyField>
            <field name="catalogServiceId" type="com.emc.storageos.db.client.model.NamedURI" value="urn:storageos:CatalogService:fee14428-63b4-4df8-9f6c-8657644268d6:vdc1:CreateAndMountBlockVolume"/>
            <field name="creationTime" type="java.util.Calendar" value="java.util.GregorianCalendar[time=1432841163693,areFieldsSet=true,areAllFieldsSet=true,lenient=true,zone=sun.util.calendar.ZoneInfo[id=&quot;UTC&quot;,offset=0,dstSavings=0,useDaylight=false,transitions=0,lastRule=null],firstDayOfWeek=1,minimalDaysInFirstWeek=1,ERA=1,YEAR=2015,MONTH=4,WEEK_OF_YEAR=22,WEEK_OF_MONTH=5,DAY_OF_MONTH=28,DAY_OF_YEAR=148,DAY_OF_WEEK=5,DAY_OF_WEEK_IN_MONTH=4,AM_PM=1,HOUR=7,HOUR_OF_DAY=19,MINUTE=26,SECOND=3,MILLISECOND=693,ZONE_OFFSET=0,DST_OFFSET=0]"/>
            <field name="inactive" type="java.lang.Boolean" value="false"/>
            <field name="internalFlags" type="java.lang.Long" value="0"/>
            <field name="label" type="java.lang.String" value="blockSize"/>
            <field name="lastUpdated" type="java.util.Date" value="Thu May 28 19:26:03 UTC 2015"/>
            <field name="opStatus" type="com.emc.storageos.db.client.model.OpStatusMap">
                <wrapper>
                    <opStatusMap/>
                </wrapper>
            </field>
            <field name="override" type="java.lang.Boolean" value="true"/>
            <field name="value" type="java.lang.String" value="DEFAULT"/>
        </record>
        <record id="urn:storageos:CatalogServiceField:ffd8fcf8-419d-4f16-9a2e-8a4159ea094c:vdc1">
            <readOnlyField>
                <field name="class" type="java.lang.Class" value="class com.emc.storageos.db.client.model.uimodels.CatalogServiceField"/>
                <field name="id" type="java.net.URI" value="urn:storageos:CatalogServiceField:ffd8fcf8-419d-4f16-9a2e-8a4159ea094c:vdc1"/>
            </readOnlyField>
            <field name="catalogServiceId" type="com.emc.storageos.db.client.model.NamedURI" value="urn:storageos:CatalogService:5319766c-2eb2-4cd0-bf4a-345fca51a6b5:vdc1:"/>
            <field name="creationTime" type="java.util.Calendar" value="java.util.GregorianCalendar[time=1435181350048,areFieldsSet=true,areAllFieldsSet=true,lenient=true,zone=sun.util.calendar.ZoneInfo[id=&quot;UTC&quot;,offset=0,dstSavings=0,useDaylight=false,transitions=0,lastRule=null],firstDayOfWeek=1,minimalDaysInFirstWeek=1,ERA=1,YEAR=2015,MONTH=5,WEEK_OF_YEAR=26,WEEK_OF_MONTH=4,DAY_OF_MONTH=24,DAY_OF_YEAR=175,DAY_OF_WEEK=4,DAY_OF_WEEK_IN_MONTH=4,AM_PM=1,HOUR=9,HOUR_OF_DAY=21,MINUTE=29,SECOND=10,MILLISECOND=48,ZONE_OFFSET=0,DST_OFFSET=0]"/>
            <field name="inactive" type="java.lang.Boolean" value="false"/>
            <field name="internalFlags" type="java.lang.Long" value="0"/>
            <field name="label" type="java.lang.String" value="virtualArray"/>
            <field name="lastUpdated" type="java.util.Date" value="Wed Jun 24 21:29:10 UTC 2015"/>
            <field name="opStatus" type="com.emc.storageos.db.client.model.OpStatusMap">
                <wrapper>
                    <opStatusMap/>
                </wrapper>
            </field>
            <field name="override" type="java.lang.Boolean" value="true"/>
            <field name="sortedIndex" type="java.lang.Integer" value="2"/>
            <field name="value" type="java.lang.String" value="urn:storageos:VirtualArray:53c8a9d1-e83c-49e1-9729-737f33b9df12:vdc1"/>
        </record>
        <record id="urn:storageos:CatalogServiceField:7b39388f-a4ed-425a-b60a-e14666033b96:vdc1">
            <readOnlyField>
                <field name="class" type="java.lang.Class" value="class com.emc.storageos.db.client.model.uimodels.CatalogServiceField"/>
                <field name="id" type="java.net.URI" value="urn:storageos:CatalogServiceField:7b39388f-a4ed-425a-b60a-e14666033b96:vdc1"/>
            </readOnlyField>
            <field name="catalogServiceId" type="com.emc.storageos.db.client.model.NamedURI" value="urn:storageos:CatalogService:e8f78085-eaeb-49ac-b549-e957a496a785:vdc1:RemoveBlockSnapshot"/>
            <field name="creationTime" type="java.util.Calendar" value="java.util.GregorianCalendar[time=1449156490587,areFieldsSet=true,areAllFieldsSet=true,lenient=true,zone=sun.util.calendar.ZoneInfo[id=&quot;UTC&quot;,offset=0,dstSavings=0,useDaylight=false,transitions=0,lastRule=null],firstDayOfWeek=1,minimalDaysInFirstWeek=1,ERA=1,YEAR=2015,MONTH=11,WEEK_OF_YEAR=49,WEEK_OF_MONTH=1,DAY_OF_MONTH=3,DAY_OF_YEAR=337,DAY_OF_WEEK=5,DAY_OF_WEEK_IN_MONTH=1,AM_PM=1,HOUR=3,HOUR_OF_DAY=15,MINUTE=28,SECOND=10,MILLISECOND=587,ZONE_OFFSET=0,DST_OFFSET=0]"/>
            <field name="inactive" type="java.lang.Boolean" value="false"/>
            <field name="internalFlags" type="java.lang.Long" value="0"/>
            <field name="label" type="java.lang.String" value="storageType"/>
            <field name="lastUpdated" type="java.util.Date" value="Thu Dec 03 15:28:10 UTC 2015"/>
            <field name="opStatus" type="com.emc.storageos.db.client.model.OpStatusMap">
                <wrapper>
                    <opStatusMap/>
                </wrapper>
            </field>
            <field name="override" type="java.lang.Boolean" value="false"/>
            <field name="sortedIndex" type="java.lang.Integer" value="2"/>
        </record>
        <record id="urn:storageos:CatalogServiceField:17232f98-ed33-4c4c-a1f3-087df2f01603:vdc1">
            <readOnlyField>
                <field name="class" type="java.lang.Class" value="class com.emc.storageos.db.client.model.uimodels.CatalogServiceField"/>
                <field name="id" type="java.net.URI" value="urn:storageos:CatalogServiceField:17232f98-ed33-4c4c-a1f3-087df2f01603:vdc1"/>
            </readOnlyField>
            <field name="catalogServiceId" type="com.emc.storageos.db.client.model.NamedURI" value="urn:storageos:CatalogService:d3837d40-5133-4b2f-8644-84af7cb93f10:vdc1:CreateAndMountBlockVolume"/>
            <field name="creationTime" type="java.util.Calendar" value="java.util.GregorianCalendar[time=1432841163445,areFieldsSet=true,areAllFieldsSet=true,lenient=true,zone=sun.util.calendar.ZoneInfo[id=&quot;UTC&quot;,offset=0,dstSavings=0,useDaylight=false,transitions=0,lastRule=null],firstDayOfWeek=1,minimalDaysInFirstWeek=1,ERA=1,YEAR=2015,MONTH=4,WEEK_OF_YEAR=22,WEEK_OF_MONTH=5,DAY_OF_MONTH=28,DAY_OF_YEAR=148,DAY_OF_WEEK=5,DAY_OF_WEEK_IN_MONTH=4,AM_PM=1,HOUR=7,HOUR_OF_DAY=19,MINUTE=26,SECOND=3,MILLISECOND=445,ZONE_OFFSET=0,DST_OFFSET=0]"/>
            <field name="inactive" type="java.lang.Boolean" value="false"/>
            <field name="internalFlags" type="java.lang.Long" value="0"/>
            <field name="label" type="java.lang.String" value="blockSize"/>
            <field name="lastUpdated" type="java.util.Date" value="Thu May 28 19:26:03 UTC 2015"/>
            <field name="opStatus" type="com.emc.storageos.db.client.model.OpStatusMap">
                <wrapper>
                    <opStatusMap/>
                </wrapper>
            </field>
            <field name="override" type="java.lang.Boolean" value="true"/>
            <field name="value" type="java.lang.String" value="DEFAULT"/>
        </record>
        <record id="urn:storageos:CatalogServiceField:b8a94298-ff5f-43bb-a05c-3c4f77bd3768:vdc1">
            <readOnlyField>
                <field name="class" type="java.lang.Class" value="class com.emc.storageos.db.client.model.uimodels.CatalogServiceField"/>
                <field name="id" type="java.net.URI" value="urn:storageos:CatalogServiceField:b8a94298-ff5f-43bb-a05c-3c4f77bd3768:vdc1"/>
            </readOnlyField>
            <field name="catalogServiceId" type="com.emc.storageos.db.client.model.NamedURI" value="urn:storageos:CatalogService:1832103b-7663-4e01-9661-e767a4ece24f:vdc1:CreateFullCopy"/>
            <field name="creationTime" type="java.util.Calendar" value="java.util.GregorianCalendar[time=1449156830008,areFieldsSet=true,areAllFieldsSet=true,lenient=true,zone=sun.util.calendar.ZoneInfo[id=&quot;UTC&quot;,offset=0,dstSavings=0,useDaylight=false,transitions=0,lastRule=null],firstDayOfWeek=1,minimalDaysInFirstWeek=1,ERA=1,YEAR=2015,MONTH=11,WEEK_OF_YEAR=49,WEEK_OF_MONTH=1,DAY_OF_MONTH=3,DAY_OF_YEAR=337,DAY_OF_WEEK=5,DAY_OF_WEEK_IN_MONTH=1,AM_PM=1,HOUR=3,HOUR_OF_DAY=15,MINUTE=33,SECOND=50,MILLISECOND=8,ZONE_OFFSET=0,DST_OFFSET=0]"/>
            <field name="inactive" type="java.lang.Boolean" value="false"/>
            <field name="internalFlags" type="java.lang.Long" value="0"/>
            <field name="label" type="java.lang.String" value="project"/>
            <field name="lastUpdated" type="java.util.Date" value="Thu Dec 03 15:33:50 UTC 2015"/>
            <field name="opStatus" type="com.emc.storageos.db.client.model.OpStatusMap">
                <wrapper>
                    <opStatusMap/>
                </wrapper>
            </field>
            <field name="override" type="java.lang.Boolean" value="false"/>
            <field name="sortedIndex" type="java.lang.Integer" value="1"/>
        </record>
        <record id="urn:storageos:CatalogServiceField:732263b1-98a5-4346-aeac-78c23f7f02ac:vdc1">
            <readOnlyField>
                <field name="class" type="java.lang.Class" value="class com.emc.storageos.db.client.model.uimodels.CatalogServiceField"/>
                <field name="id" type="java.net.URI" value="urn:storageos:CatalogServiceField:732263b1-98a5-4346-aeac-78c23f7f02ac:vdc1"/>
            </readOnlyField>
            <field name="catalogServiceId" type="com.emc.storageos.db.client.model.NamedURI" value="urn:storageos:CatalogService:b990fec4-98d9-42c1-aa34-c3b35e45c739:vdc1:MountExistingVolumeonLinux"/>
            <field name="creationTime" type="java.util.Calendar" value="java.util.GregorianCalendar[time=1432841163508,areFieldsSet=true,areAllFieldsSet=true,lenient=true,zone=sun.util.calendar.ZoneInfo[id=&quot;UTC&quot;,offset=0,dstSavings=0,useDaylight=false,transitions=0,lastRule=null],firstDayOfWeek=1,minimalDaysInFirstWeek=1,ERA=1,YEAR=2015,MONTH=4,WEEK_OF_YEAR=22,WEEK_OF_MONTH=5,DAY_OF_MONTH=28,DAY_OF_YEAR=148,DAY_OF_WEEK=5,DAY_OF_WEEK_IN_MONTH=4,AM_PM=1,HOUR=7,HOUR_OF_DAY=19,MINUTE=26,SECOND=3,MILLISECOND=508,ZONE_OFFSET=0,DST_OFFSET=0]"/>
            <field name="inactive" type="java.lang.Boolean" value="false"/>
            <field name="internalFlags" type="java.lang.Long" value="0"/>
            <field name="label" type="java.lang.String" value="hlu"/>
            <field name="lastUpdated" type="java.util.Date" value="Thu May 28 19:26:03 UTC 2015"/>
            <field name="opStatus" type="com.emc.storageos.db.client.model.OpStatusMap">
                <wrapper>
                    <opStatusMap/>
                </wrapper>
            </field>
            <field name="override" type="java.lang.Boolean" value="true"/>
            <field name="value" type="java.lang.String" value="-1"/>
        </record>
        <record id="urn:storageos:CatalogServiceField:da037ba9-e3cd-4295-a2a7-633d35626cb6:vdc1">
            <readOnlyField>
                <field name="class" type="java.lang.Class" value="class com.emc.storageos.db.client.model.uimodels.CatalogServiceField"/>
                <field name="id" type="java.net.URI" value="urn:storageos:CatalogServiceField:da037ba9-e3cd-4295-a2a7-633d35626cb6:vdc1"/>
            </readOnlyField>
            <field name="catalogServiceId" type="com.emc.storageos.db.client.model.NamedURI" value="urn:storageos:CatalogService:03f63792-edae-4562-b1e6-d88bef2c06dd:vdc1:CreateBlockSnapshot"/>
            <field name="creationTime" type="java.util.Calendar" value="java.util.GregorianCalendar[time=1449156401211,areFieldsSet=true,areAllFieldsSet=true,lenient=true,zone=sun.util.calendar.ZoneInfo[id=&quot;UTC&quot;,offset=0,dstSavings=0,useDaylight=false,transitions=0,lastRule=null],firstDayOfWeek=1,minimalDaysInFirstWeek=1,ERA=1,YEAR=2015,MONTH=11,WEEK_OF_YEAR=49,WEEK_OF_MONTH=1,DAY_OF_MONTH=3,DAY_OF_YEAR=337,DAY_OF_WEEK=5,DAY_OF_WEEK_IN_MONTH=1,AM_PM=1,HOUR=3,HOUR_OF_DAY=15,MINUTE=26,SECOND=41,MILLISECOND=211,ZONE_OFFSET=0,DST_OFFSET=0]"/>
            <field name="inactive" type="java.lang.Boolean" value="false"/>
            <field name="internalFlags" type="java.lang.Long" value="0"/>
            <field name="label" type="java.lang.String" value="readOnly"/>
            <field name="lastUpdated" type="java.util.Date" value="Thu Dec 03 15:26:41 UTC 2015"/>
            <field name="opStatus" type="com.emc.storageos.db.client.model.OpStatusMap">
                <wrapper>
                    <opStatusMap/>
                </wrapper>
            </field>
            <field name="override" type="java.lang.Boolean" value="false"/>
            <field name="sortedIndex" type="java.lang.Integer" value="2"/>
            <field name="value" type="java.lang.String" value="false"/>
        </record>
        <record id="urn:storageos:CatalogServiceField:13d842f9-de3a-429d-99ba-607bab090046:vdc1">
            <readOnlyField>
                <field name="class" type="java.lang.Class" value="class com.emc.storageos.db.client.model.uimodels.CatalogServiceField"/>
                <field name="id" type="java.net.URI" value="urn:storageos:CatalogServiceField:13d842f9-de3a-429d-99ba-607bab090046:vdc1"/>
            </readOnlyField>
            <field name="catalogServiceId" type="com.emc.storageos.db.client.model.NamedURI" value="urn:storageos:CatalogService:f2569926-f281-464d-97c9-1aff2b446079:vdc1:MountExistingVolumeonAIX"/>
            <field name="creationTime" type="java.util.Calendar" value="java.util.GregorianCalendar[time=1432841163731,areFieldsSet=true,areAllFieldsSet=true,lenient=true,zone=sun.util.calendar.ZoneInfo[id=&quot;UTC&quot;,offset=0,dstSavings=0,useDaylight=false,transitions=0,lastRule=null],firstDayOfWeek=1,minimalDaysInFirstWeek=1,ERA=1,YEAR=2015,MONTH=4,WEEK_OF_YEAR=22,WEEK_OF_MONTH=5,DAY_OF_MONTH=28,DAY_OF_YEAR=148,DAY_OF_WEEK=5,DAY_OF_WEEK_IN_MONTH=4,AM_PM=1,HOUR=7,HOUR_OF_DAY=19,MINUTE=26,SECOND=3,MILLISECOND=731,ZONE_OFFSET=0,DST_OFFSET=0]"/>
            <field name="inactive" type="java.lang.Boolean" value="false"/>
            <field name="internalFlags" type="java.lang.Long" value="0"/>
            <field name="label" type="java.lang.String" value="blockSize"/>
            <field name="lastUpdated" type="java.util.Date" value="Thu May 28 19:26:03 UTC 2015"/>
            <field name="opStatus" type="com.emc.storageos.db.client.model.OpStatusMap">
                <wrapper>
                    <opStatusMap/>
                </wrapper>
            </field>
            <field name="override" type="java.lang.Boolean" value="true"/>
            <field name="value" type="java.lang.String" value="DEFAULT"/>
        </record>
        <record id="urn:storageos:CatalogServiceField:33c0fc22-cfa6-47a8-ae80-68bb337cc7ba:vdc1">
            <readOnlyField>
                <field name="class" type="java.lang.Class" value="class com.emc.storageos.db.client.model.uimodels.CatalogServiceField"/>
                <field name="id" type="java.net.URI" value="urn:storageos:CatalogServiceField:33c0fc22-cfa6-47a8-ae80-68bb337cc7ba:vdc1"/>
            </readOnlyField>
            <field name="catalogServiceId" type="com.emc.storageos.db.client.model.NamedURI" value="urn:storageos:CatalogService:e8f78085-eaeb-49ac-b549-e957a496a785:vdc1:RemoveBlockSnapshot"/>
            <field name="creationTime" type="java.util.Calendar" value="java.util.GregorianCalendar[time=1449156490551,areFieldsSet=true,areAllFieldsSet=true,lenient=true,zone=sun.util.calendar.ZoneInfo[id=&quot;UTC&quot;,offset=0,dstSavings=0,useDaylight=false,transitions=0,lastRule=null],firstDayOfWeek=1,minimalDaysInFirstWeek=1,ERA=1,YEAR=2015,MONTH=11,WEEK_OF_YEAR=49,WEEK_OF_MONTH=1,DAY_OF_MONTH=3,DAY_OF_YEAR=337,DAY_OF_WEEK=5,DAY_OF_WEEK_IN_MONTH=1,AM_PM=1,HOUR=3,HOUR_OF_DAY=15,MINUTE=28,SECOND=10,MILLISECOND=551,ZONE_OFFSET=0,DST_OFFSET=0]"/>
            <field name="inactive" type="java.lang.Boolean" value="false"/>
            <field name="internalFlags" type="java.lang.Long" value="0"/>
            <field name="label" type="java.lang.String" value="project"/>
            <field name="lastUpdated" type="java.util.Date" value="Thu Dec 03 15:28:10 UTC 2015"/>
            <field name="opStatus" type="com.emc.storageos.db.client.model.OpStatusMap">
                <wrapper>
                    <opStatusMap/>
                </wrapper>
            </field>
            <field name="override" type="java.lang.Boolean" value="false"/>
            <field name="sortedIndex" type="java.lang.Integer" value="1"/>
        </record>
        <record id="urn:storageos:CatalogServiceField:3dda0dd2-f07a-482d-90b3-3b8bcfc53325:vdc1">
            <readOnlyField>
                <field name="class" type="java.lang.Class" value="class com.emc.storageos.db.client.model.uimodels.CatalogServiceField"/>
                <field name="id" type="java.net.URI" value="urn:storageos:CatalogServiceField:3dda0dd2-f07a-482d-90b3-3b8bcfc53325:vdc1"/>
            </readOnlyField>
            <field name="catalogServiceId" type="com.emc.storageos.db.client.model.NamedURI" value="urn:storageos:CatalogService:03f63792-edae-4562-b1e6-d88bef2c06dd:vdc1:CreateBlockSnapshot"/>
            <field name="creationTime" type="java.util.Calendar" value="java.util.GregorianCalendar[time=1449156401361,areFieldsSet=true,areAllFieldsSet=true,lenient=true,zone=sun.util.calendar.ZoneInfo[id=&quot;UTC&quot;,offset=0,dstSavings=0,useDaylight=false,transitions=0,lastRule=null],firstDayOfWeek=1,minimalDaysInFirstWeek=1,ERA=1,YEAR=2015,MONTH=11,WEEK_OF_YEAR=49,WEEK_OF_MONTH=1,DAY_OF_MONTH=3,DAY_OF_YEAR=337,DAY_OF_WEEK=5,DAY_OF_WEEK_IN_MONTH=1,AM_PM=1,HOUR=3,HOUR_OF_DAY=15,MINUTE=26,SECOND=41,MILLISECOND=361,ZONE_OFFSET=0,DST_OFFSET=0]"/>
            <field name="inactive" type="java.lang.Boolean" value="false"/>
            <field name="internalFlags" type="java.lang.Long" value="0"/>
            <field name="label" type="java.lang.String" value="type"/>
            <field name="lastUpdated" type="java.util.Date" value="Thu Dec 03 15:26:41 UTC 2015"/>
            <field name="opStatus" type="com.emc.storageos.db.client.model.OpStatusMap">
                <wrapper>
                    <opStatusMap/>
                </wrapper>
            </field>
            <field name="override" type="java.lang.Boolean" value="false"/>
            <field name="sortedIndex" type="java.lang.Integer" value="4"/>
        </record>
        <record id="urn:storageos:CatalogServiceField:5d6f9a2d-62d4-47c9-aa87-1dc610375381:vdc1">
            <readOnlyField>
                <field name="class" type="java.lang.Class" value="class com.emc.storageos.db.client.model.uimodels.CatalogServiceField"/>
                <field name="id" type="java.net.URI" value="urn:storageos:CatalogServiceField:5d6f9a2d-62d4-47c9-aa87-1dc610375381:vdc1"/>
            </readOnlyField>
            <field name="catalogServiceId" type="com.emc.storageos.db.client.model.NamedURI" value="urn:storageos:CatalogService:5319766c-2eb2-4cd0-bf4a-345fca51a6b5:vdc1:"/>
            <field name="creationTime" type="java.util.Calendar" value="java.util.GregorianCalendar[time=1435181351414,areFieldsSet=true,areAllFieldsSet=true,lenient=true,zone=sun.util.calendar.ZoneInfo[id=&quot;UTC&quot;,offset=0,dstSavings=0,useDaylight=false,transitions=0,lastRule=null],firstDayOfWeek=1,minimalDaysInFirstWeek=1,ERA=1,YEAR=2015,MONTH=5,WEEK_OF_YEAR=26,WEEK_OF_MONTH=4,DAY_OF_MONTH=24,DAY_OF_YEAR=175,DAY_OF_WEEK=4,DAY_OF_WEEK_IN_MONTH=4,AM_PM=1,HOUR=9,HOUR_OF_DAY=21,MINUTE=29,SECOND=11,MILLISECOND=414,ZONE_OFFSET=0,DST_OFFSET=0]"/>
            <field name="inactive" type="java.lang.Boolean" value="false"/>
            <field name="internalFlags" type="java.lang.Long" value="0"/>
            <field name="label" type="java.lang.String" value="multipathPolicy"/>
            <field name="lastUpdated" type="java.util.Date" value="Wed Jun 24 21:29:11 UTC 2015"/>
            <field name="opStatus" type="com.emc.storageos.db.client.model.OpStatusMap">
                <wrapper>
                    <opStatusMap/>
                </wrapper>
            </field>
            <field name="override" type="java.lang.Boolean" value="false"/>
            <field name="sortedIndex" type="java.lang.Integer" value="5"/>
        </record>
        <record id="urn:storageos:CatalogServiceField:18430d09-472f-4220-8568-462a4542bdad:vdc1">
            <readOnlyField>
                <field name="class" type="java.lang.Class" value="class com.emc.storageos.db.client.model.uimodels.CatalogServiceField"/>
                <field name="id" type="java.net.URI" value="urn:storageos:CatalogServiceField:18430d09-472f-4220-8568-462a4542bdad:vdc1"/>
            </readOnlyField>
            <field name="catalogServiceId" type="com.emc.storageos.db.client.model.NamedURI" value="urn:storageos:CatalogService:ae33c520-251c-4479-a2e6-e0c8f02e6547:vdc1:CreateSnapshotFullCopy"/>
            <field name="creationTime" type="java.util.Calendar" value="java.util.GregorianCalendar[time=1449156544124,areFieldsSet=true,areAllFieldsSet=true,lenient=true,zone=sun.util.calendar.ZoneInfo[id=&quot;UTC&quot;,offset=0,dstSavings=0,useDaylight=false,transitions=0,lastRule=null],firstDayOfWeek=1,minimalDaysInFirstWeek=1,ERA=1,YEAR=2015,MONTH=11,WEEK_OF_YEAR=49,WEEK_OF_MONTH=1,DAY_OF_MONTH=3,DAY_OF_YEAR=337,DAY_OF_WEEK=5,DAY_OF_WEEK_IN_MONTH=1,AM_PM=1,HOUR=3,HOUR_OF_DAY=15,MINUTE=29,SECOND=4,MILLISECOND=124,ZONE_OFFSET=0,DST_OFFSET=0]"/>
            <field name="inactive" type="java.lang.Boolean" value="false"/>
            <field name="internalFlags" type="java.lang.Long" value="0"/>
            <field name="label" type="java.lang.String" value="project"/>
            <field name="lastUpdated" type="java.util.Date" value="Thu Dec 03 15:29:04 UTC 2015"/>
            <field name="opStatus" type="com.emc.storageos.db.client.model.OpStatusMap">
                <wrapper>
                    <opStatusMap/>
                </wrapper>
            </field>
            <field name="override" type="java.lang.Boolean" value="false"/>
            <field name="sortedIndex" type="java.lang.Integer" value="1"/>
        </record>
        <record id="urn:storageos:CatalogServiceField:4c90f2c7-b2cd-4f43-baf1-2843d6e9e3a4:vdc1">
            <readOnlyField>
                <field name="class" type="java.lang.Class" value="class com.emc.storageos.db.client.model.uimodels.CatalogServiceField"/>
                <field name="id" type="java.net.URI" value="urn:storageos:CatalogServiceField:4c90f2c7-b2cd-4f43-baf1-2843d6e9e3a4:vdc1"/>
            </readOnlyField>
            <field name="catalogServiceId" type="com.emc.storageos.db.client.model.NamedURI" value="urn:storageos:CatalogService:d4989d99-061a-4b26-b2b2-f11a12850abf:vdc1:CreateandMountVolume"/>
            <field name="creationTime" type="java.util.Calendar" value="java.util.GregorianCalendar[time=1434118119270,areFieldsSet=true,areAllFieldsSet=true,lenient=true,zone=sun.util.calendar.ZoneInfo[id=&quot;UTC&quot;,offset=0,dstSavings=0,useDaylight=false,transitions=0,lastRule=null],firstDayOfWeek=1,minimalDaysInFirstWeek=1,ERA=1,YEAR=2015,MONTH=5,WEEK_OF_YEAR=24,WEEK_OF_MONTH=2,DAY_OF_MONTH=12,DAY_OF_YEAR=163,DAY_OF_WEEK=6,DAY_OF_WEEK_IN_MONTH=2,AM_PM=1,HOUR=2,HOUR_OF_DAY=14,MINUTE=8,SECOND=39,MILLISECOND=270,ZONE_OFFSET=0,DST_OFFSET=0]"/>
            <field name="inactive" type="java.lang.Boolean" value="false"/>
            <field name="internalFlags" type="java.lang.Long" value="0"/>
            <field name="label" type="java.lang.String" value="project"/>
            <field name="lastUpdated" type="java.util.Date" value="Fri Jun 12 14:08:39 UTC 2015"/>
            <field name="opStatus" type="com.emc.storageos.db.client.model.OpStatusMap">
                <wrapper>
                    <opStatusMap/>
                </wrapper>
            </field>
            <field name="override" type="java.lang.Boolean" value="false"/>
            <field name="sortedIndex" type="java.lang.Integer" value="8"/>
        </record>
        <record id="urn:storageos:CatalogServiceField:0f9f7f88-c3f0-412c-9872-761845e9090d:vdc1">
            <readOnlyField>
                <field name="class" type="java.lang.Class" value="class com.emc.storageos.db.client.model.uimodels.CatalogServiceField"/>
                <field name="id" type="java.net.URI" value="urn:storageos:CatalogServiceField:0f9f7f88-c3f0-412c-9872-761845e9090d:vdc1"/>
            </readOnlyField>
            <field name="catalogServiceId" type="com.emc.storageos.db.client.model.NamedURI" value="urn:storageos:CatalogService:f2569926-f281-464d-97c9-1aff2b446079:vdc1:MountExistingVolumeonAIX"/>
            <field name="creationTime" type="java.util.Calendar" value="java.util.GregorianCalendar[time=1432841163737,areFieldsSet=true,areAllFieldsSet=true,lenient=true,zone=sun.util.calendar.ZoneInfo[id=&quot;UTC&quot;,offset=0,dstSavings=0,useDaylight=false,transitions=0,lastRule=null],firstDayOfWeek=1,minimalDaysInFirstWeek=1,ERA=1,YEAR=2015,MONTH=4,WEEK_OF_YEAR=22,WEEK_OF_MONTH=5,DAY_OF_MONTH=28,DAY_OF_YEAR=148,DAY_OF_WEEK=5,DAY_OF_WEEK_IN_MONTH=4,AM_PM=1,HOUR=7,HOUR_OF_DAY=19,MINUTE=26,SECOND=3,MILLISECOND=737,ZONE_OFFSET=0,DST_OFFSET=0]"/>
            <field name="inactive" type="java.lang.Boolean" value="false"/>
            <field name="internalFlags" type="java.lang.Long" value="0"/>
            <field name="label" type="java.lang.String" value="hlu"/>
            <field name="lastUpdated" type="java.util.Date" value="Thu May 28 19:26:03 UTC 2015"/>
            <field name="opStatus" type="com.emc.storageos.db.client.model.OpStatusMap">
                <wrapper>
                    <opStatusMap/>
                </wrapper>
            </field>
            <field name="override" type="java.lang.Boolean" value="true"/>
            <field name="value" type="java.lang.String" value="-1"/>
        </record>
        <record id="urn:storageos:CatalogServiceField:d8f020a3-6012-4bc1-bf61-bd86c58fab1c:vdc1">
            <readOnlyField>
                <field name="class" type="java.lang.Class" value="class com.emc.storageos.db.client.model.uimodels.CatalogServiceField"/>
                <field name="id" type="java.net.URI" value="urn:storageos:CatalogServiceField:d8f020a3-6012-4bc1-bf61-bd86c58fab1c:vdc1"/>
            </readOnlyField>
            <field name="catalogServiceId" type="com.emc.storageos.db.client.model.NamedURI" value="urn:storageos:CatalogService:9af696cd-8110-4cb8-9e21-57480ab6b776:vdc1:ExtendDatastorewithNewVolume"/>
            <field name="creationTime" type="java.util.Calendar" value="java.util.GregorianCalendar[time=1432841164133,areFieldsSet=true,areAllFieldsSet=true,lenient=true,zone=sun.util.calendar.ZoneInfo[id=&quot;UTC&quot;,offset=0,dstSavings=0,useDaylight=false,transitions=0,lastRule=null],firstDayOfWeek=1,minimalDaysInFirstWeek=1,ERA=1,YEAR=2015,MONTH=4,WEEK_OF_YEAR=22,WEEK_OF_MONTH=5,DAY_OF_MONTH=28,DAY_OF_YEAR=148,DAY_OF_WEEK=5,DAY_OF_WEEK_IN_MONTH=4,AM_PM=1,HOUR=7,HOUR_OF_DAY=19,MINUTE=26,SECOND=4,MILLISECOND=133,ZONE_OFFSET=0,DST_OFFSET=0]"/>
            <field name="inactive" type="java.lang.Boolean" value="false"/>
            <field name="internalFlags" type="java.lang.Long" value="0"/>
            <field name="label" type="java.lang.String" value="hlu"/>
            <field name="lastUpdated" type="java.util.Date" value="Thu May 28 19:26:04 UTC 2015"/>
            <field name="opStatus" type="com.emc.storageos.db.client.model.OpStatusMap">
                <wrapper>
                    <opStatusMap/>
                </wrapper>
            </field>
            <field name="override" type="java.lang.Boolean" value="true"/>
            <field name="value" type="java.lang.String" value="-1"/>
        </record>
        <record id="urn:storageos:CatalogServiceField:67b36332-2ce1-4ba8-9f87-41176546bb0a:vdc1">
            <readOnlyField>
                <field name="class" type="java.lang.Class" value="class com.emc.storageos.db.client.model.uimodels.CatalogServiceField"/>
                <field name="id" type="java.net.URI" value="urn:storageos:CatalogServiceField:67b36332-2ce1-4ba8-9f87-41176546bb0a:vdc1"/>
            </readOnlyField>
            <field name="catalogServiceId" type="com.emc.storageos.db.client.model.NamedURI" value="urn:storageos:CatalogService:d4989d99-061a-4b26-b2b2-f11a12850abf:vdc1:CreateandMountVolume"/>
            <field name="creationTime" type="java.util.Calendar" value="java.util.GregorianCalendar[time=1434118119302,areFieldsSet=true,areAllFieldsSet=true,lenient=true,zone=sun.util.calendar.ZoneInfo[id=&quot;UTC&quot;,offset=0,dstSavings=0,useDaylight=false,transitions=0,lastRule=null],firstDayOfWeek=1,minimalDaysInFirstWeek=1,ERA=1,YEAR=2015,MONTH=5,WEEK_OF_YEAR=24,WEEK_OF_MONTH=2,DAY_OF_MONTH=12,DAY_OF_YEAR=163,DAY_OF_WEEK=6,DAY_OF_WEEK_IN_MONTH=2,AM_PM=1,HOUR=2,HOUR_OF_DAY=14,MINUTE=8,SECOND=39,MILLISECOND=302,ZONE_OFFSET=0,DST_OFFSET=0]"/>
            <field name="inactive" type="java.lang.Boolean" value="false"/>
            <field name="internalFlags" type="java.lang.Long" value="0"/>
            <field name="label" type="java.lang.String" value="virtualArray"/>
            <field name="lastUpdated" type="java.util.Date" value="Fri Jun 12 14:08:39 UTC 2015"/>
            <field name="opStatus" type="com.emc.storageos.db.client.model.OpStatusMap">
                <wrapper>
                    <opStatusMap/>
                </wrapper>
            </field>
            <field name="override" type="java.lang.Boolean" value="true"/>
            <field name="sortedIndex" type="java.lang.Integer" value="9"/>
            <field name="value" type="java.lang.String" value="urn:storageos:VirtualArray:4b82bcca-5b22-4253-b703-87e1e5f1001c:vdc1"/>
        </record>
        <record id="urn:storageos:CatalogServiceField:d8e1024f-b375-436c-8248-5185f42bb054:vdc1">
            <readOnlyField>
                <field name="class" type="java.lang.Class" value="class com.emc.storageos.db.client.model.uimodels.CatalogServiceField"/>
                <field name="id" type="java.net.URI" value="urn:storageos:CatalogServiceField:d8e1024f-b375-436c-8248-5185f42bb054:vdc1"/>
            </readOnlyField>
            <field name="catalogServiceId" type="com.emc.storageos.db.client.model.NamedURI" value="urn:storageos:CatalogService:b990fec4-98d9-42c1-aa34-c3b35e45c739:vdc1:MountExistingVolumeonLinux"/>
            <field name="creationTime" type="java.util.Calendar" value="java.util.GregorianCalendar[time=1432841163503,areFieldsSet=true,areAllFieldsSet=true,lenient=true,zone=sun.util.calendar.ZoneInfo[id=&quot;UTC&quot;,offset=0,dstSavings=0,useDaylight=false,transitions=0,lastRule=null],firstDayOfWeek=1,minimalDaysInFirstWeek=1,ERA=1,YEAR=2015,MONTH=4,WEEK_OF_YEAR=22,WEEK_OF_MONTH=5,DAY_OF_MONTH=28,DAY_OF_YEAR=148,DAY_OF_WEEK=5,DAY_OF_WEEK_IN_MONTH=4,AM_PM=1,HOUR=7,HOUR_OF_DAY=19,MINUTE=26,SECOND=3,MILLISECOND=503,ZONE_OFFSET=0,DST_OFFSET=0]"/>
            <field name="inactive" type="java.lang.Boolean" value="false"/>
            <field name="internalFlags" type="java.lang.Long" value="0"/>
            <field name="label" type="java.lang.String" value="blockSize"/>
            <field name="lastUpdated" type="java.util.Date" value="Thu May 28 19:26:03 UTC 2015"/>
            <field name="opStatus" type="com.emc.storageos.db.client.model.OpStatusMap">
                <wrapper>
                    <opStatusMap/>
                </wrapper>
            </field>
            <field name="override" type="java.lang.Boolean" value="true"/>
            <field name="value" type="java.lang.String" value="DEFAULT"/>
        </record>
        <record id="urn:storageos:CatalogServiceField:5f8f8eb3-6c35-4409-b7f6-9e9c2685b9b0:vdc1">
            <readOnlyField>
                <field name="class" type="java.lang.Class" value="class com.emc.storageos.db.client.model.uimodels.CatalogServiceField"/>
                <field name="id" type="java.net.URI" value="urn:storageos:CatalogServiceField:5f8f8eb3-6c35-4409-b7f6-9e9c2685b9b0:vdc1"/>
            </readOnlyField>
            <field name="catalogServiceId" type="com.emc.storageos.db.client.model.NamedURI" value="urn:storageos:CatalogService:4ba93ebf-c143-4b61-8646-d03ab2f8987b:vdc1:ExportSnapshottoaHost"/>
            <field name="creationTime" type="java.util.Calendar" value="java.util.GregorianCalendar[time=1449156579698,areFieldsSet=true,areAllFieldsSet=true,lenient=true,zone=sun.util.calendar.ZoneInfo[id=&quot;UTC&quot;,offset=0,dstSavings=0,useDaylight=false,transitions=0,lastRule=null],firstDayOfWeek=1,minimalDaysInFirstWeek=1,ERA=1,YEAR=2015,MONTH=11,WEEK_OF_YEAR=49,WEEK_OF_MONTH=1,DAY_OF_MONTH=3,DAY_OF_YEAR=337,DAY_OF_WEEK=5,DAY_OF_WEEK_IN_MONTH=1,AM_PM=1,HOUR=3,HOUR_OF_DAY=15,MINUTE=29,SECOND=39,MILLISECOND=698,ZONE_OFFSET=0,DST_OFFSET=0]"/>
            <field name="inactive" type="java.lang.Boolean" value="false"/>
            <field name="internalFlags" type="java.lang.Long" value="0"/>
            <field name="label" type="java.lang.String" value="hlu"/>
            <field name="lastUpdated" type="java.util.Date" value="Thu Dec 03 15:29:39 UTC 2015"/>
            <field name="opStatus" type="com.emc.storageos.db.client.model.OpStatusMap">
                <wrapper>
                    <opStatusMap/>
                </wrapper>
            </field>
            <field name="override" type="java.lang.Boolean" value="false"/>
            <field name="sortedIndex" type="java.lang.Integer" value="1"/>
        </record>
        <record id="urn:storageos:CatalogServiceField:1f2b75de-70a2-4152-8362-098a2c95e436:vdc1">
            <readOnlyField>
                <field name="class" type="java.lang.Class" value="class com.emc.storageos.db.client.model.uimodels.CatalogServiceField"/>
                <field name="id" type="java.net.URI" value="urn:storageos:CatalogServiceField:1f2b75de-70a2-4152-8362-098a2c95e436:vdc1"/>
            </readOnlyField>
            <field name="catalogServiceId" type="com.emc.storageos.db.client.model.NamedURI" value="urn:storageos:CatalogService:1832103b-7663-4e01-9661-e767a4ece24f:vdc1:CreateFullCopy"/>
            <field name="creationTime" type="java.util.Calendar" value="java.util.GregorianCalendar[time=1449156830041,areFieldsSet=true,areAllFieldsSet=true,lenient=true,zone=sun.util.calendar.ZoneInfo[id=&quot;UTC&quot;,offset=0,dstSavings=0,useDaylight=false,transitions=0,lastRule=null],firstDayOfWeek=1,minimalDaysInFirstWeek=1,ERA=1,YEAR=2015,MONTH=11,WEEK_OF_YEAR=49,WEEK_OF_MONTH=1,DAY_OF_MONTH=3,DAY_OF_YEAR=337,DAY_OF_WEEK=5,DAY_OF_WEEK_IN_MONTH=1,AM_PM=1,HOUR=3,HOUR_OF_DAY=15,MINUTE=33,SECOND=50,MILLISECOND=41,ZONE_OFFSET=0,DST_OFFSET=0]"/>
            <field name="inactive" type="java.lang.Boolean" value="false"/>
            <field name="internalFlags" type="java.lang.Long" value="0"/>
            <field name="label" type="java.lang.String" value="storageType"/>
            <field name="lastUpdated" type="java.util.Date" value="Thu Dec 03 15:33:50 UTC 2015"/>
            <field name="opStatus" type="com.emc.storageos.db.client.model.OpStatusMap">
                <wrapper>
                    <opStatusMap/>
                </wrapper>
            </field>
            <field name="override" type="java.lang.Boolean" value="false"/>
            <field name="sortedIndex" type="java.lang.Integer" value="2"/>
        </record>
        <record id="urn:storageos:CatalogServiceField:bd80f7e6-08ee-40f5-8a25-36c5fc150fe6:vdc1">
            <readOnlyField>
                <field name="class" type="java.lang.Class" value="class com.emc.storageos.db.client.model.uimodels.CatalogServiceField"/>
                <field name="id" type="java.net.URI" value="urn:storageos:CatalogServiceField:bd80f7e6-08ee-40f5-8a25-36c5fc150fe6:vdc1"/>
            </readOnlyField>
            <field name="catalogServiceId" type="com.emc.storageos.db.client.model.NamedURI" value="urn:storageos:CatalogService:5319766c-2eb2-4cd0-bf4a-345fca51a6b5:vdc1:"/>
            <field name="creationTime" type="java.util.Calendar" value="java.util.GregorianCalendar[time=1435181351633,areFieldsSet=true,areAllFieldsSet=true,lenient=true,zone=sun.util.calendar.ZoneInfo[id=&quot;UTC&quot;,offset=0,dstSavings=0,useDaylight=false,transitions=0,lastRule=null],firstDayOfWeek=1,minimalDaysInFirstWeek=1,ERA=1,YEAR=2015,MONTH=5,WEEK_OF_YEAR=26,WEEK_OF_MONTH=4,DAY_OF_MONTH=24,DAY_OF_YEAR=175,DAY_OF_WEEK=4,DAY_OF_WEEK_IN_MONTH=4,AM_PM=1,HOUR=9,HOUR_OF_DAY=21,MINUTE=29,SECOND=11,MILLISECOND=633,ZONE_OFFSET=0,DST_OFFSET=0]"/>
            <field name="inactive" type="java.lang.Boolean" value="false"/>
            <field name="internalFlags" type="java.lang.Long" value="0"/>
            <field name="label" type="java.lang.String" value="hlu"/>
            <field name="lastUpdated" type="java.util.Date" value="Wed Jun 24 21:29:11 UTC 2015"/>
            <field name="opStatus" type="com.emc.storageos.db.client.model.OpStatusMap">
                <wrapper>
                    <opStatusMap/>
                </wrapper>
            </field>
            <field name="override" type="java.lang.Boolean" value="true"/>
            <field name="sortedIndex" type="java.lang.Integer" value="6"/>
            <field name="value" type="java.lang.String" value="-1"/>
        </record>
        <record id="urn:storageos:CatalogServiceField:66ace52e-825c-4a5b-961c-096ebee6f340:vdc1">
            <readOnlyField>
                <field name="class" type="java.lang.Class" value="class com.emc.storageos.db.client.model.uimodels.CatalogServiceField"/>
                <field name="id" type="java.net.URI" value="urn:storageos:CatalogServiceField:66ace52e-825c-4a5b-961c-096ebee6f340:vdc1"/>
            </readOnlyField>
            <field name="catalogServiceId" type="com.emc.storageos.db.client.model.NamedURI" value="urn:storageos:CatalogService:d4989d99-061a-4b26-b2b2-f11a12850abf:vdc1:CreateandMountVolume"/>
            <field name="creationTime" type="java.util.Calendar" value="java.util.GregorianCalendar[time=1434118119119,areFieldsSet=true,areAllFieldsSet=true,lenient=true,zone=sun.util.calendar.ZoneInfo[id=&quot;UTC&quot;,offset=0,dstSavings=0,useDaylight=false,transitions=0,lastRule=null],firstDayOfWeek=1,minimalDaysInFirstWeek=1,ERA=1,YEAR=2015,MONTH=5,WEEK_OF_YEAR=24,WEEK_OF_MONTH=2,DAY_OF_MONTH=12,DAY_OF_YEAR=163,DAY_OF_WEEK=6,DAY_OF_WEEK_IN_MONTH=2,AM_PM=1,HOUR=2,HOUR_OF_DAY=14,MINUTE=8,SECOND=39,MILLISECOND=119,ZONE_OFFSET=0,DST_OFFSET=0]"/>
            <field name="inactive" type="java.lang.Boolean" value="false"/>
            <field name="internalFlags" type="java.lang.Long" value="0"/>
            <field name="label" type="java.lang.String" value="blockStorageType"/>
            <field name="lastUpdated" type="java.util.Date" value="Fri Jun 12 14:08:39 UTC 2015"/>
            <field name="opStatus" type="com.emc.storageos.db.client.model.OpStatusMap">
                <wrapper>
                    <opStatusMap/>
                </wrapper>
            </field>
            <field name="override" type="java.lang.Boolean" value="false"/>
            <field name="sortedIndex" type="java.lang.Integer" value="3"/>
        </record>
    </data_object_schema>
</dbschemas>
