<?xml version="1.0" encoding="utf-8" standalone="no"?>
<dbschemas>
    <data_object_schema name="Cluster">
        <record id="urn:storageos:Cluster:6eb6f0d3-7f1f-4e4b-8ca2-7d45a5018b85:vdc1">
            <readOnlyField>
                <field name="class" type="java.lang.Class" value="class com.emc.storageos.db.client.model.Cluster"/>
                <field name="id" type="java.net.URI" value="urn:storageos:Cluster:6eb6f0d3-7f1f-4e4b-8ca2-7d45a5018b85:vdc1"/>
            </readOnlyField>
            <field name="autoExportEnabled" type="java.lang.Boolean" value="true"/>
            <field name="creationTime" type="java.util.Calendar" value="java.util.GregorianCalendar[time=1434045364905,areFieldsSet=true,areAllFieldsSet=true,lenient=true,zone=sun.util.calendar.ZoneInfo[id=&quot;UTC&quot;,offset=0,dstSavings=0,useDaylight=false,transitions=0,lastRule=null],firstDayOfWeek=1,minimalDaysInFirstWeek=1,ERA=1,YEAR=2015,MONTH=5,WEEK_OF_YEAR=24,WEEK_OF_MONTH=2,DAY_OF_MONTH=11,DAY_OF_YEAR=162,DAY_OF_WEEK=5,DAY_OF_WEEK_IN_MONTH=2,AM_PM=1,HOUR=5,HOUR_OF_DAY=17,MINUTE=56,SECOND=4,MILLISECOND=905,ZONE_OFFSET=0,DST_OFFSET=0]"/>
            <field name="externalId" type="java.lang.String" value="domain-c191"/>
            <field name="inactive" type="java.lang.Boolean" value="false"/>
            <field name="internalFlags" type="java.lang.Long" value="0"/>
            <field name="label" type="java.lang.String" value="VSE Cluster 1"/>
            <field name="opStatus" type="com.emc.storageos.db.client.model.OpStatusMap">
                <wrapper>
                    <opStatusMap/>
                </wrapper>
            </field>
            <field name="tenant" type="java.net.URI" value="urn:storageos:TenantOrg:e8cc450f-4bbe-4018-ba5c-e7f79f7e6932:global"/>
            <field name="vcenterDataCenter" type="java.net.URI" value="urn:storageos:VcenterDataCenter:75021842-6fdb-42a6-8f04-9cca209cd06e:vdc1"/>
        </record>
        <record id="urn:storageos:Cluster:03833f56-b8ad-4231-9303-df4738cd65ac:vdc1">
            <readOnlyField>
                <field name="class" type="java.lang.Class" value="class com.emc.storageos.db.client.model.Cluster"/>
                <field name="id" type="java.net.URI" value="urn:storageos:Cluster:03833f56-b8ad-4231-9303-df4738cd65ac:vdc1"/>
            </readOnlyField>
            <field name="autoExportEnabled" type="java.lang.Boolean" value="true"/>
            <field name="creationTime" type="java.util.Calendar" value="java.util.GregorianCalendar[time=1434046165039,areFieldsSet=true,areAllFieldsSet=true,lenient=true,zone=sun.util.calendar.ZoneInfo[id=&quot;UTC&quot;,offset=0,dstSavings=0,useDaylight=false,transitions=0,lastRule=null],firstDayOfWeek=1,minimalDaysInFirstWeek=1,ERA=1,YEAR=2015,MONTH=5,WEEK_OF_YEAR=24,WEEK_OF_MONTH=2,DAY_OF_MONTH=11,DAY_OF_YEAR=162,DAY_OF_WEEK=5,DAY_OF_WEEK_IN_MONTH=2,AM_PM=1,HOUR=6,HOUR_OF_DAY=18,MINUTE=9,SECOND=25,MILLISECOND=39,ZONE_OFFSET=0,DST_OFFSET=0]"/>
            <field name="inactive" type="java.lang.Boolean" value="false"/>
            <field name="internalFlags" type="java.lang.Long" value="0"/>
            <field name="label" type="java.lang.String" value="VM Clusters"/>
            <field name="opStatus" type="com.emc.storageos.db.client.model.OpStatusMap">
                <wrapper>
                    <opStatusMap/>
                </wrapper>
            </field>
            <field name="tenant" type="java.net.URI" value="urn:storageos:TenantOrg:e8cc450f-4bbe-4018-ba5c-e7f79f7e6932:global"/>
        </record>
        <record id="urn:storageos:Cluster:7236ae06-98b8-444c-98eb-4bf2a902f5d7:vdc1">
            <readOnlyField>
                <field name="class" type="java.lang.Class" value="class com.emc.storageos.db.client.model.Cluster"/>
                <field name="id" type="java.net.URI" value="urn:storageos:Cluster:7236ae06-98b8-444c-98eb-4bf2a902f5d7:vdc1"/>
            </readOnlyField>
            <field name="autoExportEnabled" type="java.lang.Boolean" value="true"/>
            <field name="creationTime" type="java.util.Calendar" value="java.util.GregorianCalendar[time=1434045364829,areFieldsSet=true,areAllFieldsSet=true,lenient=true,zone=sun.util.calendar.ZoneInfo[id=&quot;UTC&quot;,offset=0,dstSavings=0,useDaylight=false,transitions=0,lastRule=null],firstDayOfWeek=1,minimalDaysInFirstWeek=1,ERA=1,YEAR=2015,MONTH=5,WEEK_OF_YEAR=24,WEEK_OF_MONTH=2,DAY_OF_MONTH=11,DAY_OF_YEAR=162,DAY_OF_WEEK=5,DAY_OF_WEEK_IN_MONTH=2,AM_PM=1,HOUR=5,HOUR_OF_DAY=17,MINUTE=56,SECOND=4,MILLISECOND=829,ZONE_OFFSET=0,DST_OFFSET=0]"/>
            <field name="externalId" type="java.lang.String" value="domain-c7"/>
            <field name="inactive" type="java.lang.Boolean" value="false"/>
            <field name="internalFlags" type="java.lang.Long" value="0"/>
            <field name="label" type="java.lang.String" value="VSE Cluster 2"/>
            <field name="opStatus" type="com.emc.storageos.db.client.model.OpStatusMap">
                <wrapper>
                    <opStatusMap/>
                </wrapper>
            </field>
            <field name="tenant" type="java.net.URI" value="urn:storageos:TenantOrg:e8cc450f-4bbe-4018-ba5c-e7f79f7e6932:global"/>
            <field name="vcenterDataCenter" type="java.net.URI" value="urn:storageos:VcenterDataCenter:75021842-6fdb-42a6-8f04-9cca209cd06e:vdc1"/>
        </record>
        <record id="urn:storageos:Cluster:3a3602a9-45b8-4e52-8b47-68f14fa88f33:vdc1">
            <readOnlyField>
                <field name="class" type="java.lang.Class" value="class com.emc.storageos.db.client.model.Cluster"/>
                <field name="id" type="java.net.URI" value="urn:storageos:Cluster:3a3602a9-45b8-4e52-8b47-68f14fa88f33:vdc1"/>
            </readOnlyField>
            <field name="autoExportEnabled" type="java.lang.Boolean" value="true"/>
            <field name="creationTime" type="java.util.Calendar" value="java.util.GregorianCalendar[time=1434045325286,areFieldsSet=true,areAllFieldsSet=true,lenient=true,zone=sun.util.calendar.ZoneInfo[id=&quot;UTC&quot;,offset=0,dstSavings=0,useDaylight=false,transitions=0,lastRule=null],firstDayOfWeek=1,minimalDaysInFirstWeek=1,ERA=1,YEAR=2015,MONTH=5,WEEK_OF_YEAR=24,WEEK_OF_MONTH=2,DAY_OF_MONTH=11,DAY_OF_YEAR=162,DAY_OF_WEEK=5,DAY_OF_WEEK_IN_MONTH=2,AM_PM=1,HOUR=5,HOUR_OF_DAY=17,MINUTE=55,SECOND=25,MILLISECOND=286,ZONE_OFFSET=0,DST_OFFSET=0]"/>
            <field name="externalId" type="java.lang.String" value="domain-c7"/>
            <field name="inactive" type="java.lang.Boolean" value="false"/>
            <field name="internalFlags" type="java.lang.Long" value="0"/>
            <field name="label" type="java.lang.String" value="VSE Cluster 3"/>
            <field name="opStatus" type="com.emc.storageos.db.client.model.OpStatusMap">
                <wrapper>
                    <opStatusMap/>
                </wrapper>
            </field>
            <field name="tenant" type="java.net.URI" value="urn:storageos:TenantOrg:e8cc450f-4bbe-4018-ba5c-e7f79f7e6932:global"/>
            <field name="vcenterDataCenter" type="java.net.URI" value="urn:storageos:VcenterDataCenter:6c1f0329-8f18-4afe-b149-65c11203790e:vdc1"/>
        </record>
        <record id="urn:storageos:Cluster:0955c427-e9aa-4b0a-8994-3df2489f1455:vdc1">
            <readOnlyField>
                <field name="class" type="java.lang.Class" value="class com.emc.storageos.db.client.model.Cluster"/>
                <field name="id" type="java.net.URI" value="urn:storageos:Cluster:0955c427-e9aa-4b0a-8994-3df2489f1455:vdc1"/>
            </readOnlyField>
            <field name="autoExportEnabled" type="java.lang.Boolean" value="true"/>
            <field name="creationTime" type="java.util.Calendar" value="java.util.GregorianCalendar[time=1434045363132,areFieldsSet=true,areAllFieldsSet=true,lenient=true,zone=sun.util.calendar.ZoneInfo[id=&quot;UTC&quot;,offset=0,dstSavings=0,useDaylight=false,transitions=0,lastRule=null],firstDayOfWeek=1,minimalDaysInFirstWeek=1,ERA=1,YEAR=2015,MONTH=5,WEEK_OF_YEAR=24,WEEK_OF_MONTH=2,DAY_OF_MONTH=11,DAY_OF_YEAR=162,DAY_OF_WEEK=5,DAY_OF_WEEK_IN_MONTH=2,AM_PM=1,HOUR=5,HOUR_OF_DAY=17,MINUTE=56,SECOND=3,MILLISECOND=132,ZONE_OFFSET=0,DST_OFFSET=0]"/>
            <field name="externalId" type="java.lang.String" value="domain-c403"/>
            <field name="inactive" type="java.lang.Boolean" value="false"/>
            <field name="internalFlags" type="java.lang.Long" value="0"/>
            <field name="label" type="java.lang.String" value="CSE"/>
            <field name="opStatus" type="com.emc.storageos.db.client.model.OpStatusMap">
                <wrapper>
                    <opStatusMap/>
                </wrapper>
            </field>
            <field name="tenant" type="java.net.URI" value="urn:storageos:TenantOrg:e8cc450f-4bbe-4018-ba5c-e7f79f7e6932:global"/>
            <field name="vcenterDataCenter" type="java.net.URI" value="urn:storageos:VcenterDataCenter:302c3c57-bd9a-419c-8e71-2420b2ad11b3:vdc1"/>
        </record>
        <record id="urn:storageos:Cluster:bb768830-e9e4-449a-8bf8-96df8eca5bf8:vdc1">
            <readOnlyField>
                <field name="class" type="java.lang.Class" value="class com.emc.storageos.db.client.model.Cluster"/>
                <field name="id" type="java.net.URI" value="urn:storageos:Cluster:bb768830-e9e4-449a-8bf8-96df8eca5bf8:vdc1"/>
            </readOnlyField>
            <field name="autoExportEnabled" type="java.lang.Boolean" value="true"/>
            <field name="creationTime" type="java.util.Calendar" value="java.util.GregorianCalendar[time=1432841126123,areFieldsSet=true,areAllFieldsSet=true,lenient=true,zone=sun.util.calendar.ZoneInfo[id=&quot;UTC&quot;,offset=0,dstSavings=0,useDaylight=false,transitions=0,lastRule=null],firstDayOfWeek=1,minimalDaysInFirstWeek=1,ERA=1,YEAR=2015,MONTH=4,WEEK_OF_YEAR=22,WEEK_OF_MONTH=5,DAY_OF_MONTH=28,DAY_OF_YEAR=148,DAY_OF_WEEK=5,DAY_OF_WEEK_IN_MONTH=4,AM_PM=1,HOUR=7,HOUR_OF_DAY=19,MINUTE=25,SECOND=26,MILLISECOND=123,ZONE_OFFSET=0,DST_OFFSET=0]"/>
            <field name="inactive" type="java.lang.Boolean" value="false"/>
            <field name="internalFlags" type="java.lang.Long" value="0"/>
            <field name="label" type="java.lang.String" value="VSE_WinCluster1"/>
            <field name="opStatus" type="com.emc.storageos.db.client.model.OpStatusMap">
                <wrapper>
                    <opStatusMap/>
                </wrapper>
            </field>
            <field name="tenant" type="java.net.URI" value="urn:storageos:TenantOrg:e8cc450f-4bbe-4018-ba5c-e7f79f7e6932:global"/>
        </record>
    </data_object_schema>
</dbschemas>
