<?xml version="1.0" encoding="utf-8" standalone="no"?>
<dbschemas>
    <data_object_schema name="DecommissionedResource">
        <record id="urn:storageos:DecommissionedResource:108bd2d0-ca6b-4e5e-8aa0-7dfa20c311a4:vdc1">
            <readOnlyField>
                <field name="class" type="java.lang.Class" value="class com.emc.storageos.db.client.model.DecommissionedResource"/>
                <field name="id" type="java.net.URI" value="urn:storageos:DecommissionedResource:108bd2d0-ca6b-4e5e-8aa0-7dfa20c311a4:vdc1"/>
            </readOnlyField>
            <field name="creationTime" type="java.util.Calendar" value="java.util.GregorianCalendar[time=1446755413481,areFieldsSet=true,areAllFieldsSet=true,lenient=true,zone=sun.util.calendar.ZoneInfo[id=&quot;UTC&quot;,offset=0,dstSavings=0,useDaylight=false,transitions=0,lastRule=null],firstDayOfWeek=1,minimalDaysInFirstWeek=1,ERA=1,YEAR=2015,MONTH=10,WEEK_OF_YEAR=45,WEEK_OF_MONTH=1,DAY_OF_MONTH=5,DAY_OF_YEAR=309,DAY_OF_WEEK=5,DAY_OF_WEEK_IN_MONTH=1,AM_PM=1,HOUR=8,HOUR_OF_DAY=20,MINUTE=30,SECOND=13,MILLISECOND=481,ZONE_OFFSET=0,DST_OFFSET=0]"/>
            <field name="decommissionedId" type="java.net.URI" value="urn:storageos:StorageSystem:c7e1405d-4a07-4f68-bf07-7cf3a37f78d3:vdc1"/>
            <field name="inactive" type="java.lang.Boolean" value="false"/>
            <field name="internalFlags" type="java.lang.Long" value="0"/>
            <field name="label" type="java.lang.String" value="VPLEX+FNM00141900418:null"/>
            <field name="nativeGuid" type="java.lang.String" value="VPLEX+FNM00141900418:null"/>
            <field name="opStatus" type="com.emc.storageos.db.client.model.OpStatusMap">
                <wrapper>
                    <opStatusMap/>
                </wrapper>
            </field>
            <field name="type" type="java.lang.String" value="StorageSystem"/>
            <field name="user" type="java.lang.String" value="root"/>
        </record>
        <record id="urn:storageos:DecommissionedResource:519bdfed-bbb2-434d-8cf5-891571c3de78:vdc1">
            <readOnlyField>
                <field name="class" type="java.lang.Class" value="class com.emc.storageos.db.client.model.DecommissionedResource"/>
                <field name="id" type="java.net.URI" value="urn:storageos:DecommissionedResource:519bdfed-bbb2-434d-8cf5-891571c3de78:vdc1"/>
            </readOnlyField>
            <field name="creationTime" type="java.util.Calendar" value="java.util.GregorianCalendar[time=1448392497129,areFieldsSet=true,areAllFieldsSet=true,lenient=true,zone=sun.util.calendar.ZoneInfo[id=&quot;UTC&quot;,offset=0,dstSavings=0,useDaylight=false,transitions=0,lastRule=null],firstDayOfWeek=1,minimalDaysInFirstWeek=1,ERA=1,YEAR=2015,MONTH=10,WEEK_OF_YEAR=48,WEEK_OF_MONTH=4,DAY_OF_MONTH=24,DAY_OF_YEAR=328,DAY_OF_WEEK=3,DAY_OF_WEEK_IN_MONTH=4,AM_PM=1,HOUR=7,HOUR_OF_DAY=19,MINUTE=14,SECOND=57,MILLISECOND=129,ZONE_OFFSET=0,DST_OFFSET=0]"/>
            <field name="decommissionedId" type="java.net.URI" value="urn:storageos:StorageSystem:8c95f0ad-aa04-4ce6-a435-adfa31a72313:vdc1"/>
            <field name="inactive" type="java.lang.Boolean" value="false"/>
            <field name="internalFlags" type="java.lang.Long" value="0"/>
            <field name="label" type="java.lang.String" value="CLARIION+APM00140431582"/>
            <field name="nativeGuid" type="java.lang.String" value="CLARIION+APM00140431582"/>
            <field name="opStatus" type="com.emc.storageos.db.client.model.OpStatusMap">
                <wrapper>
                    <opStatusMap/>
                </wrapper>
            </field>
            <field name="type" type="java.lang.String" value="StorageSystem"/>
            <field name="user" type="java.lang.String" value="root"/>
        </record>
        <record id="urn:storageos:DecommissionedResource:37faceb8-ce19-4500-b8d6-77fea271bc22:vdc1">
            <readOnlyField>
                <field name="class" type="java.lang.Class" value="class com.emc.storageos.db.client.model.DecommissionedResource"/>
                <field name="id" type="java.net.URI" value="urn:storageos:DecommissionedResource:37faceb8-ce19-4500-b8d6-77fea271bc22:vdc1"/>
            </readOnlyField>
            <field name="creationTime" type="java.util.Calendar" value="java.util.GregorianCalendar[time=1446755424555,areFieldsSet=true,areAllFieldsSet=true,lenient=true,zone=sun.util.calendar.ZoneInfo[id=&quot;UTC&quot;,offset=0,dstSavings=0,useDaylight=false,transitions=0,lastRule=null],firstDayOfWeek=1,minimalDaysInFirstWeek=1,ERA=1,YEAR=2015,MONTH=10,WEEK_OF_YEAR=45,WEEK_OF_MONTH=1,DAY_OF_MONTH=5,DAY_OF_YEAR=309,DAY_OF_WEEK=5,DAY_OF_WEEK_IN_MONTH=1,AM_PM=1,HOUR=8,HOUR_OF_DAY=20,MINUTE=30,SECOND=24,MILLISECOND=555,ZONE_OFFSET=0,DST_OFFSET=0]"/>
            <field name="decommissionedId" type="java.net.URI" value="urn:storageos:StorageSystem:3bacd478-6bb0-49fb-abc4-5fd325b89eaf:vdc1"/>
            <field name="inactive" type="java.lang.Boolean" value="false"/>
            <field name="internalFlags" type="java.lang.Long" value="0"/>
            <field name="label" type="java.lang.String" value="VPLEX+null:FNM00141200360"/>
            <field name="nativeGuid" type="java.lang.String" value="VPLEX+null:FNM00141200360"/>
            <field name="opStatus" type="com.emc.storageos.db.client.model.OpStatusMap">
                <wrapper>
                    <opStatusMap/>
                </wrapper>
            </field>
            <field name="type" type="java.lang.String" value="StorageSystem"/>
            <field name="user" type="java.lang.String" value="root"/>
        </record>
        <record id="urn:storageos:DecommissionedResource:b56d7310-a4a1-418e-b56f-b6b9d17b6829:vdc1">
            <readOnlyField>
                <field name="class" type="java.lang.Class" value="class com.emc.storageos.db.client.model.DecommissionedResource"/>
                <field name="id" type="java.net.URI" value="urn:storageos:DecommissionedResource:b56d7310-a4a1-418e-b56f-b6b9d17b6829:vdc1"/>
            </readOnlyField>
            <field name="creationTime" type="java.util.Calendar" value="java.util.GregorianCalendar[time=1448392511056,areFieldsSet=true,areAllFieldsSet=true,lenient=true,zone=sun.util.calendar.ZoneInfo[id=&quot;UTC&quot;,offset=0,dstSavings=0,useDaylight=false,transitions=0,lastRule=null],firstDayOfWeek=1,minimalDaysInFirstWeek=1,ERA=1,YEAR=2015,MONTH=10,WEEK_OF_YEAR=48,WEEK_OF_MONTH=4,DAY_OF_MONTH=24,DAY_OF_YEAR=328,DAY_OF_WEEK=3,DAY_OF_WEEK_IN_MONTH=4,AM_PM=1,HOUR=7,HOUR_OF_DAY=19,MINUTE=15,SECOND=11,MILLISECOND=56,ZONE_OFFSET=0,DST_OFFSET=0]"/>
            <field name="decommissionedId" type="java.net.URI" value="urn:storageos:StorageSystem:88144329-a00d-4c4b-b387-e4778a25a478:vdc1"/>
            <field name="inactive" type="java.lang.Boolean" value="false"/>
            <field name="internalFlags" type="java.lang.Long" value="0"/>
            <field name="label" type="java.lang.String" value="SYMMETRIX+000195702258"/>
            <field name="nativeGuid" type="java.lang.String" value="SYMMETRIX+000195702258"/>
            <field name="opStatus" type="com.emc.storageos.db.client.model.OpStatusMap">
                <wrapper>
                    <opStatusMap/>
                </wrapper>
            </field>
            <field name="type" type="java.lang.String" value="StorageSystem"/>
            <field name="user" type="java.lang.String" value="root"/>
        </record>
        <record id="urn:storageos:DecommissionedResource:6e206542-98b8-4756-9bf0-51a353c364ec:vdc1">
            <readOnlyField>
                <field name="class" type="java.lang.Class" value="class com.emc.storageos.db.client.model.DecommissionedResource"/>
                <field name="id" type="java.net.URI" value="urn:storageos:DecommissionedResource:6e206542-98b8-4756-9bf0-51a353c364ec:vdc1"/>
            </readOnlyField>
            <field name="creationTime" type="java.util.Calendar" value="java.util.GregorianCalendar[time=1448392506579,areFieldsSet=true,areAllFieldsSet=true,lenient=true,zone=sun.util.calendar.ZoneInfo[id=&quot;UTC&quot;,offset=0,dstSavings=0,useDaylight=false,transitions=0,lastRule=null],firstDayOfWeek=1,minimalDaysInFirstWeek=1,ERA=1,YEAR=2015,MONTH=10,WEEK_OF_YEAR=48,WEEK_OF_MONTH=4,DAY_OF_MONTH=24,DAY_OF_YEAR=328,DAY_OF_WEEK=3,DAY_OF_WEEK_IN_MONTH=4,AM_PM=1,HOUR=7,HOUR_OF_DAY=19,MINUTE=15,SECOND=6,MILLISECOND=579,ZONE_OFFSET=0,DST_OFFSET=0]"/>
            <field name="decommissionedId" type="java.net.URI" value="urn:storageos:StorageSystem:26eeb486-a577-4263-bd1a-5c3f6bc53efe:vdc1"/>
            <field name="inactive" type="java.lang.Boolean" value="false"/>
            <field name="internalFlags" type="java.lang.Long" value="0"/>
            <field name="label" type="java.lang.String" value="SYMMETRIX+000195702307"/>
            <field name="nativeGuid" type="java.lang.String" value="SYMMETRIX+000195702307"/>
            <field name="opStatus" type="com.emc.storageos.db.client.model.OpStatusMap">
                <wrapper>
                    <opStatusMap/>
                </wrapper>
            </field>
            <field name="type" type="java.lang.String" value="StorageSystem"/>
            <field name="user" type="java.lang.String" value="root"/>
        </record>
        <record id="urn:storageos:DecommissionedResource:786b61f9-c284-46c9-9558-56087454584b:vdc1">
            <readOnlyField>
                <field name="class" type="java.lang.Class" value="class com.emc.storageos.db.client.model.DecommissionedResource"/>
                <field name="id" type="java.net.URI" value="urn:storageos:DecommissionedResource:786b61f9-c284-46c9-9558-56087454584b:vdc1"/>
            </readOnlyField>
            <field name="creationTime" type="java.util.Calendar" value="java.util.GregorianCalendar[time=1448392500033,areFieldsSet=true,areAllFieldsSet=true,lenient=true,zone=sun.util.calendar.ZoneInfo[id=&quot;UTC&quot;,offset=0,dstSavings=0,useDaylight=false,transitions=0,lastRule=null],firstDayOfWeek=1,minimalDaysInFirstWeek=1,ERA=1,YEAR=2015,MONTH=10,WEEK_OF_YEAR=48,WEEK_OF_MONTH=4,DAY_OF_MONTH=24,DAY_OF_YEAR=328,DAY_OF_WEEK=3,DAY_OF_WEEK_IN_MONTH=4,AM_PM=1,HOUR=7,HOUR_OF_DAY=19,MINUTE=15,SECOND=0,MILLISECOND=33,ZONE_OFFSET=0,DST_OFFSET=0]"/>
            <field name="decommissionedId" type="java.net.URI" value="urn:storageos:StorageSystem:7c21b53e-892a-4a8f-ae8c-a009c322dd96:vdc1"/>
            <field name="inactive" type="java.lang.Boolean" value="false"/>
            <field name="internalFlags" type="java.lang.Long" value="0"/>
            <field name="label" type="java.lang.String" value="CLARIION+APM00141512903"/>
            <field name="nativeGuid" type="java.lang.String" value="CLARIION+APM00141512903"/>
            <field name="opStatus" type="com.emc.storageos.db.client.model.OpStatusMap">
                <wrapper>
                    <opStatusMap/>
                </wrapper>
            </field>
            <field name="type" type="java.lang.String" value="StorageSystem"/>
            <field name="user" type="java.lang.String" value="root"/>
        </record>
    </data_object_schema>
</dbschemas>
