<?xml version="1.0" encoding="utf-8" standalone="no"?>
<dbschemas>
    <data_object_schema name="ExportMask">
        <record id="urn:storageos:ExportMask:4e20bc15-06af-4b29-be8d-32d722758024:vdc1">
            <readOnlyField>
                <field name="class" type="java.lang.Class" value="class com.emc.storageos.db.client.model.ExportMask"/>
                <field name="id" type="java.net.URI" value="urn:storageos:ExportMask:4e20bc15-06af-4b29-be8d-32d722758024:vdc1"/>
            </readOnlyField>
            <field name="createdBySystem" type="java.lang.Boolean" value="true"/>
            <field name="creationTime" type="java.util.Calendar" value="java.util.GregorianCalendar[time=1441163599853,areFieldsSet=true,areAllFieldsSet=true,lenient=true,zone=sun.util.calendar.ZoneInfo[id=&quot;UTC&quot;,offset=0,dstSavings=0,useDaylight=false,transitions=0,lastRule=null],firstDayOfWeek=1,minimalDaysInFirstWeek=1,ERA=1,YEAR=2015,MONTH=8,WEEK_OF_YEAR=36,WEEK_OF_MONTH=1,DAY_OF_MONTH=2,DAY_OF_YEAR=245,DAY_OF_WEEK=4,DAY_OF_WEEK_IN_MONTH=1,AM_PM=0,HOUR=3,HOUR_OF_DAY=3,MINUTE=13,SECOND=19,MILLISECOND=853,ZONE_OFFSET=0,DST_OFFSET=0]"/>
            <field name="inactive" type="java.lang.Boolean" value="false"/>
            <field name="initiators" type="com.emc.storageos.db.client.model.StringSet">
                <wrapper>
                    <stringSet>urn:storageos:Initiator:1146772a-e333-4f1f-8253-5d3290bd27e3:vdc1</stringSet>
                    <stringSet>urn:storageos:Initiator:479a72c2-5327-45ba-87fc-dc3647a35414:vdc1</stringSet>
                </wrapper>
            </field>
            <field name="internalFlags" type="java.lang.Long" value="0"/>
            <field name="label" type="java.lang.String" value=""/>
            <field name="maskName" type="java.lang.String" value="1024714425_307"/>
            <field name="nativeId" type="java.lang.String" value="SYMMETRIX+000195702307+1024714425_307"/>
            <field name="opStatus" type="com.emc.storageos.db.client.model.OpStatusMap">
                <wrapper>
                    <opStatusMap/>
                </wrapper>
            </field>
            <field name="resource" type="java.lang.String" value="urn:storageos:Host:f604a577-0247-45ee-885a-0263c3df9ce0:vdc1"/>
            <field name="storageDevice" type="java.net.URI" value="urn:storageos:StorageSystem:26eeb486-a577-4263-bd1a-5c3f6bc53efe:vdc1"/>
            <field name="storagePorts" type="com.emc.storageos.db.client.model.StringSet">
                <wrapper>
                    <stringSet>urn:storageos:StoragePort:a9fe38d2-ac1b-49cd-9372-18fc208a3f94:vdc1</stringSet>
                    <stringSet>urn:storageos:StoragePort:0ceda744-0db7-41fc-a9d4-ee688f443738:vdc1</stringSet>
                </wrapper>
            </field>
            <field name="userAddedVolumes" type="com.emc.storageos.db.client.model.StringMap">
                <wrapper>
                    <stringMap>
                        <entry>
                            <key>60000970000195702307533030343433</key>
                            <value>urn:storageos:Volume:f70b416f-d50d-40c2-bb97-1b3d35e04914:vdc1</value>
                        </entry>
                    </stringMap>
                </wrapper>
            </field>
            <field name="volumes" type="com.emc.storageos.db.client.model.StringMap">
                <wrapper>
                    <stringMap>
                        <entry>
                            <key>urn:storageos:Volume:f70b416f-d50d-40c2-bb97-1b3d35e04914:vdc1</key>
                            <value>0</value>
                        </entry>
                    </stringMap>
                </wrapper>
            </field>
            <field name="zoningMap" type="com.emc.storageos.db.client.model.StringSetMap">
                <wrapper>
                    <stringSetMap>
                        <entry>
                            <key>urn:storageos:Initiator:1146772a-e333-4f1f-8253-5d3290bd27e3:vdc1</key>
                            <value>urn:storageos:StoragePort:a9fe38d2-ac1b-49cd-9372-18fc208a3f94:vdc1</value>
                        </entry>
                        <entry>
                            <key>urn:storageos:Initiator:479a72c2-5327-45ba-87fc-dc3647a35414:vdc1</key>
                            <value>urn:storageos:StoragePort:0ceda744-0db7-41fc-a9d4-ee688f443738:vdc1</value>
                        </entry>
                    </stringSetMap>
                </wrapper>
            </field>
        </record>
        <record id="urn:storageos:ExportMask:4b8a6c26-d502-4167-86fd-359e143733cc:vdc1">
            <readOnlyField>
                <field name="class" type="java.lang.Class" value="class com.emc.storageos.db.client.model.ExportMask"/>
                <field name="id" type="java.net.URI" value="urn:storageos:ExportMask:4b8a6c26-d502-4167-86fd-359e143733cc:vdc1"/>
            </readOnlyField>
            <field name="createdBySystem" type="java.lang.Boolean" value="false"/>
            <field name="creationTime" type="java.util.Calendar" value="java.util.GregorianCalendar[time=1437414791387,areFieldsSet=true,areAllFieldsSet=true,lenient=true,zone=sun.util.calendar.ZoneInfo[id=&quot;UTC&quot;,offset=0,dstSavings=0,useDaylight=false,transitions=0,lastRule=null],firstDayOfWeek=1,minimalDaysInFirstWeek=1,ERA=1,YEAR=2015,MONTH=6,WEEK_OF_YEAR=30,WEEK_OF_MONTH=4,DAY_OF_MONTH=20,DAY_OF_YEAR=201,DAY_OF_WEEK=2,DAY_OF_WEEK_IN_MONTH=3,AM_PM=1,HOUR=5,HOUR_OF_DAY=17,MINUTE=53,SECOND=11,MILLISECOND=387,ZONE_OFFSET=0,DST_OFFSET=0]"/>
            <field name="existingInitiators" type="com.emc.storageos.db.client.model.StringSet">
                <wrapper>
                    <stringSet>10000090FA344F8A</stringSet>
                    <stringSet>10000090FA344F8B</stringSet>
                </wrapper>
            </field>
            <field name="existingVolumes" type="com.emc.storageos.db.client.model.StringMap">
                <wrapper>
                    <stringMap>
                        <entry>
                            <key>60060160186035004168C8015F17E411</key>
                            <value>0</value>
                        </entry>
                        <entry>
                            <key>60060160593035003EB015EA6722E411</key>
                            <value>1</value>
                        </entry>
                    </stringMap>
                </wrapper>
            </field>
            <field name="inactive" type="java.lang.Boolean" value="false"/>
            <field name="initiators" type="com.emc.storageos.db.client.model.StringSet">
                <wrapper>
                    <stringSet>urn:storageos:Initiator:59f25cff-6731-4e72-a1c5-2b069522c333:vdc1</stringSet>
                    <stringSet>urn:storageos:Initiator:ae1fb88d-2b4b-4fc9-ac41-392657002d80:vdc1</stringSet>
                </wrapper>
            </field>
            <field name="internalFlags" type="java.lang.Long" value="0"/>
            <field name="label" type="java.lang.String" value=""/>
            <field name="maskName" type="java.lang.String" value="VSE-Cluster-1_10-247-144-20_903"/>
            <field name="nativeId" type="java.lang.String" value="CLARiiON+APM00141512903+54d64f1a5f17e411864cf36b26108327"/>
            <field name="opStatus" type="com.emc.storageos.db.client.model.OpStatusMap">
                <wrapper>
                    <opStatusMap/>
                </wrapper>
            </field>
            <field name="resource" type="java.lang.String" value="null"/>
            <field name="storageDevice" type="java.net.URI" value="urn:storageos:StorageSystem:7c21b53e-892a-4a8f-ae8c-a009c322dd96:vdc1"/>
            <field name="storagePorts" type="com.emc.storageos.db.client.model.StringSet">
                <wrapper>
                    <stringSet>urn:storageos:StoragePort:f26342b9-4681-45c2-842c-0ba7c11a461b:vdc1</stringSet>
                    <stringSet>urn:storageos:StoragePort:9660a312-5770-4a1d-aeeb-9c2ba4de5e1a:vdc1</stringSet>
                    <stringSet>urn:storageos:StoragePort:bea27a8b-696e-4ec4-b3e8-75360235b065:vdc1</stringSet>
                    <stringSet>urn:storageos:StoragePort:00a7c52d-1ca8-4fcf-9862-afaaa2438fe4:vdc1</stringSet>
                </wrapper>
            </field>
            <field name="userAddedVolumes" type="com.emc.storageos.db.client.model.StringMap">
                <wrapper>
                    <stringMap>
                        <entry>
                            <key>6006016018603500D929D1C0002FE511</key>
                            <value>urn:storageos:Volume:24d157f8-a531-4ae4-865d-f08b592bf634:vdc1</value>
                        </entry>
                    </stringMap>
                </wrapper>
            </field>
            <field name="volumes" type="com.emc.storageos.db.client.model.StringMap">
                <wrapper>
                    <stringMap>
                        <entry>
                            <key>urn:storageos:Volume:24d157f8-a531-4ae4-865d-f08b592bf634:vdc1</key>
                            <value>2</value>
                        </entry>
                    </stringMap>
                </wrapper>
            </field>
            <field name="zoningMap" type="com.emc.storageos.db.client.model.StringSetMap">
                <wrapper>
                    <stringSetMap/>
                </wrapper>
            </field>
        </record>
        <record id="urn:storageos:ExportMask:e3f3c633-58be-4cf3-87ba-d0cb223748d5:vdc1">
            <readOnlyField>
                <field name="class" type="java.lang.Class" value="class com.emc.storageos.db.client.model.ExportMask"/>
                <field name="id" type="java.net.URI" value="urn:storageos:ExportMask:e3f3c633-58be-4cf3-87ba-d0cb223748d5:vdc1"/>
            </readOnlyField>
            <field name="createdBySystem" type="java.lang.Boolean" value="false"/>
            <field name="creationTime" type="java.util.Calendar" value="java.util.GregorianCalendar[time=1435112770072,areFieldsSet=true,areAllFieldsSet=true,lenient=true,zone=sun.util.calendar.ZoneInfo[id=&quot;UTC&quot;,offset=0,dstSavings=0,useDaylight=false,transitions=0,lastRule=null],firstDayOfWeek=1,minimalDaysInFirstWeek=1,ERA=1,YEAR=2015,MONTH=5,WEEK_OF_YEAR=26,WEEK_OF_MONTH=4,DAY_OF_MONTH=24,DAY_OF_YEAR=175,DAY_OF_WEEK=4,DAY_OF_WEEK_IN_MONTH=4,AM_PM=0,HOUR=2,HOUR_OF_DAY=2,MINUTE=26,SECOND=10,MILLISECOND=72,ZONE_OFFSET=0,DST_OFFSET=0]"/>
            <field name="existingInitiators" type="com.emc.storageos.db.client.model.StringSet">
                <wrapper>
                    <stringSet>10000090FA34383E</stringSet>
                </wrapper>
            </field>
            <field name="existingVolumes" type="com.emc.storageos.db.client.model.StringMap">
                <wrapper>
                    <stringMap>
                        <entry>
                            <key>60000970000195702258533030324342</key>
                            <value>1</value>
                        </entry>
                        <entry>
                            <key>60000970000195702258533030333233</key>
                            <value>2</value>
                        </entry>
                    </stringMap>
                </wrapper>
            </field>
            <field name="inactive" type="java.lang.Boolean" value="false"/>
            <field name="initiators" type="com.emc.storageos.db.client.model.StringSet">
                <wrapper>
                    <stringSet>urn:storageos:Initiator:656c9049-70a0-4002-840e-f63e4b617f65:vdc1</stringSet>
                </wrapper>
            </field>
            <field name="internalFlags" type="java.lang.Long" value="0"/>
            <field name="label" type="java.lang.String" value=""/>
            <field name="maskName" type="java.lang.String" value="lglbx035-MV2"/>
            <field name="nativeId" type="java.lang.String" value="SYMMETRIX+000195702258+lglbx035-MV2"/>
            <field name="opStatus" type="com.emc.storageos.db.client.model.OpStatusMap">
                <wrapper>
                    <opStatusMap/>
                </wrapper>
            </field>
            <field name="resource" type="java.lang.String" value="null"/>
            <field name="storageDevice" type="java.net.URI" value="urn:storageos:StorageSystem:88144329-a00d-4c4b-b387-e4778a25a478:vdc1"/>
            <field name="storagePorts" type="com.emc.storageos.db.client.model.StringSet">
                <wrapper>
                    <stringSet>urn:storageos:StoragePort:5edabeba-7428-4e61-8786-be9035a8c143:vdc1</stringSet>
                    <stringSet>urn:storageos:StoragePort:67c1e05a-bbed-44b1-a2ca-d2cf0e416912:vdc1</stringSet>
                    <stringSet>urn:storageos:StoragePort:04bd37eb-6374-4665-92d6-5f15771fac3a:vdc1</stringSet>
                    <stringSet>urn:storageos:StoragePort:987e7490-203f-4c11-8b2f-a6e230c41c3e:vdc1</stringSet>
                </wrapper>
            </field>
            <field name="userAddedVolumes" type="com.emc.storageos.db.client.model.StringMap">
                <wrapper>
                    <stringMap>
                        <entry>
                            <key>60000970000195702258533030324637</key>
                            <value>urn:storageos:Volume:4be4d888-df0c-4d50-a86c-ce854b589345:vdc1</value>
                        </entry>
                    </stringMap>
                </wrapper>
            </field>
            <field name="volumes" type="com.emc.storageos.db.client.model.StringMap">
                <wrapper>
                    <stringMap>
                        <entry>
                            <key>urn:storageos:Volume:4be4d888-df0c-4d50-a86c-ce854b589345:vdc1</key>
                            <value>0</value>
                        </entry>
                    </stringMap>
                </wrapper>
            </field>
            <field name="zoningMap" type="com.emc.storageos.db.client.model.StringSetMap">
                <wrapper>
                    <stringSetMap>
                        <entry>
                            <key>urn:storageos:Initiator:656c9049-70a0-4002-840e-f63e4b617f65:vdc1</key>
                            <value>urn:storageos:StoragePort:5edabeba-7428-4e61-8786-be9035a8c143:vdc1</value>
                            <value>urn:storageos:StoragePort:04bd37eb-6374-4665-92d6-5f15771fac3a:vdc1</value>
                        </entry>
                    </stringSetMap>
                </wrapper>
            </field>
        </record>
        <record id="urn:storageos:ExportMask:ef075d96-3170-4e2c-a208-6c004bb3a7c3:vdc1">
            <readOnlyField>
                <field name="class" type="java.lang.Class" value="class com.emc.storageos.db.client.model.ExportMask"/>
                <field name="id" type="java.net.URI" value="urn:storageos:ExportMask:ef075d96-3170-4e2c-a208-6c004bb3a7c3:vdc1"/>
            </readOnlyField>
            <field name="createdBySystem" type="java.lang.Boolean" value="false"/>
            <field name="creationTime" type="java.util.Calendar" value="java.util.GregorianCalendar[time=1441163579982,areFieldsSet=true,areAllFieldsSet=true,lenient=true,zone=sun.util.calendar.ZoneInfo[id=&quot;UTC&quot;,offset=0,dstSavings=0,useDaylight=false,transitions=0,lastRule=null],firstDayOfWeek=1,minimalDaysInFirstWeek=1,ERA=1,YEAR=2015,MONTH=8,WEEK_OF_YEAR=36,WEEK_OF_MONTH=1,DAY_OF_MONTH=2,DAY_OF_YEAR=245,DAY_OF_WEEK=4,DAY_OF_WEEK_IN_MONTH=1,AM_PM=0,HOUR=3,HOUR_OF_DAY=3,MINUTE=12,SECOND=59,MILLISECOND=982,ZONE_OFFSET=0,DST_OFFSET=0]"/>
            <field name="existingInitiators" type="com.emc.storageos.db.client.model.StringSet">
                <wrapper>
                    <stringSet>10000090FA343AC5</stringSet>
                    <stringSet>10000090FA343AC4</stringSet>
                    <stringSet>10000090FA344F9F</stringSet>
                    <stringSet>10000090FA34395A</stringSet>
                    <stringSet>10000090FA344F9E</stringSet>
                    <stringSet>10000090FA34395B</stringSet>
                    <stringSet>10000090FA344A96</stringSet>
                    <stringSet>10000090FA344A97</stringSet>
                </wrapper>
            </field>
            <field name="existingVolumes" type="com.emc.storageos.db.client.model.StringMap">
                <wrapper>
                    <stringMap>
                        <entry>
                            <key>60000970000195702307533030303737</key>
                            <value>35</value>
                        </entry>
                        <entry>
                            <key>60000970000195702307533030303736</key>
                            <value>34</value>
                        </entry>
                        <entry>
                            <key>60000970000195702307533030303735</key>
                            <value>33</value>
                        </entry>
                        <entry>
                            <key>60000970000195702307533030303734</key>
                            <value>32</value>
                        </entry>
                        <entry>
                            <key>60000970000195702307533030303733</key>
                            <value>31</value>
                        </entry>
                        <entry>
                            <key>60000970000195702307533030303742</key>
                            <value>39</value>
                        </entry>
                        <entry>
                            <key>60000970000195702307533030303732</key>
                            <value>30</value>
                        </entry>
                        <entry>
                            <key>60000970000195702307533030303741</key>
                            <value>38</value>
                        </entry>
                        <entry>
                            <key>60000970000195702307533030303731</key>
                            <value>29</value>
                        </entry>
                        <entry>
                            <key>60000970000195702307533030303743</key>
                            <value>40</value>
                        </entry>
                        <entry>
                            <key>60000970000195702307533030333642</key>
                            <value>24</value>
                        </entry>
                        <entry>
                            <key>60000970000195702307533030333641</key>
                            <value>23</value>
                        </entry>
                        <entry>
                            <key>60000970000195702307533030333644</key>
                            <value>26</value>
                        </entry>
                        <entry>
                            <key>60000970000195702307533030333643</key>
                            <value>25</value>
                        </entry>
                        <entry>
                            <key>60000970000195702307533030333646</key>
                            <value>28</value>
                        </entry>
                        <entry>
                            <key>60000970000195702307533030303739</key>
                            <value>37</value>
                        </entry>
                        <entry>
                            <key>60000970000195702307533030333645</key>
                            <value>27</value>
                        </entry>
                        <entry>
                            <key>60000970000195702307533030303738</key>
                            <value>36</value>
                        </entry>
                    </stringMap>
                </wrapper>
            </field>
            <field name="inactive" type="java.lang.Boolean" value="false"/>
            <field name="initiators" type="com.emc.storageos.db.client.model.StringSet">
                <wrapper>
                    <stringSet>urn:storageos:Initiator:13b7c1ee-37ce-49bf-bb58-4d8d05767f68:vdc1</stringSet>
                    <stringSet>urn:storageos:Initiator:bf69f1db-36c1-420f-8620-82e00c688e16:vdc1</stringSet>
                    <stringSet>urn:storageos:Initiator:1146772a-e333-4f1f-8253-5d3290bd27e3:vdc1</stringSet>
                    <stringSet>urn:storageos:Initiator:4ba7ba09-21de-4120-be6e-fb7fc4986cfc:vdc1</stringSet>
                    <stringSet>urn:storageos:Initiator:0b44d8a4-af57-4ea4-beec-c3328a24c64e:vdc1</stringSet>
                    <stringSet>urn:storageos:Initiator:8a51b4a2-49da-426a-97bc-77082bae83ec:vdc1</stringSet>
                    <stringSet>urn:storageos:Initiator:a845a5c7-e6df-4913-bc31-99fe3a6fa729:vdc1</stringSet>
                    <stringSet>urn:storageos:Initiator:479a72c2-5327-45ba-87fc-dc3647a35414:vdc1</stringSet>
                </wrapper>
            </field>
            <field name="internalFlags" type="java.lang.Long" value="0"/>
            <field name="label" type="java.lang.String" value=""/>
            <field name="maskName" type="java.lang.String" value="GK-VSECluster2"/>
            <field name="nativeId" type="java.lang.String" value="SYMMETRIX+000195702307+GK-VSECluster2"/>
            <field name="opStatus" type="com.emc.storageos.db.client.model.OpStatusMap">
                <wrapper>
                    <opStatusMap/>
                </wrapper>
            </field>
            <field name="resource" type="java.lang.String" value="null"/>
            <field name="storageDevice" type="java.net.URI" value="urn:storageos:StorageSystem:26eeb486-a577-4263-bd1a-5c3f6bc53efe:vdc1"/>
            <field name="storagePorts" type="com.emc.storageos.db.client.model.StringSet">
                <wrapper>
                    <stringSet>urn:storageos:StoragePort:4ff2eaee-21ac-45cd-89c3-71aa77727fa5:vdc1</stringSet>
                </wrapper>
            </field>
            <field name="zoningMap" type="com.emc.storageos.db.client.model.StringSetMap">
                <wrapper>
                    <stringSetMap/>
                </wrapper>
            </field>
        </record>
        <record id="urn:storageos:ExportMask:bc483de4-dac4-4bb1-ab61-0b2e0aa13d44:vdc1">
            <readOnlyField>
                <field name="class" type="java.lang.Class" value="class com.emc.storageos.db.client.model.ExportMask"/>
                <field name="id" type="java.net.URI" value="urn:storageos:ExportMask:bc483de4-dac4-4bb1-ab61-0b2e0aa13d44:vdc1"/>
            </readOnlyField>
            <field name="createdBySystem" type="java.lang.Boolean" value="true"/>
            <field name="creationTime" type="java.util.Calendar" value="java.util.GregorianCalendar[time=1437740991805,areFieldsSet=true,areAllFieldsSet=true,lenient=true,zone=sun.util.calendar.ZoneInfo[id=&quot;UTC&quot;,offset=0,dstSavings=0,useDaylight=false,transitions=0,lastRule=null],firstDayOfWeek=1,minimalDaysInFirstWeek=1,ERA=1,YEAR=2015,MONTH=6,WEEK_OF_YEAR=30,WEEK_OF_MONTH=4,DAY_OF_MONTH=24,DAY_OF_YEAR=205,DAY_OF_WEEK=6,DAY_OF_WEEK_IN_MONTH=4,AM_PM=1,HOUR=0,HOUR_OF_DAY=12,MINUTE=29,SECOND=51,MILLISECOND=805,ZONE_OFFSET=0,DST_OFFSET=0]"/>
            <field name="inactive" type="java.lang.Boolean" value="false"/>
            <field name="initiators" type="com.emc.storageos.db.client.model.StringSet">
                <wrapper>
                    <stringSet>urn:storageos:Initiator:b18211ac-309a-415d-aca6-07d8f566946a:vdc1</stringSet>
                    <stringSet>urn:storageos:Initiator:656c9049-70a0-4002-840e-f63e4b617f65:vdc1</stringSet>
                </wrapper>
            </field>
            <field name="internalFlags" type="java.lang.Long" value="0"/>
            <field name="label" type="java.lang.String" value=""/>
            <field name="maskName" type="java.lang.String" value="1024714435_307"/>
            <field name="nativeId" type="java.lang.String" value="SYMMETRIX+000195702307+1024714435_307"/>
            <field name="opStatus" type="com.emc.storageos.db.client.model.OpStatusMap">
                <wrapper>
                    <opStatusMap/>
                </wrapper>
            </field>
            <field name="resource" type="java.lang.String" value="urn:storageos:Host:27bed0ab-7c19-4978-ba4d-64a06a4a9862:vdc1"/>
            <field name="storageDevice" type="java.net.URI" value="urn:storageos:StorageSystem:26eeb486-a577-4263-bd1a-5c3f6bc53efe:vdc1"/>
            <field name="storagePorts" type="com.emc.storageos.db.client.model.StringSet">
                <wrapper>
                    <stringSet>urn:storageos:StoragePort:ff5ec7db-9116-4131-96a6-588324d9fb11:vdc1</stringSet>
                    <stringSet>urn:storageos:StoragePort:1518a8c0-276c-42ef-a402-7502a80f823c:vdc1</stringSet>
                </wrapper>
            </field>
            <field name="userAddedInitiators" type="com.emc.storageos.db.client.model.StringMap">
                <wrapper>
                    <stringMap>
                        <entry>
                            <key>10000090FA34383F</key>
                            <value>urn:storageos:Initiator:b18211ac-309a-415d-aca6-07d8f566946a:vdc1</value>
                        </entry>
                        <entry>
                            <key>10000090FA34383E</key>
                            <value>urn:storageos:Initiator:656c9049-70a0-4002-840e-f63e4b617f65:vdc1</value>
                        </entry>
                    </stringMap>
                </wrapper>
            </field>
            <field name="userAddedVolumes" type="com.emc.storageos.db.client.model.StringMap">
                <wrapper>
                    <stringMap>
                        <entry>
                            <key>60000970000195702307533030334241</key>
                            <value>urn:storageos:Volume:b66245bf-8287-4af1-a1a9-a072d9ae5004:vdc1</value>
                        </entry>
                        <entry>
                            <key>60000970000195702307533030334538</key>
                            <value>urn:storageos:Volume:23bf821f-5f23-4e9f-87c6-865d79cf1134:vdc1</value>
                        </entry>
                        <entry>
                            <key>60000970000195702307533030343641</key>
                            <value>urn:storageos:Volume:8aa51f23-8863-4fc1-b883-dc7915f68786:vdc1</value>
                        </entry>
                        <entry>
                            <key>60000970000195702307533030343433</key>
                            <value>urn:storageos:Volume:f70b416f-d50d-40c2-bb97-1b3d35e04914:vdc1</value>
                        </entry>
                    </stringMap>
                </wrapper>
            </field>
            <field name="volumes" type="com.emc.storageos.db.client.model.StringMap">
                <wrapper>
                    <stringMap>
                        <entry>
                            <key>urn:storageos:Volume:f70b416f-d50d-40c2-bb97-1b3d35e04914:vdc1</key>
                            <value>2</value>
                        </entry>
                        <entry>
                            <key>urn:storageos:Volume:b66245bf-8287-4af1-a1a9-a072d9ae5004:vdc1</key>
                            <value>0</value>
                        </entry>
                        <entry>
                            <key>urn:storageos:Volume:8aa51f23-8863-4fc1-b883-dc7915f68786:vdc1</key>
                            <value>3</value>
                        </entry>
                        <entry>
                            <key>urn:storageos:Volume:23bf821f-5f23-4e9f-87c6-865d79cf1134:vdc1</key>
                            <value>1</value>
                        </entry>
                    </stringMap>
                </wrapper>
            </field>
            <field name="zoningMap" type="com.emc.storageos.db.client.model.StringSetMap">
                <wrapper>
                    <stringSetMap>
                        <entry>
                            <key>urn:storageos:Initiator:b18211ac-309a-415d-aca6-07d8f566946a:vdc1</key>
                            <value>urn:storageos:StoragePort:1518a8c0-276c-42ef-a402-7502a80f823c:vdc1</value>
                        </entry>
                        <entry>
                            <key>urn:storageos:Initiator:656c9049-70a0-4002-840e-f63e4b617f65:vdc1</key>
                            <value>urn:storageos:StoragePort:ff5ec7db-9116-4131-96a6-588324d9fb11:vdc1</value>
                        </entry>
                    </stringSetMap>
                </wrapper>
            </field>
        </record>
        <record id="urn:storageos:ExportMask:31cb2bb8-3b44-4489-90e3-6f6d0def9a9f:vdc1">
            <readOnlyField>
                <field name="class" type="java.lang.Class" value="class com.emc.storageos.db.client.model.ExportMask"/>
                <field name="id" type="java.net.URI" value="urn:storageos:ExportMask:31cb2bb8-3b44-4489-90e3-6f6d0def9a9f:vdc1"/>
            </readOnlyField>
            <field name="createdBySystem" type="java.lang.Boolean" value="false"/>
            <field name="creationTime" type="java.util.Calendar" value="java.util.GregorianCalendar[time=1441163579306,areFieldsSet=true,areAllFieldsSet=true,lenient=true,zone=sun.util.calendar.ZoneInfo[id=&quot;UTC&quot;,offset=0,dstSavings=0,useDaylight=false,transitions=0,lastRule=null],firstDayOfWeek=1,minimalDaysInFirstWeek=1,ERA=1,YEAR=2015,MONTH=8,WEEK_OF_YEAR=36,WEEK_OF_MONTH=1,DAY_OF_MONTH=2,DAY_OF_YEAR=245,DAY_OF_WEEK=4,DAY_OF_WEEK_IN_MONTH=1,AM_PM=0,HOUR=3,HOUR_OF_DAY=3,MINUTE=12,SECOND=59,MILLISECOND=306,ZONE_OFFSET=0,DST_OFFSET=0]"/>
            <field name="existingInitiators" type="com.emc.storageos.db.client.model.StringSet">
                <wrapper>
                    <stringSet>10000090FA343AC5</stringSet>
                    <stringSet>10000090FA343AC4</stringSet>
                    <stringSet>10000090FA344F9F</stringSet>
                    <stringSet>10000090FA34395A</stringSet>
                    <stringSet>10000090FA344F9E</stringSet>
                    <stringSet>10000090FA34395B</stringSet>
                    <stringSet>10000090FA344A96</stringSet>
                    <stringSet>10000090FA344A97</stringSet>
                </wrapper>
            </field>
            <field name="existingVolumes" type="com.emc.storageos.db.client.model.StringMap">
                <wrapper>
                    <stringMap>
                        <entry>
                            <key>60000970000195702307533030324445</key>
                            <value>41</value>
                        </entry>
                        <entry>
                            <key>60000970000195702307533030324446</key>
                            <value>42</value>
                        </entry>
                        <entry>
                            <key>60000970000195702307533030324443</key>
                            <value>39</value>
                        </entry>
                        <entry>
                            <key>60000970000195702307533030303542</key>
                            <value>0</value>
                        </entry>
                        <entry>
                            <key>60000970000195702307533030324444</key>
                            <value>40</value>
                        </entry>
                        <entry>
                            <key>60000970000195702307533030303641</key>
                            <value>15</value>
                        </entry>
                        <entry>
                            <key>60000970000195702307533030343535</key>
                            <value>32</value>
                        </entry>
                        <entry>
                            <key>60000970000195702307533030343534</key>
                            <value>31</value>
                        </entry>
                        <entry>
                            <key>60000970000195702307533030343533</key>
                            <value>30</value>
                        </entry>
                        <entry>
                            <key>60000970000195702307533030343532</key>
                            <value>29</value>
                        </entry>
                        <entry>
                            <key>60000970000195702307533030343531</key>
                            <value>28</value>
                        </entry>
                        <entry>
                            <key>60000970000195702307533030343530</key>
                            <value>27</value>
                        </entry>
                        <entry>
                            <key>60000970000195702307533030303643</key>
                            <value>18</value>
                        </entry>
                        <entry>
                            <key>60000970000195702307533030303642</key>
                            <value>17</value>
                        </entry>
                        <entry>
                            <key>60000970000195702307533030303645</key>
                            <value>20</value>
                        </entry>
                        <entry>
                            <key>60000970000195702307533030303644</key>
                            <value>19</value>
                        </entry>
                        <entry>
                            <key>60000970000195702307533030324442</key>
                            <value>38</value>
                        </entry>
                        <entry>
                            <key>60000970000195702307533030303543</key>
                            <value>1</value>
                        </entry>
                        <entry>
                            <key>60000970000195702307533030324441</key>
                            <value>37</value>
                        </entry>
                        <entry>
                            <key>60000970000195702307533030303544</key>
                            <value>2</value>
                        </entry>
                        <entry>
                            <key>60000970000195702307533030303646</key>
                            <value>21</value>
                        </entry>
                        <entry>
                            <key>60000970000195702307533030303545</key>
                            <value>3</value>
                        </entry>
                        <entry>
                            <key>60000970000195702307533030343536</key>
                            <value>33</value>
                        </entry>
                        <entry>
                            <key>60000970000195702307533030303546</key>
                            <value>4</value>
                        </entry>
                        <entry>
                            <key>60000970000195702307533030324437</key>
                            <value>34</value>
                        </entry>
                        <entry>
                            <key>60000970000195702307533030324438</key>
                            <value>35</value>
                        </entry>
                        <entry>
                            <key>60000970000195702307533030324439</key>
                            <value>36</value>
                        </entry>
                        <entry>
                            <key>60000970000195702307533030303630</key>
                            <value>5</value>
                        </entry>
                        <entry>
                            <key>60000970000195702307533030303730</key>
                            <value>22</value>
                        </entry>
                        <entry>
                            <key>60000970000195702307533030324530</key>
                            <value>43</value>
                        </entry>
                        <entry>
                            <key>60000970000195702307533030303639</key>
                            <value>14</value>
                        </entry>
                        <entry>
                            <key>60000970000195702307533030303634</key>
                            <value>9</value>
                        </entry>
                        <entry>
                            <key>60000970000195702307533030303633</key>
                            <value>8</value>
                        </entry>
                        <entry>
                            <key>60000970000195702307533030303632</key>
                            <value>7</value>
                        </entry>
                        <entry>
                            <key>60000970000195702307533030303631</key>
                            <value>6</value>
                        </entry>
                        <entry>
                            <key>60000970000195702307533030343445</key>
                            <value>25</value>
                        </entry>
                        <entry>
                            <key>60000970000195702307533030303638</key>
                            <value>13</value>
                        </entry>
                        <entry>
                            <key>60000970000195702307533030343444</key>
                            <value>24</value>
                        </entry>
                        <entry>
                            <key>60000970000195702307533030334332</key>
                            <value>23</value>
                        </entry>
                        <entry>
                            <key>60000970000195702307533030303637</key>
                            <value>12</value>
                        </entry>
                        <entry>
                            <key>60000970000195702307533030303636</key>
                            <value>11</value>
                        </entry>
                        <entry>
                            <key>60000970000195702307533030343446</key>
                            <value>26</value>
                        </entry>
                        <entry>
                            <key>60000970000195702307533030303635</key>
                            <value>10</value>
                        </entry>
                    </stringMap>
                </wrapper>
            </field>
            <field name="inactive" type="java.lang.Boolean" value="false"/>
            <field name="initiators" type="com.emc.storageos.db.client.model.StringSet">
                <wrapper>
                    <stringSet>urn:storageos:Initiator:13b7c1ee-37ce-49bf-bb58-4d8d05767f68:vdc1</stringSet>
                    <stringSet>urn:storageos:Initiator:bf69f1db-36c1-420f-8620-82e00c688e16:vdc1</stringSet>
                    <stringSet>urn:storageos:Initiator:1146772a-e333-4f1f-8253-5d3290bd27e3:vdc1</stringSet>
                    <stringSet>urn:storageos:Initiator:4ba7ba09-21de-4120-be6e-fb7fc4986cfc:vdc1</stringSet>
                    <stringSet>urn:storageos:Initiator:0b44d8a4-af57-4ea4-beec-c3328a24c64e:vdc1</stringSet>
                    <stringSet>urn:storageos:Initiator:8a51b4a2-49da-426a-97bc-77082bae83ec:vdc1</stringSet>
                    <stringSet>urn:storageos:Initiator:a845a5c7-e6df-4913-bc31-99fe3a6fa729:vdc1</stringSet>
                    <stringSet>urn:storageos:Initiator:479a72c2-5327-45ba-87fc-dc3647a35414:vdc1</stringSet>
                </wrapper>
            </field>
            <field name="internalFlags" type="java.lang.Long" value="0"/>
            <field name="label" type="java.lang.String" value=""/>
            <field name="maskName" type="java.lang.String" value="VSECluster2-GKs"/>
            <field name="nativeId" type="java.lang.String" value="SYMMETRIX+000195702307+VSECluster2-GKs"/>
            <field name="opStatus" type="com.emc.storageos.db.client.model.OpStatusMap">
                <wrapper>
                    <opStatusMap/>
                </wrapper>
            </field>
            <field name="resource" type="java.lang.String" value="null"/>
            <field name="storageDevice" type="java.net.URI" value="urn:storageos:StorageSystem:26eeb486-a577-4263-bd1a-5c3f6bc53efe:vdc1"/>
            <field name="storagePorts" type="com.emc.storageos.db.client.model.StringSet">
                <wrapper>
                    <stringSet>urn:storageos:StoragePort:a9fe38d2-ac1b-49cd-9372-18fc208a3f94:vdc1</stringSet>
                    <stringSet>urn:storageos:StoragePort:4ff2eaee-21ac-45cd-89c3-71aa77727fa5:vdc1</stringSet>
                </wrapper>
            </field>
            <field name="zoningMap" type="com.emc.storageos.db.client.model.StringSetMap">
                <wrapper>
                    <stringSetMap/>
                </wrapper>
            </field>
        </record>
        <record id="urn:storageos:ExportMask:d4e186f2-7e01-4868-8865-9613b2ccd45d:vdc1">
            <readOnlyField>
                <field name="class" type="java.lang.Class" value="class com.emc.storageos.db.client.model.ExportMask"/>
                <field name="id" type="java.net.URI" value="urn:storageos:ExportMask:d4e186f2-7e01-4868-8865-9613b2ccd45d:vdc1"/>
            </readOnlyField>
            <field name="createdBySystem" type="java.lang.Boolean" value="false"/>
            <field name="creationTime" type="java.util.Calendar" value="java.util.GregorianCalendar[time=1435113563292,areFieldsSet=true,areAllFieldsSet=true,lenient=true,zone=sun.util.calendar.ZoneInfo[id=&quot;UTC&quot;,offset=0,dstSavings=0,useDaylight=false,transitions=0,lastRule=null],firstDayOfWeek=1,minimalDaysInFirstWeek=1,ERA=1,YEAR=2015,MONTH=5,WEEK_OF_YEAR=26,WEEK_OF_MONTH=4,DAY_OF_MONTH=24,DAY_OF_YEAR=175,DAY_OF_WEEK=4,DAY_OF_WEEK_IN_MONTH=4,AM_PM=0,HOUR=2,HOUR_OF_DAY=2,MINUTE=39,SECOND=23,MILLISECOND=292,ZONE_OFFSET=0,DST_OFFSET=0]"/>
            <field name="existingInitiators" type="com.emc.storageos.db.client.model.StringSet">
                <wrapper>
                    <stringSet>10000090FA343EFC</stringSet>
                    <stringSet>10000090FA343EFD</stringSet>
                    <stringSet>10000090FA344CA4</stringSet>
                    <stringSet>10000090FA344CA5</stringSet>
                </wrapper>
            </field>
            <field name="existingVolumes" type="com.emc.storageos.db.client.model.StringMap">
                <wrapper>
                    <stringMap>
                        <entry>
                            <key>60000970000195702307533030333742</key>
                            <value>8</value>
                        </entry>
                        <entry>
                            <key>60000970000195702307533030333745</key>
                            <value>9</value>
                        </entry>
                        <entry>
                            <key>60000970000195702307533030333831</key>
                            <value>12</value>
                        </entry>
                        <entry>
                            <key>60000970000195702307533030333741</key>
                            <value>7</value>
                        </entry>
                        <entry>
                            <key>60000970000195702307533030333830</key>
                            <value>11</value>
                        </entry>
                        <entry>
                            <key>60000970000195702307533030333738</key>
                            <value>6</value>
                        </entry>
                        <entry>
                            <key>60000970000195702307533030333746</key>
                            <value>10</value>
                        </entry>
                        <entry>
                            <key>60000970000195702307533030333838</key>
                            <value>14</value>
                        </entry>
                    </stringMap>
                </wrapper>
            </field>
            <field name="inactive" type="java.lang.Boolean" value="false"/>
            <field name="initiators" type="com.emc.storageos.db.client.model.StringSet">
                <wrapper>
                    <stringSet>urn:storageos:Initiator:e3668912-39c8-4ca3-9c7a-ad35f0a3d398:vdc1</stringSet>
                    <stringSet>urn:storageos:Initiator:90536ee4-d30b-442b-8c48-9405a18962d0:vdc1</stringSet>
                    <stringSet>urn:storageos:Initiator:8748f6a4-6725-412a-add3-06094edd2377:vdc1</stringSet>
                    <stringSet>urn:storageos:Initiator:4fb584ce-43e1-4896-a792-0b41f7913105:vdc1</stringSet>
                </wrapper>
            </field>
            <field name="internalFlags" type="java.lang.Long" value="0"/>
            <field name="label" type="java.lang.String" value=""/>
            <field name="maskName" type="java.lang.String" value="VSECluster3_307"/>
            <field name="nativeId" type="java.lang.String" value="SYMMETRIX+000195702307+VSECluster3_307"/>
            <field name="opStatus" type="com.emc.storageos.db.client.model.OpStatusMap">
                <wrapper>
                    <opStatusMap/>
                </wrapper>
            </field>
            <field name="resource" type="java.lang.String" value="null"/>
            <field name="storageDevice" type="java.net.URI" value="urn:storageos:StorageSystem:26eeb486-a577-4263-bd1a-5c3f6bc53efe:vdc1"/>
            <field name="storagePorts" type="com.emc.storageos.db.client.model.StringSet">
                <wrapper>
                    <stringSet>urn:storageos:StoragePort:b7a108f1-8643-44c9-9d5a-05619443af24:vdc1</stringSet>
                    <stringSet>urn:storageos:StoragePort:cf7d689b-1591-4b20-8ce2-c8b3af30f0d0:vdc1</stringSet>
                </wrapper>
            </field>
            <field name="userAddedVolumes" type="com.emc.storageos.db.client.model.StringMap">
                <wrapper>
                    <stringMap>
                        <entry>
                            <key>60000970000195702307533030343835</key>
                            <value>urn:storageos:Volume:d816b771-99cf-4f6f-96ad-bacf05f00672:vdc1</value>
                        </entry>
                    </stringMap>
                </wrapper>
            </field>
            <field name="volumes" type="com.emc.storageos.db.client.model.StringMap">
                <wrapper>
                    <stringMap>
                        <entry>
                            <key>urn:storageos:Volume:d816b771-99cf-4f6f-96ad-bacf05f00672:vdc1</key>
                            <value>0</value>
                        </entry>
                    </stringMap>
                </wrapper>
            </field>
            <field name="zoningMap" type="com.emc.storageos.db.client.model.StringSetMap">
                <wrapper>
                    <stringSetMap>
                        <entry>
                            <key>urn:storageos:Initiator:e3668912-39c8-4ca3-9c7a-ad35f0a3d398:vdc1</key>
                            <value>urn:storageos:StoragePort:b7a108f1-8643-44c9-9d5a-05619443af24:vdc1</value>
                        </entry>
                        <entry>
                            <key>urn:storageos:Initiator:90536ee4-d30b-442b-8c48-9405a18962d0:vdc1</key>
                            <value>urn:storageos:StoragePort:cf7d689b-1591-4b20-8ce2-c8b3af30f0d0:vdc1</value>
                        </entry>
                        <entry>
                            <key>urn:storageos:Initiator:8748f6a4-6725-412a-add3-06094edd2377:vdc1</key>
                            <value>urn:storageos:StoragePort:cf7d689b-1591-4b20-8ce2-c8b3af30f0d0:vdc1</value>
                        </entry>
                        <entry>
                            <key>urn:storageos:Initiator:4fb584ce-43e1-4896-a792-0b41f7913105:vdc1</key>
                            <value>urn:storageos:StoragePort:b7a108f1-8643-44c9-9d5a-05619443af24:vdc1</value>
                        </entry>
                    </stringSetMap>
                </wrapper>
            </field>
        </record>
        <record id="urn:storageos:ExportMask:0c4453b2-ec2f-495b-adc2-64cf7555fa11:vdc1">
            <readOnlyField>
                <field name="class" type="java.lang.Class" value="class com.emc.storageos.db.client.model.ExportMask"/>
                <field name="id" type="java.net.URI" value="urn:storageos:ExportMask:0c4453b2-ec2f-495b-adc2-64cf7555fa11:vdc1"/>
            </readOnlyField>
            <field name="createdBySystem" type="java.lang.Boolean" value="false"/>
            <field name="creationTime" type="java.util.Calendar" value="java.util.GregorianCalendar[time=1435003094848,areFieldsSet=true,areAllFieldsSet=true,lenient=true,zone=sun.util.calendar.ZoneInfo[id=&quot;UTC&quot;,offset=0,dstSavings=0,useDaylight=false,transitions=0,lastRule=null],firstDayOfWeek=1,minimalDaysInFirstWeek=1,ERA=1,YEAR=2015,MONTH=5,WEEK_OF_YEAR=26,WEEK_OF_MONTH=4,DAY_OF_MONTH=22,DAY_OF_YEAR=173,DAY_OF_WEEK=2,DAY_OF_WEEK_IN_MONTH=4,AM_PM=1,HOUR=7,HOUR_OF_DAY=19,MINUTE=58,SECOND=14,MILLISECOND=848,ZONE_OFFSET=0,DST_OFFSET=0]"/>
            <field name="existingInitiators" type="com.emc.storageos.db.client.model.StringSet">
                <wrapper>
                    <stringSet>10000090FA344CA4</stringSet>
                    <stringSet>10000090FA344CA5</stringSet>
                </wrapper>
            </field>
            <field name="existingVolumes" type="com.emc.storageos.db.client.model.StringMap">
                <wrapper>
                    <stringMap>
                        <entry>
                            <key>60000970000195702307533030323946</key>
                            <value>1</value>
                        </entry>
                        <entry>
                            <key>60000970000195702307533030324133</key>
                            <value>5</value>
                        </entry>
                        <entry>
                            <key>60000970000195702307533030324132</key>
                            <value>4</value>
                        </entry>
                        <entry>
                            <key>60000970000195702307533030324131</key>
                            <value>3</value>
                        </entry>
                        <entry>
                            <key>60000970000195702307533030324130</key>
                            <value>2</value>
                        </entry>
                    </stringMap>
                </wrapper>
            </field>
            <field name="inactive" type="java.lang.Boolean" value="false"/>
            <field name="initiators" type="com.emc.storageos.db.client.model.StringSet">
                <wrapper>
                    <stringSet>urn:storageos:Initiator:8748f6a4-6725-412a-add3-06094edd2377:vdc1</stringSet>
                    <stringSet>urn:storageos:Initiator:4fb584ce-43e1-4896-a792-0b41f7913105:vdc1</stringSet>
                </wrapper>
            </field>
            <field name="internalFlags" type="java.lang.Long" value="0"/>
            <field name="label" type="java.lang.String" value=""/>
            <field name="maskName" type="java.lang.String" value="VSE-Cluster-3_lglbx027_307"/>
            <field name="nativeId" type="java.lang.String" value="SYMMETRIX+000195702307+VSE-Cluster-3_lglbx027_307"/>
            <field name="opStatus" type="com.emc.storageos.db.client.model.OpStatusMap">
                <wrapper>
                    <opStatusMap/>
                </wrapper>
            </field>
            <field name="resource" type="java.lang.String" value="null"/>
            <field name="storageDevice" type="java.net.URI" value="urn:storageos:StorageSystem:26eeb486-a577-4263-bd1a-5c3f6bc53efe:vdc1"/>
            <field name="storagePorts" type="com.emc.storageos.db.client.model.StringSet">
                <wrapper>
                    <stringSet>urn:storageos:StoragePort:ff5ec7db-9116-4131-96a6-588324d9fb11:vdc1</stringSet>
                    <stringSet>urn:storageos:StoragePort:b7a108f1-8643-44c9-9d5a-05619443af24:vdc1</stringSet>
                    <stringSet>urn:storageos:StoragePort:cf7d689b-1591-4b20-8ce2-c8b3af30f0d0:vdc1</stringSet>
                    <stringSet>urn:storageos:StoragePort:1518a8c0-276c-42ef-a402-7502a80f823c:vdc1</stringSet>
                </wrapper>
            </field>
            <field name="zoningMap" type="com.emc.storageos.db.client.model.StringSetMap">
                <wrapper>
                    <stringSetMap/>
                </wrapper>
            </field>
        </record>
        <record id="urn:storageos:ExportMask:05cc143e-fa13-4835-a828-0f300d1761e8:vdc1">
            <readOnlyField>
                <field name="class" type="java.lang.Class" value="class com.emc.storageos.db.client.model.ExportMask"/>
                <field name="id" type="java.net.URI" value="urn:storageos:ExportMask:05cc143e-fa13-4835-a828-0f300d1761e8:vdc1"/>
            </readOnlyField>
            <field name="createdBySystem" type="java.lang.Boolean" value="false"/>
            <field name="creationTime" type="java.util.Calendar" value="java.util.GregorianCalendar[time=1437424471806,areFieldsSet=true,areAllFieldsSet=true,lenient=true,zone=sun.util.calendar.ZoneInfo[id=&quot;UTC&quot;,offset=0,dstSavings=0,useDaylight=false,transitions=0,lastRule=null],firstDayOfWeek=1,minimalDaysInFirstWeek=1,ERA=1,YEAR=2015,MONTH=6,WEEK_OF_YEAR=30,WEEK_OF_MONTH=4,DAY_OF_MONTH=20,DAY_OF_YEAR=201,DAY_OF_WEEK=2,DAY_OF_WEEK_IN_MONTH=3,AM_PM=1,HOUR=8,HOUR_OF_DAY=20,MINUTE=34,SECOND=31,MILLISECOND=806,ZONE_OFFSET=0,DST_OFFSET=0]"/>
            <field name="existingInitiators" type="com.emc.storageos.db.client.model.StringSet">
                <wrapper>
                    <stringSet>10000090FA34383F</stringSet>
                    <stringSet>10000090FA34383E</stringSet>
                </wrapper>
            </field>
            <field name="existingVolumes" type="com.emc.storageos.db.client.model.StringMap">
                <wrapper>
                    <stringMap>
                        <entry>
                            <key>6006016018603500BABA360EB531E511</key>
                            <value>7</value>
                        </entry>
                        <entry>
                            <key>60060160186035004E29A05AB431E511</key>
                            <value>6</value>
                        </entry>
                        <entry>
                            <key>6006016018603500DFCA5461B51AE511</key>
                            <value>1</value>
                        </entry>
                        <entry>
                            <key>6006016018603500984B5826B631E511</key>
                            <value>10</value>
                        </entry>
                        <entry>
                            <key>6006016018603500FE722812B231E511</key>
                            <value>3</value>
                        </entry>
                        <entry>
                            <key>6006016018603500580D746AB531E511</key>
                            <value>9</value>
                        </entry>
                        <entry>
                            <key>60060160186035006E29BFA5B031E511</key>
                            <value>5</value>
                        </entry>
                        <entry>
                            <key>600601601860350085EC4F63B531E511</key>
                            <value>8</value>
                        </entry>
                        <entry>
                            <key>60060160186035006C29BFA5B031E511</key>
                            <value>4</value>
                        </entry>
                        <entry>
                            <key>60060160186035002E995D990215E511</key>
                            <value>0</value>
                        </entry>
                    </stringMap>
                </wrapper>
            </field>
            <field name="inactive" type="java.lang.Boolean" value="false"/>
            <field name="initiators" type="com.emc.storageos.db.client.model.StringSet">
                <wrapper>
                    <stringSet>urn:storageos:Initiator:b18211ac-309a-415d-aca6-07d8f566946a:vdc1</stringSet>
                    <stringSet>urn:storageos:Initiator:656c9049-70a0-4002-840e-f63e4b617f65:vdc1</stringSet>
                </wrapper>
            </field>
            <field name="internalFlags" type="java.lang.Long" value="0"/>
            <field name="label" type="java.lang.String" value=""/>
            <field name="maskName" type="java.lang.String" value="1024714435_903"/>
            <field name="nativeId" type="java.lang.String" value="CLARiiON+APM00141512903+b23588a60215e511b742cfde88a3c65e"/>
            <field name="opStatus" type="com.emc.storageos.db.client.model.OpStatusMap">
                <wrapper>
                    <opStatusMap/>
                </wrapper>
            </field>
            <field name="resource" type="java.lang.String" value="null"/>
            <field name="storageDevice" type="java.net.URI" value="urn:storageos:StorageSystem:7c21b53e-892a-4a8f-ae8c-a009c322dd96:vdc1"/>
            <field name="storagePorts" type="com.emc.storageos.db.client.model.StringSet">
                <wrapper>
                    <stringSet>urn:storageos:StoragePort:e1b36b41-766a-4542-af60-f39fed61fa73:vdc1</stringSet>
                    <stringSet>urn:storageos:StoragePort:f77a4824-8254-45dc-9ff2-14cc649878f8:vdc1</stringSet>
                </wrapper>
            </field>
            <field name="userAddedVolumes" type="com.emc.storageos.db.client.model.StringMap">
                <wrapper>
                    <stringMap>
                        <entry>
                            <key>6006016018603500C6BE60E40B8AE511</key>
                            <value>urn:storageos:Volume:2e6ef751-d442-40ba-bf85-bffa5e997653:vdc1</value>
                        </entry>
                        <entry>
                            <key>60060160186035007813B389FF31E511</key>
                            <value>urn:storageos:Volume:d3ea9c62-d12c-4d27-9f96-d16fc377fb85:vdc1</value>
                        </entry>
                        <entry>
                            <key>6006016018603500A362F306BB31E511</key>
                            <value>urn:storageos:Volume:bed8ce9e-369d-4c11-888c-f7bacad35bf6:vdc1</value>
                        </entry>
                        <entry>
                            <key>600601601860350015F7E1F5002FE511</key>
                            <value>urn:storageos:BlockSnapshot:74959557-ec98-4d9f-8b4a-b7d5754d7eae:vdc1</value>
                        </entry>
                        <entry>
                            <key>6006016018603500A562F306BB31E511</key>
                            <value>urn:storageos:Volume:2e514fcb-2dea-4d21-9587-dcd147e75d43:vdc1</value>
                        </entry>
                        <entry>
                            <key>60060160186035008BA1D5DCCF87E511</key>
                            <value>urn:storageos:Volume:4949ffff-5d87-476e-802b-50dcb917b703:vdc1</value>
                        </entry>
                        <entry>
                            <key>6006016018603500836891B25389E511</key>
                            <value>urn:storageos:Volume:2f317a1e-0927-41d0-9103-026d474305fa:vdc1</value>
                        </entry>
                        <entry>
                            <key>600601601860350093DE19050E32E511</key>
                            <value>urn:storageos:Volume:4c94d9ca-758b-495d-961c-a3ebb052fe36:vdc1</value>
                        </entry>
                        <entry>
                            <key>6006016018603500ABBA6B89B042E511</key>
                            <value>urn:storageos:Volume:600508af-b156-44f6-b721-8ef1ae92c57e:vdc1</value>
                        </entry>
                        <entry>
                            <key>6006016018603500A9BA6B89B042E511</key>
                            <value>urn:storageos:Volume:2ed35ccb-9661-4f9b-80c0-dab590d18d32:vdc1</value>
                        </entry>
                        <entry>
                            <key>600601601860350095DE19050E32E511</key>
                            <value>urn:storageos:Volume:b94943b1-2ef3-48e9-9127-a696a1eec3fe:vdc1</value>
                        </entry>
                        <entry>
                            <key>60060160186035001AFB3EDEB43AE511</key>
                            <value>urn:storageos:Volume:f2168b7b-a8c6-4066-89c7-164c5da36006:vdc1</value>
                        </entry>
                    </stringMap>
                </wrapper>
            </field>
            <field name="volumes" type="com.emc.storageos.db.client.model.StringMap">
                <wrapper>
                    <stringMap>
                        <entry>
                            <key>urn:storageos:Volume:4c94d9ca-758b-495d-961c-a3ebb052fe36:vdc1</key>
                            <value>14</value>
                        </entry>
                        <entry>
                            <key>urn:storageos:Volume:2f317a1e-0927-41d0-9103-026d474305fa:vdc1</key>
                            <value>20</value>
                        </entry>
                        <entry>
                            <key>urn:storageos:Volume:4949ffff-5d87-476e-802b-50dcb917b703:vdc1</key>
                            <value>19</value>
                        </entry>
                        <entry>
                            <key>urn:storageos:Volume:600508af-b156-44f6-b721-8ef1ae92c57e:vdc1</key>
                            <value>18</value>
                        </entry>
                        <entry>
                            <key>urn:storageos:Volume:f2168b7b-a8c6-4066-89c7-164c5da36006:vdc1</key>
                            <value>16</value>
                        </entry>
                        <entry>
                            <key>urn:storageos:Volume:bed8ce9e-369d-4c11-888c-f7bacad35bf6:vdc1</key>
                            <value>12</value>
                        </entry>
                        <entry>
                            <key>urn:storageos:Volume:2e514fcb-2dea-4d21-9587-dcd147e75d43:vdc1</key>
                            <value>11</value>
                        </entry>
                        <entry>
                            <key>urn:storageos:Volume:b94943b1-2ef3-48e9-9127-a696a1eec3fe:vdc1</key>
                            <value>15</value>
                        </entry>
                        <entry>
                            <key>urn:storageos:Volume:2e6ef751-d442-40ba-bf85-bffa5e997653:vdc1</key>
                            <value>21</value>
                        </entry>
                        <entry>
                            <key>urn:storageos:Volume:d3ea9c62-d12c-4d27-9f96-d16fc377fb85:vdc1</key>
                            <value>13</value>
                        </entry>
                        <entry>
                            <key>urn:storageos:Volume:2ed35ccb-9661-4f9b-80c0-dab590d18d32:vdc1</key>
                            <value>17</value>
                        </entry>
                        <entry>
                            <key>urn:storageos:BlockSnapshot:74959557-ec98-4d9f-8b4a-b7d5754d7eae:vdc1</key>
                            <value>2</value>
                        </entry>
                    </stringMap>
                </wrapper>
            </field>
            <field name="zoningMap" type="com.emc.storageos.db.client.model.StringSetMap">
                <wrapper>
                    <stringSetMap/>
                </wrapper>
            </field>
        </record>
        <record id="urn:storageos:ExportMask:39e56cd9-df9d-4bf7-8f40-97e835136bd6:vdc1">
            <readOnlyField>
                <field name="class" type="java.lang.Class" value="class com.emc.storageos.db.client.model.ExportMask"/>
                <field name="id" type="java.net.URI" value="urn:storageos:ExportMask:39e56cd9-df9d-4bf7-8f40-97e835136bd6:vdc1"/>
            </readOnlyField>
            <field name="createdBySystem" type="java.lang.Boolean" value="true"/>
            <field name="creationTime" type="java.util.Calendar" value="java.util.GregorianCalendar[time=1434061117705,areFieldsSet=true,areAllFieldsSet=true,lenient=true,zone=sun.util.calendar.ZoneInfo[id=&quot;UTC&quot;,offset=0,dstSavings=0,useDaylight=false,transitions=0,lastRule=null],firstDayOfWeek=1,minimalDaysInFirstWeek=1,ERA=1,YEAR=2015,MONTH=5,WEEK_OF_YEAR=24,WEEK_OF_MONTH=2,DAY_OF_MONTH=11,DAY_OF_YEAR=162,DAY_OF_WEEK=5,DAY_OF_WEEK_IN_MONTH=2,AM_PM=1,HOUR=10,HOUR_OF_DAY=22,MINUTE=18,SECOND=37,MILLISECOND=705,ZONE_OFFSET=0,DST_OFFSET=0]"/>
            <field name="inactive" type="java.lang.Boolean" value="false"/>
            <field name="initiators" type="com.emc.storageos.db.client.model.StringSet">
                <wrapper>
                    <stringSet>urn:storageos:Initiator:b18211ac-309a-415d-aca6-07d8f566946a:vdc1</stringSet>
                    <stringSet>urn:storageos:Initiator:656c9049-70a0-4002-840e-f63e4b617f65:vdc1</stringSet>
                </wrapper>
            </field>
            <field name="internalFlags" type="java.lang.Long" value="0"/>
            <field name="label" type="java.lang.String" value=""/>
            <field name="maskName" type="java.lang.String" value="1024714435_258"/>
            <field name="nativeId" type="java.lang.String" value="SYMMETRIX+000195702258+1024714435_258"/>
            <field name="opStatus" type="com.emc.storageos.db.client.model.OpStatusMap">
                <wrapper>
                    <opStatusMap/>
                </wrapper>
            </field>
            <field name="resource" type="java.lang.String" value="urn:storageos:Host:27bed0ab-7c19-4978-ba4d-64a06a4a9862:vdc1"/>
            <field name="storageDevice" type="java.net.URI" value="urn:storageos:StorageSystem:88144329-a00d-4c4b-b387-e4778a25a478:vdc1"/>
            <field name="storagePorts" type="com.emc.storageos.db.client.model.StringSet">
                <wrapper>
                    <stringSet>urn:storageos:StoragePort:04bd37eb-6374-4665-92d6-5f15771fac3a:vdc1</stringSet>
                </wrapper>
            </field>
            <field name="userAddedInitiators" type="com.emc.storageos.db.client.model.StringMap">
                <wrapper>
                    <stringMap>
                        <entry>
                            <key>10000090FA34383F</key>
                            <value>urn:storageos:Initiator:b18211ac-309a-415d-aca6-07d8f566946a:vdc1</value>
                        </entry>
                        <entry>
                            <key>10000090FA34383E</key>
                            <value>urn:storageos:Initiator:656c9049-70a0-4002-840e-f63e4b617f65:vdc1</value>
                        </entry>
                    </stringMap>
                </wrapper>
            </field>
            <field name="userAddedVolumes" type="com.emc.storageos.db.client.model.StringMap">
                <wrapper>
                    <stringMap>
                        <entry>
                            <key>60000970000195702258533030333341</key>
                            <value>urn:storageos:Volume:ed6db785-93ff-4533-8f63-b57959cad425:vdc1</value>
                        </entry>
                        <entry>
                            <key>60000970000195702258533030333232</key>
                            <value>urn:storageos:Volume:27a2dc82-8e45-44c9-8968-1e70353fae09:vdc1</value>
                        </entry>
                    </stringMap>
                </wrapper>
            </field>
            <field name="volumes" type="com.emc.storageos.db.client.model.StringMap">
                <wrapper>
                    <stringMap>
                        <entry>
                            <key>urn:storageos:Volume:ed6db785-93ff-4533-8f63-b57959cad425:vdc1</key>
                            <value>1</value>
                        </entry>
                        <entry>
                            <key>urn:storageos:Volume:27a2dc82-8e45-44c9-8968-1e70353fae09:vdc1</key>
                            <value>0</value>
                        </entry>
                    </stringMap>
                </wrapper>
            </field>
            <field name="zoningMap" type="com.emc.storageos.db.client.model.StringSetMap">
                <wrapper>
                    <stringSetMap>
                        <entry>
                            <key>urn:storageos:Initiator:656c9049-70a0-4002-840e-f63e4b617f65:vdc1</key>
                            <value>urn:storageos:StoragePort:04bd37eb-6374-4665-92d6-5f15771fac3a:vdc1</value>
                        </entry>
                    </stringSetMap>
                </wrapper>
            </field>
        </record>
    </data_object_schema>
</dbschemas>
