<?xml version="1.0" encoding="utf-8" standalone="no"?>
<dbschemas>
    <data_object_schema name="ExportGroup">
        <record id="urn:storageos:ExportGroup:3632bbeb-be44-4a41-8566-4f585b75fee3:vdc1">
            <readOnlyField>
                <field name="class" type="java.lang.Class" value="class com.emc.storageos.db.client.model.ExportGroup"/>
                <field name="id" type="java.net.URI" value="urn:storageos:ExportGroup:3632bbeb-be44-4a41-8566-4f585b75fee3:vdc1"/>
            </readOnlyField>
            <field name="creationTime" type="java.util.Calendar" value="java.util.GregorianCalendar[time=1435112769343,areFieldsSet=true,areAllFieldsSet=true,lenient=true,zone=sun.util.calendar.ZoneInfo[id=&quot;UTC&quot;,offset=0,dstSavings=0,useDaylight=false,transitions=0,lastRule=null],firstDayOfWeek=1,minimalDaysInFirstWeek=1,ERA=1,YEAR=2015,MONTH=5,WEEK_OF_YEAR=26,WEEK_OF_MONTH=4,DAY_OF_MONTH=24,DAY_OF_YEAR=175,DAY_OF_WEEK=4,DAY_OF_WEEK_IN_MONTH=4,AM_PM=0,HOUR=2,HOUR_OF_DAY=2,MINUTE=26,SECOND=9,MILLISECOND=343,ZONE_OFFSET=0,DST_OFFSET=0]"/>
            <field name="exportMasks" type="com.emc.storageos.db.client.model.StringSet">
                <wrapper>
                    <stringSet>urn:storageos:ExportMask:e3f3c633-58be-4cf3-87ba-d0cb223748d5:vdc1</stringSet>
                </wrapper>
            </field>
            <field name="generatedName" type="java.lang.String" value="V1024714435"/>
            <field name="hosts" type="com.emc.storageos.db.client.model.StringSet">
                <wrapper>
                    <stringSet>urn:storageos:Host:27bed0ab-7c19-4978-ba4d-64a06a4a9862:vdc1</stringSet>
                </wrapper>
            </field>
            <field name="inactive" type="java.lang.Boolean" value="false"/>
            <field name="initiators" type="com.emc.storageos.db.client.model.StringSet">
                <wrapper>
                    <stringSet>urn:storageos:Initiator:b18211ac-309a-415d-aca6-07d8f566946a:vdc1</stringSet>
                    <stringSet>urn:storageos:Initiator:656c9049-70a0-4002-840e-f63e4b617f65:vdc1</stringSet>
                </wrapper>
            </field>
            <field name="internalFlags" type="java.lang.Long" value="0"/>
            <field name="label" type="java.lang.String" value="10.247.144.35"/>
            <field name="numPaths" type="java.lang.Integer" value="0"/>
            <field name="opStatus" type="com.emc.storageos.db.client.model.OpStatusMap">
                <wrapper>
                    <opStatusMap/>
                </wrapper>
            </field>
            <field name="project" type="com.emc.storageos.db.client.model.NamedURI" value="urn:storageos:Project:d196c7db-e4da-49f7-bfe3-3d177a5c5b2e:global:10.247.144.35"/>
            <field name="tenant" type="com.emc.storageos.db.client.model.NamedURI" value="urn:storageos:TenantOrg:e8cc450f-4bbe-4018-ba5c-e7f79f7e6932:global:10.247.144.35"/>
            <field name="type" type="java.lang.String" value="Host"/>
            <field name="virtualArray" type="java.net.URI" value="urn:storageos:VirtualArray:4b82bcca-5b22-4253-b703-87e1e5f1001c:vdc1"/>
            <field name="zoneAllInitiators" type="java.lang.Boolean" value="false"/>
        </record>
        <record id="urn:storageos:ExportGroup:0d28e092-3c4f-4c90-96e4-b2096bcbee70:vdc1">
            <readOnlyField>
                <field name="class" type="java.lang.Class" value="class com.emc.storageos.db.client.model.ExportGroup"/>
                <field name="id" type="java.net.URI" value="urn:storageos:ExportGroup:0d28e092-3c4f-4c90-96e4-b2096bcbee70:vdc1"/>
            </readOnlyField>
            <field name="creationTime" type="java.util.Calendar" value="java.util.GregorianCalendar[time=1437414736456,areFieldsSet=true,areAllFieldsSet=true,lenient=true,zone=sun.util.calendar.ZoneInfo[id=&quot;UTC&quot;,offset=0,dstSavings=0,useDaylight=false,transitions=0,lastRule=null],firstDayOfWeek=1,minimalDaysInFirstWeek=1,ERA=1,YEAR=2015,MONTH=6,WEEK_OF_YEAR=30,WEEK_OF_MONTH=4,DAY_OF_MONTH=20,DAY_OF_YEAR=201,DAY_OF_WEEK=2,DAY_OF_WEEK_IN_MONTH=3,AM_PM=1,HOUR=5,HOUR_OF_DAY=17,MINUTE=52,SECOND=16,MILLISECOND=456,ZONE_OFFSET=0,DST_OFFSET=0]"/>
            <field name="exportMasks" type="com.emc.storageos.db.client.model.StringSet">
                <wrapper>
                    <stringSet>urn:storageos:ExportMask:4b8a6c26-d502-4167-86fd-359e143733cc:vdc1</stringSet>
                </wrapper>
            </field>
            <field name="generatedName" type="java.lang.String" value="V1024714420"/>
            <field name="hosts" type="com.emc.storageos.db.client.model.StringSet">
                <wrapper>
                    <stringSet>urn:storageos:Host:7311e82b-177e-4a6f-a040-e0312f7bc857:vdc1</stringSet>
                </wrapper>
            </field>
            <field name="inactive" type="java.lang.Boolean" value="false"/>
            <field name="initiators" type="com.emc.storageos.db.client.model.StringSet">
                <wrapper>
                    <stringSet>urn:storageos:Initiator:59f25cff-6731-4e72-a1c5-2b069522c333:vdc1</stringSet>
                </wrapper>
            </field>
            <field name="internalFlags" type="java.lang.Long" value="0"/>
            <field name="label" type="java.lang.String" value="10.247.144.20"/>
            <field name="numPaths" type="java.lang.Integer" value="0"/>
            <field name="opStatus" type="com.emc.storageos.db.client.model.OpStatusMap">
                <wrapper>
                    <opStatusMap/>
                </wrapper>
            </field>
            <field name="project" type="com.emc.storageos.db.client.model.NamedURI" value="urn:storageos:Project:ed280a9d-43fe-443b-be0a-9a1af84a32e8:global:10.247.144.20"/>
            <field name="tenant" type="com.emc.storageos.db.client.model.NamedURI" value="urn:storageos:TenantOrg:e8cc450f-4bbe-4018-ba5c-e7f79f7e6932:global:10.247.144.20"/>
            <field name="type" type="java.lang.String" value="Host"/>
            <field name="virtualArray" type="java.net.URI" value="urn:storageos:VirtualArray:4b60b4fc-e59f-4ed4-839f-92c9932318ef:vdc1"/>
            <field name="zoneAllInitiators" type="java.lang.Boolean" value="false"/>
        </record>
        <record id="urn:storageos:ExportGroup:6e035479-8fb1-453c-93de-932c2b35033f:vdc1">
            <readOnlyField>
                <field name="class" type="java.lang.Class" value="class com.emc.storageos.db.client.model.ExportGroup"/>
                <field name="id" type="java.net.URI" value="urn:storageos:ExportGroup:6e035479-8fb1-453c-93de-932c2b35033f:vdc1"/>
            </readOnlyField>
            <field name="creationTime" type="java.util.Calendar" value="java.util.GregorianCalendar[time=1434126601392,areFieldsSet=true,areAllFieldsSet=true,lenient=true,zone=sun.util.calendar.ZoneInfo[id=&quot;UTC&quot;,offset=0,dstSavings=0,useDaylight=false,transitions=0,lastRule=null],firstDayOfWeek=1,minimalDaysInFirstWeek=1,ERA=1,YEAR=2015,MONTH=5,WEEK_OF_YEAR=24,WEEK_OF_MONTH=2,DAY_OF_MONTH=12,DAY_OF_YEAR=163,DAY_OF_WEEK=6,DAY_OF_WEEK_IN_MONTH=2,AM_PM=1,HOUR=4,HOUR_OF_DAY=16,MINUTE=30,SECOND=1,MILLISECOND=392,ZONE_OFFSET=0,DST_OFFSET=0]"/>
            <field name="exportMasks" type="com.emc.storageos.db.client.model.StringSet">
                <wrapper>
                    <stringSet>urn:storageos:ExportMask:39e56cd9-df9d-4bf7-8f40-97e835136bd6:vdc1</stringSet>
                </wrapper>
            </field>
            <field name="generatedName" type="java.lang.String" value="V1024714435"/>
            <field name="hosts" type="com.emc.storageos.db.client.model.StringSet">
                <wrapper>
                    <stringSet>urn:storageos:Host:27bed0ab-7c19-4978-ba4d-64a06a4a9862:vdc1</stringSet>
                </wrapper>
            </field>
            <field name="inactive" type="java.lang.Boolean" value="false"/>
            <field name="initiators" type="com.emc.storageos.db.client.model.StringSet">
                <wrapper>
                    <stringSet>urn:storageos:Initiator:b18211ac-309a-415d-aca6-07d8f566946a:vdc1</stringSet>
                    <stringSet>urn:storageos:Initiator:656c9049-70a0-4002-840e-f63e4b617f65:vdc1</stringSet>
                </wrapper>
            </field>
            <field name="internalFlags" type="java.lang.Long" value="0"/>
            <field name="label" type="java.lang.String" value="10.247.144.35"/>
            <field name="numPaths" type="java.lang.Integer" value="0"/>
            <field name="opStatus" type="com.emc.storageos.db.client.model.OpStatusMap">
                <wrapper>
                    <opStatusMap/>
                </wrapper>
            </field>
            <field name="project" type="com.emc.storageos.db.client.model.NamedURI" value="urn:storageos:Project:ed280a9d-43fe-443b-be0a-9a1af84a32e8:global:10.247.144.35"/>
            <field name="tenant" type="com.emc.storageos.db.client.model.NamedURI" value="urn:storageos:TenantOrg:e8cc450f-4bbe-4018-ba5c-e7f79f7e6932:global:10.247.144.35"/>
            <field name="type" type="java.lang.String" value="Host"/>
            <field name="virtualArray" type="java.net.URI" value="urn:storageos:VirtualArray:4b82bcca-5b22-4253-b703-87e1e5f1001c:vdc1"/>
            <field name="zoneAllInitiators" type="java.lang.Boolean" value="false"/>
        </record>
        <record id="urn:storageos:ExportGroup:7482b7eb-f98e-4f3d-b301-98be37a8a364:vdc1">
            <readOnlyField>
                <field name="class" type="java.lang.Class" value="class com.emc.storageos.db.client.model.ExportGroup"/>
                <field name="id" type="java.net.URI" value="urn:storageos:ExportGroup:7482b7eb-f98e-4f3d-b301-98be37a8a364:vdc1"/>
            </readOnlyField>
            <field name="creationTime" type="java.util.Calendar" value="java.util.GregorianCalendar[time=1439830438537,areFieldsSet=true,areAllFieldsSet=true,lenient=true,zone=sun.util.calendar.ZoneInfo[id=&quot;UTC&quot;,offset=0,dstSavings=0,useDaylight=false,transitions=0,lastRule=null],firstDayOfWeek=1,minimalDaysInFirstWeek=1,ERA=1,YEAR=2015,MONTH=7,WEEK_OF_YEAR=34,WEEK_OF_MONTH=4,DAY_OF_MONTH=17,DAY_OF_YEAR=229,DAY_OF_WEEK=2,DAY_OF_WEEK_IN_MONTH=3,AM_PM=1,HOUR=4,HOUR_OF_DAY=16,MINUTE=53,SECOND=58,MILLISECOND=537,ZONE_OFFSET=0,DST_OFFSET=0]"/>
            <field name="exportMasks" type="com.emc.storageos.db.client.model.StringSet">
                <wrapper>
                    <stringSet>urn:storageos:ExportMask:bc483de4-dac4-4bb1-ab61-0b2e0aa13d44:vdc1</stringSet>
                    <stringSet>urn:storageos:ExportMask:05cc143e-fa13-4835-a828-0f300d1761e8:vdc1</stringSet>
                </wrapper>
            </field>
            <field name="generatedName" type="java.lang.String" value="V1024714435"/>
            <field name="hosts" type="com.emc.storageos.db.client.model.StringSet">
                <wrapper>
                    <stringSet>urn:storageos:Host:27bed0ab-7c19-4978-ba4d-64a06a4a9862:vdc1</stringSet>
                </wrapper>
            </field>
            <field name="inactive" type="java.lang.Boolean" value="false"/>
            <field name="initiators" type="com.emc.storageos.db.client.model.StringSet">
                <wrapper>
                    <stringSet>urn:storageos:Initiator:b18211ac-309a-415d-aca6-07d8f566946a:vdc1</stringSet>
                    <stringSet>urn:storageos:Initiator:656c9049-70a0-4002-840e-f63e4b617f65:vdc1</stringSet>
                </wrapper>
            </field>
            <field name="internalFlags" type="java.lang.Long" value="0"/>
            <field name="label" type="java.lang.String" value="10.247.144.35"/>
            <field name="numPaths" type="java.lang.Integer" value="0"/>
            <field name="opStatus" type="com.emc.storageos.db.client.model.OpStatusMap">
                <wrapper>
                    <opStatusMap/>
                </wrapper>
            </field>
            <field name="project" type="com.emc.storageos.db.client.model.NamedURI" value="urn:storageos:Project:d196c7db-e4da-49f7-bfe3-3d177a5c5b2e:global:10.247.144.35"/>
            <field name="tenant" type="com.emc.storageos.db.client.model.NamedURI" value="urn:storageos:TenantOrg:e8cc450f-4bbe-4018-ba5c-e7f79f7e6932:global:10.247.144.35"/>
            <field name="type" type="java.lang.String" value="Host"/>
            <field name="virtualArray" type="java.net.URI" value="urn:storageos:VirtualArray:4b60b4fc-e59f-4ed4-839f-92c9932318ef:vdc1"/>
            <field name="zoneAllInitiators" type="java.lang.Boolean" value="false"/>
        </record>
        <record id="urn:storageos:ExportGroup:9e7baadc-767d-425d-8492-0e77ac11e124:vdc1">
            <readOnlyField>
                <field name="class" type="java.lang.Class" value="class com.emc.storageos.db.client.model.ExportGroup"/>
                <field name="id" type="java.net.URI" value="urn:storageos:ExportGroup:9e7baadc-767d-425d-8492-0e77ac11e124:vdc1"/>
            </readOnlyField>
            <field name="creationTime" type="java.util.Calendar" value="java.util.GregorianCalendar[time=1437711540770,areFieldsSet=true,areAllFieldsSet=true,lenient=true,zone=sun.util.calendar.ZoneInfo[id=&quot;UTC&quot;,offset=0,dstSavings=0,useDaylight=false,transitions=0,lastRule=null],firstDayOfWeek=1,minimalDaysInFirstWeek=1,ERA=1,YEAR=2015,MONTH=6,WEEK_OF_YEAR=30,WEEK_OF_MONTH=4,DAY_OF_MONTH=24,DAY_OF_YEAR=205,DAY_OF_WEEK=6,DAY_OF_WEEK_IN_MONTH=4,AM_PM=0,HOUR=4,HOUR_OF_DAY=4,MINUTE=19,SECOND=0,MILLISECOND=770,ZONE_OFFSET=0,DST_OFFSET=0]"/>
            <field name="exportMasks" type="com.emc.storageos.db.client.model.StringSet">
                <wrapper>
                    <stringSet>urn:storageos:ExportMask:05cc143e-fa13-4835-a828-0f300d1761e8:vdc1</stringSet>
                </wrapper>
            </field>
            <field name="generatedName" type="java.lang.String" value="V1024714435"/>
            <field name="hosts" type="com.emc.storageos.db.client.model.StringSet">
                <wrapper>
                    <stringSet>urn:storageos:Host:27bed0ab-7c19-4978-ba4d-64a06a4a9862:vdc1</stringSet>
                </wrapper>
            </field>
            <field name="inactive" type="java.lang.Boolean" value="false"/>
            <field name="initiators" type="com.emc.storageos.db.client.model.StringSet">
                <wrapper>
                    <stringSet>urn:storageos:Initiator:b18211ac-309a-415d-aca6-07d8f566946a:vdc1</stringSet>
                    <stringSet>urn:storageos:Initiator:656c9049-70a0-4002-840e-f63e4b617f65:vdc1</stringSet>
                </wrapper>
            </field>
            <field name="internalFlags" type="java.lang.Long" value="0"/>
            <field name="label" type="java.lang.String" value="10.247.144.35"/>
            <field name="numPaths" type="java.lang.Integer" value="0"/>
            <field name="opStatus" type="com.emc.storageos.db.client.model.OpStatusMap">
                <wrapper>
                    <opStatusMap/>
                </wrapper>
            </field>
            <field name="project" type="com.emc.storageos.db.client.model.NamedURI" value="urn:storageos:Project:fb1727d6-2532-432f-a369-3579864f3bf3:global:10.247.144.35"/>
            <field name="tenant" type="com.emc.storageos.db.client.model.NamedURI" value="urn:storageos:TenantOrg:e8cc450f-4bbe-4018-ba5c-e7f79f7e6932:global:10.247.144.35"/>
            <field name="type" type="java.lang.String" value="Host"/>
            <field name="virtualArray" type="java.net.URI" value="urn:storageos:VirtualArray:6851742f-9267-4c66-a0a9-9de77c978b6a:vdc1"/>
            <field name="zoneAllInitiators" type="java.lang.Boolean" value="false"/>
        </record>
        <record id="urn:storageos:ExportGroup:e9547745-0b40-4819-a695-e8d67cbdc28a:vdc1">
            <readOnlyField>
                <field name="class" type="java.lang.Class" value="class com.emc.storageos.db.client.model.ExportGroup"/>
                <field name="id" type="java.net.URI" value="urn:storageos:ExportGroup:e9547745-0b40-4819-a695-e8d67cbdc28a:vdc1"/>
            </readOnlyField>
            <field name="creationTime" type="java.util.Calendar" value="java.util.GregorianCalendar[time=1437711542965,areFieldsSet=true,areAllFieldsSet=true,lenient=true,zone=sun.util.calendar.ZoneInfo[id=&quot;UTC&quot;,offset=0,dstSavings=0,useDaylight=false,transitions=0,lastRule=null],firstDayOfWeek=1,minimalDaysInFirstWeek=1,ERA=1,YEAR=2015,MONTH=6,WEEK_OF_YEAR=30,WEEK_OF_MONTH=4,DAY_OF_MONTH=24,DAY_OF_YEAR=205,DAY_OF_WEEK=6,DAY_OF_WEEK_IN_MONTH=4,AM_PM=0,HOUR=4,HOUR_OF_DAY=4,MINUTE=19,SECOND=2,MILLISECOND=965,ZONE_OFFSET=0,DST_OFFSET=0]"/>
            <field name="exportMasks" type="com.emc.storageos.db.client.model.StringSet">
                <wrapper>
                    <stringSet>urn:storageos:ExportMask:bc483de4-dac4-4bb1-ab61-0b2e0aa13d44:vdc1</stringSet>
                    <stringSet>urn:storageos:ExportMask:05cc143e-fa13-4835-a828-0f300d1761e8:vdc1</stringSet>
                </wrapper>
            </field>
            <field name="generatedName" type="java.lang.String" value="V1024714435"/>
            <field name="hosts" type="com.emc.storageos.db.client.model.StringSet">
                <wrapper>
                    <stringSet>urn:storageos:Host:27bed0ab-7c19-4978-ba4d-64a06a4a9862:vdc1</stringSet>
                </wrapper>
            </field>
            <field name="inactive" type="java.lang.Boolean" value="false"/>
            <field name="initiators" type="com.emc.storageos.db.client.model.StringSet">
                <wrapper>
                    <stringSet>urn:storageos:Initiator:b18211ac-309a-415d-aca6-07d8f566946a:vdc1</stringSet>
                    <stringSet>urn:storageos:Initiator:656c9049-70a0-4002-840e-f63e4b617f65:vdc1</stringSet>
                </wrapper>
            </field>
            <field name="internalFlags" type="java.lang.Long" value="0"/>
            <field name="label" type="java.lang.String" value="10.247.144.35"/>
            <field name="numPaths" type="java.lang.Integer" value="0"/>
            <field name="opStatus" type="com.emc.storageos.db.client.model.OpStatusMap">
                <wrapper>
                    <opStatusMap/>
                </wrapper>
            </field>
            <field name="project" type="com.emc.storageos.db.client.model.NamedURI" value="urn:storageos:Project:fb1727d6-2532-432f-a369-3579864f3bf3:global:10.247.144.35"/>
            <field name="tenant" type="com.emc.storageos.db.client.model.NamedURI" value="urn:storageos:TenantOrg:e8cc450f-4bbe-4018-ba5c-e7f79f7e6932:global:10.247.144.35"/>
            <field name="type" type="java.lang.String" value="Host"/>
            <field name="virtualArray" type="java.net.URI" value="urn:storageos:VirtualArray:4b60b4fc-e59f-4ed4-839f-92c9932318ef:vdc1"/>
            <field name="zoneAllInitiators" type="java.lang.Boolean" value="false"/>
        </record>
        <record id="urn:storageos:ExportGroup:5b725651-1374-4743-a875-09ffcbb912ee:vdc1">
            <readOnlyField>
                <field name="class" type="java.lang.Class" value="class com.emc.storageos.db.client.model.ExportGroup"/>
                <field name="id" type="java.net.URI" value="urn:storageos:ExportGroup:5b725651-1374-4743-a875-09ffcbb912ee:vdc1"/>
            </readOnlyField>
            <field name="creationTime" type="java.util.Calendar" value="java.util.GregorianCalendar[time=1434061112425,areFieldsSet=true,areAllFieldsSet=true,lenient=true,zone=sun.util.calendar.ZoneInfo[id=&quot;UTC&quot;,offset=0,dstSavings=0,useDaylight=false,transitions=0,lastRule=null],firstDayOfWeek=1,minimalDaysInFirstWeek=1,ERA=1,YEAR=2015,MONTH=5,WEEK_OF_YEAR=24,WEEK_OF_MONTH=2,DAY_OF_MONTH=11,DAY_OF_YEAR=162,DAY_OF_WEEK=5,DAY_OF_WEEK_IN_MONTH=2,AM_PM=1,HOUR=10,HOUR_OF_DAY=22,MINUTE=18,SECOND=32,MILLISECOND=425,ZONE_OFFSET=0,DST_OFFSET=0]"/>
            <field name="exportMasks" type="com.emc.storageos.db.client.model.StringSet">
                <wrapper>
                    <stringSet>urn:storageos:ExportMask:39e56cd9-df9d-4bf7-8f40-97e835136bd6:vdc1</stringSet>
                </wrapper>
            </field>
            <field name="generatedName" type="java.lang.String" value="V1024714435"/>
            <field name="hosts" type="com.emc.storageos.db.client.model.StringSet">
                <wrapper>
                    <stringSet>urn:storageos:Host:27bed0ab-7c19-4978-ba4d-64a06a4a9862:vdc1</stringSet>
                </wrapper>
            </field>
            <field name="inactive" type="java.lang.Boolean" value="false"/>
            <field name="initiators" type="com.emc.storageos.db.client.model.StringSet">
                <wrapper>
                    <stringSet>urn:storageos:Initiator:b18211ac-309a-415d-aca6-07d8f566946a:vdc1</stringSet>
                    <stringSet>urn:storageos:Initiator:656c9049-70a0-4002-840e-f63e4b617f65:vdc1</stringSet>
                </wrapper>
            </field>
            <field name="internalFlags" type="java.lang.Long" value="0"/>
            <field name="label" type="java.lang.String" value="10.247.144.35"/>
            <field name="numPaths" type="java.lang.Integer" value="0"/>
            <field name="opStatus" type="com.emc.storageos.db.client.model.OpStatusMap">
                <wrapper>
                    <opStatusMap/>
                </wrapper>
            </field>
            <field name="project" type="com.emc.storageos.db.client.model.NamedURI" value="urn:storageos:Project:ed280a9d-43fe-443b-be0a-9a1af84a32e8:global:10.247.144.35"/>
            <field name="tenant" type="com.emc.storageos.db.client.model.NamedURI" value="urn:storageos:TenantOrg:e8cc450f-4bbe-4018-ba5c-e7f79f7e6932:global:10.247.144.35"/>
            <field name="type" type="java.lang.String" value="Host"/>
            <field name="virtualArray" type="java.net.URI" value="urn:storageos:VirtualArray:53c8a9d1-e83c-49e1-9729-737f33b9df12:vdc1"/>
            <field name="zoneAllInitiators" type="java.lang.Boolean" value="false"/>
        </record>
        <record id="urn:storageos:ExportGroup:726474a8-078a-486c-b5fc-ba74370d21f9:vdc1">
            <readOnlyField>
                <field name="class" type="java.lang.Class" value="class com.emc.storageos.db.client.model.ExportGroup"/>
                <field name="id" type="java.net.URI" value="urn:storageos:ExportGroup:726474a8-078a-486c-b5fc-ba74370d21f9:vdc1"/>
            </readOnlyField>
            <field name="creationTime" type="java.util.Calendar" value="java.util.GregorianCalendar[time=1447421982893,areFieldsSet=true,areAllFieldsSet=true,lenient=true,zone=sun.util.calendar.ZoneInfo[id=&quot;UTC&quot;,offset=0,dstSavings=0,useDaylight=false,transitions=0,lastRule=null],firstDayOfWeek=1,minimalDaysInFirstWeek=1,ERA=1,YEAR=2015,MONTH=10,WEEK_OF_YEAR=46,WEEK_OF_MONTH=2,DAY_OF_MONTH=13,DAY_OF_YEAR=317,DAY_OF_WEEK=6,DAY_OF_WEEK_IN_MONTH=2,AM_PM=1,HOUR=1,HOUR_OF_DAY=13,MINUTE=39,SECOND=42,MILLISECOND=893,ZONE_OFFSET=0,DST_OFFSET=0]"/>
            <field name="exportMasks" type="com.emc.storageos.db.client.model.StringSet">
                <wrapper>
                    <stringSet>urn:storageos:ExportMask:05cc143e-fa13-4835-a828-0f300d1761e8:vdc1</stringSet>
                </wrapper>
            </field>
            <field name="generatedName" type="java.lang.String" value="V1024714435"/>
            <field name="hosts" type="com.emc.storageos.db.client.model.StringSet">
                <wrapper>
                    <stringSet>urn:storageos:Host:27bed0ab-7c19-4978-ba4d-64a06a4a9862:vdc1</stringSet>
                </wrapper>
            </field>
            <field name="inactive" type="java.lang.Boolean" value="false"/>
            <field name="initiators" type="com.emc.storageos.db.client.model.StringSet">
                <wrapper>
                    <stringSet>urn:storageos:Initiator:b18211ac-309a-415d-aca6-07d8f566946a:vdc1</stringSet>
                    <stringSet>urn:storageos:Initiator:656c9049-70a0-4002-840e-f63e4b617f65:vdc1</stringSet>
                </wrapper>
            </field>
            <field name="internalFlags" type="java.lang.Long" value="0"/>
            <field name="label" type="java.lang.String" value="10.247.144.35"/>
            <field name="numPaths" type="java.lang.Integer" value="0"/>
            <field name="opStatus" type="com.emc.storageos.db.client.model.OpStatusMap">
                <wrapper>
                    <opStatusMap/>
                </wrapper>
            </field>
            <field name="project" type="com.emc.storageos.db.client.model.NamedURI" value="urn:storageos:Project:8c86eea8-b761-467e-b9fa-bed080701b20:global:10.247.144.35"/>
            <field name="tenant" type="com.emc.storageos.db.client.model.NamedURI" value="urn:storageos:TenantOrg:e8cc450f-4bbe-4018-ba5c-e7f79f7e6932:global:10.247.144.35"/>
            <field name="type" type="java.lang.String" value="Host"/>
            <field name="virtualArray" type="java.net.URI" value="urn:storageos:VirtualArray:4b60b4fc-e59f-4ed4-839f-92c9932318ef:vdc1"/>
            <field name="zoneAllInitiators" type="java.lang.Boolean" value="false"/>
        </record>
        <record id="urn:storageos:ExportGroup:7c459f4d-4ad0-4baf-a0a5-3bf3fedef390:vdc1">
            <readOnlyField>
                <field name="class" type="java.lang.Class" value="class com.emc.storageos.db.client.model.ExportGroup"/>
                <field name="id" type="java.net.URI" value="urn:storageos:ExportGroup:7c459f4d-4ad0-4baf-a0a5-3bf3fedef390:vdc1"/>
            </readOnlyField>
            <field name="clusters" type="com.emc.storageos.db.client.model.StringSet">
                <wrapper>
                    <stringSet>urn:storageos:Cluster:3a3602a9-45b8-4e52-8b47-68f14fa88f33:vdc1</stringSet>
                </wrapper>
            </field>
            <field name="creationTime" type="java.util.Calendar" value="java.util.GregorianCalendar[time=1435113562393,areFieldsSet=true,areAllFieldsSet=true,lenient=true,zone=sun.util.calendar.ZoneInfo[id=&quot;UTC&quot;,offset=0,dstSavings=0,useDaylight=false,transitions=0,lastRule=null],firstDayOfWeek=1,minimalDaysInFirstWeek=1,ERA=1,YEAR=2015,MONTH=5,WEEK_OF_YEAR=26,WEEK_OF_MONTH=4,DAY_OF_MONTH=24,DAY_OF_YEAR=175,DAY_OF_WEEK=4,DAY_OF_WEEK_IN_MONTH=4,AM_PM=0,HOUR=2,HOUR_OF_DAY=2,MINUTE=39,SECOND=22,MILLISECOND=393,ZONE_OFFSET=0,DST_OFFSET=0]"/>
            <field name="exportMasks" type="com.emc.storageos.db.client.model.StringSet">
                <wrapper>
                    <stringSet>urn:storageos:ExportMask:d4e186f2-7e01-4868-8865-9613b2ccd45d:vdc1</stringSet>
                </wrapper>
            </field>
            <field name="generatedName" type="java.lang.String" value="VSECluster3"/>
            <field name="hosts" type="com.emc.storageos.db.client.model.StringSet">
                <wrapper>
                    <stringSet>urn:storageos:Host:ea89baae-669d-4909-b36d-deb7a1655b25:vdc1</stringSet>
                    <stringSet>urn:storageos:Host:b45a09d1-4576-4061-8ebf-a960151359f9:vdc1</stringSet>
                </wrapper>
            </field>
            <field name="inactive" type="java.lang.Boolean" value="false"/>
            <field name="initiators" type="com.emc.storageos.db.client.model.StringSet">
                <wrapper>
                    <stringSet>urn:storageos:Initiator:e3668912-39c8-4ca3-9c7a-ad35f0a3d398:vdc1</stringSet>
                    <stringSet>urn:storageos:Initiator:90536ee4-d30b-442b-8c48-9405a18962d0:vdc1</stringSet>
                    <stringSet>urn:storageos:Initiator:8748f6a4-6725-412a-add3-06094edd2377:vdc1</stringSet>
                    <stringSet>urn:storageos:Initiator:4fb584ce-43e1-4896-a792-0b41f7913105:vdc1</stringSet>
                </wrapper>
            </field>
            <field name="internalFlags" type="java.lang.Long" value="0"/>
            <field name="label" type="java.lang.String" value="VSE Cluster 3"/>
            <field name="numPaths" type="java.lang.Integer" value="0"/>
            <field name="opStatus" type="com.emc.storageos.db.client.model.OpStatusMap">
                <wrapper>
                    <opStatusMap/>
                </wrapper>
            </field>
            <field name="project" type="com.emc.storageos.db.client.model.NamedURI" value="urn:storageos:Project:d196c7db-e4da-49f7-bfe3-3d177a5c5b2e:global:VSE+Cluster+3"/>
            <field name="tenant" type="com.emc.storageos.db.client.model.NamedURI" value="urn:storageos:TenantOrg:e8cc450f-4bbe-4018-ba5c-e7f79f7e6932:global:VSE+Cluster+3"/>
            <field name="type" type="java.lang.String" value="Cluster"/>
            <field name="virtualArray" type="java.net.URI" value="urn:storageos:VirtualArray:53c8a9d1-e83c-49e1-9729-737f33b9df12:vdc1"/>
            <field name="zoneAllInitiators" type="java.lang.Boolean" value="false"/>
        </record>
        <record id="urn:storageos:ExportGroup:c60d321f-ceaf-44ca-9716-72532cfe7381:vdc1">
            <readOnlyField>
                <field name="class" type="java.lang.Class" value="class com.emc.storageos.db.client.model.ExportGroup"/>
                <field name="id" type="java.net.URI" value="urn:storageos:ExportGroup:c60d321f-ceaf-44ca-9716-72532cfe7381:vdc1"/>
            </readOnlyField>
            <field name="creationTime" type="java.util.Calendar" value="java.util.GregorianCalendar[time=1437424470094,areFieldsSet=true,areAllFieldsSet=true,lenient=true,zone=sun.util.calendar.ZoneInfo[id=&quot;UTC&quot;,offset=0,dstSavings=0,useDaylight=false,transitions=0,lastRule=null],firstDayOfWeek=1,minimalDaysInFirstWeek=1,ERA=1,YEAR=2015,MONTH=6,WEEK_OF_YEAR=30,WEEK_OF_MONTH=4,DAY_OF_MONTH=20,DAY_OF_YEAR=201,DAY_OF_WEEK=2,DAY_OF_WEEK_IN_MONTH=3,AM_PM=1,HOUR=8,HOUR_OF_DAY=20,MINUTE=34,SECOND=30,MILLISECOND=94,ZONE_OFFSET=0,DST_OFFSET=0]"/>
            <field name="exportMasks" type="com.emc.storageos.db.client.model.StringSet">
                <wrapper>
                    <stringSet>urn:storageos:ExportMask:05cc143e-fa13-4835-a828-0f300d1761e8:vdc1</stringSet>
                </wrapper>
            </field>
            <field name="generatedName" type="java.lang.String" value="V1024714435"/>
            <field name="hosts" type="com.emc.storageos.db.client.model.StringSet">
                <wrapper>
                    <stringSet>urn:storageos:Host:27bed0ab-7c19-4978-ba4d-64a06a4a9862:vdc1</stringSet>
                </wrapper>
            </field>
            <field name="inactive" type="java.lang.Boolean" value="false"/>
            <field name="initiators" type="com.emc.storageos.db.client.model.StringSet">
                <wrapper>
                    <stringSet>urn:storageos:Initiator:b18211ac-309a-415d-aca6-07d8f566946a:vdc1</stringSet>
                    <stringSet>urn:storageos:Initiator:656c9049-70a0-4002-840e-f63e4b617f65:vdc1</stringSet>
                </wrapper>
            </field>
            <field name="internalFlags" type="java.lang.Long" value="0"/>
            <field name="label" type="java.lang.String" value="10.247.144.35"/>
            <field name="numPaths" type="java.lang.Integer" value="0"/>
            <field name="opStatus" type="com.emc.storageos.db.client.model.OpStatusMap">
                <wrapper>
                    <opStatusMap/>
                </wrapper>
            </field>
            <field name="project" type="com.emc.storageos.db.client.model.NamedURI" value="urn:storageos:Project:ed280a9d-43fe-443b-be0a-9a1af84a32e8:global:10.247.144.35"/>
            <field name="tenant" type="com.emc.storageos.db.client.model.NamedURI" value="urn:storageos:TenantOrg:e8cc450f-4bbe-4018-ba5c-e7f79f7e6932:global:10.247.144.35"/>
            <field name="type" type="java.lang.String" value="Host"/>
            <field name="virtualArray" type="java.net.URI" value="urn:storageos:VirtualArray:4b60b4fc-e59f-4ed4-839f-92c9932318ef:vdc1"/>
            <field name="volumes" type="com.emc.storageos.db.client.model.StringMap">
                <wrapper>
                    <stringMap>
                        <entry>
                            <key>urn:storageos:BlockSnapshot:74959557-ec98-4d9f-8b4a-b7d5754d7eae:vdc1</key>
                            <value>-1</value>
                        </entry>
                    </stringMap>
                </wrapper>
            </field>
            <field name="zoneAllInitiators" type="java.lang.Boolean" value="false"/>
        </record>
        <record id="urn:storageos:ExportGroup:746bf13e-46ef-439b-8b4d-8412b0a6a00a:vdc1">
            <readOnlyField>
                <field name="class" type="java.lang.Class" value="class com.emc.storageos.db.client.model.ExportGroup"/>
                <field name="id" type="java.net.URI" value="urn:storageos:ExportGroup:746bf13e-46ef-439b-8b4d-8412b0a6a00a:vdc1"/>
            </readOnlyField>
            <field name="creationTime" type="java.util.Calendar" value="java.util.GregorianCalendar[time=1441163572312,areFieldsSet=true,areAllFieldsSet=true,lenient=true,zone=sun.util.calendar.ZoneInfo[id=&quot;UTC&quot;,offset=0,dstSavings=0,useDaylight=false,transitions=0,lastRule=null],firstDayOfWeek=1,minimalDaysInFirstWeek=1,ERA=1,YEAR=2015,MONTH=8,WEEK_OF_YEAR=36,WEEK_OF_MONTH=1,DAY_OF_MONTH=2,DAY_OF_YEAR=245,DAY_OF_WEEK=4,DAY_OF_WEEK_IN_MONTH=1,AM_PM=0,HOUR=3,HOUR_OF_DAY=3,MINUTE=12,SECOND=52,MILLISECOND=312,ZONE_OFFSET=0,DST_OFFSET=0]"/>
            <field name="exportMasks" type="com.emc.storageos.db.client.model.StringSet">
                <wrapper>
                    <stringSet>urn:storageos:ExportMask:4e20bc15-06af-4b29-be8d-32d722758024:vdc1</stringSet>
                </wrapper>
            </field>
            <field name="generatedName" type="java.lang.String" value="V1024714425"/>
            <field name="hosts" type="com.emc.storageos.db.client.model.StringSet">
                <wrapper>
                    <stringSet>urn:storageos:Host:f604a577-0247-45ee-885a-0263c3df9ce0:vdc1</stringSet>
                </wrapper>
            </field>
            <field name="inactive" type="java.lang.Boolean" value="false"/>
            <field name="initiators" type="com.emc.storageos.db.client.model.StringSet">
                <wrapper>
                    <stringSet>urn:storageos:Initiator:1146772a-e333-4f1f-8253-5d3290bd27e3:vdc1</stringSet>
                    <stringSet>urn:storageos:Initiator:479a72c2-5327-45ba-87fc-dc3647a35414:vdc1</stringSet>
                </wrapper>
            </field>
            <field name="internalFlags" type="java.lang.Long" value="0"/>
            <field name="label" type="java.lang.String" value="10.247.144.25"/>
            <field name="numPaths" type="java.lang.Integer" value="0"/>
            <field name="opStatus" type="com.emc.storageos.db.client.model.OpStatusMap">
                <wrapper>
                    <opStatusMap/>
                </wrapper>
            </field>
            <field name="project" type="com.emc.storageos.db.client.model.NamedURI" value="urn:storageos:Project:d196c7db-e4da-49f7-bfe3-3d177a5c5b2e:global:10.247.144.25"/>
            <field name="tenant" type="com.emc.storageos.db.client.model.NamedURI" value="urn:storageos:TenantOrg:e8cc450f-4bbe-4018-ba5c-e7f79f7e6932:global:10.247.144.25"/>
            <field name="type" type="java.lang.String" value="Host"/>
            <field name="virtualArray" type="java.net.URI" value="urn:storageos:VirtualArray:4b60b4fc-e59f-4ed4-839f-92c9932318ef:vdc1"/>
            <field name="zoneAllInitiators" type="java.lang.Boolean" value="false"/>
        </record>
    </data_object_schema>
</dbschemas>
