<?xml version="1.0" encoding="utf-8" standalone="no"?>
<dbschemas>
    <data_object_schema name="FCZoneReference">
        <record id="urn:storageos:FCZoneReference:9d5a28ec-2b80-404e-98b7-d62bffe4f0a9:vdc1">
            <readOnlyField>
                <field name="class" type="java.lang.Class" value="class com.emc.storageos.db.client.model.FCZoneReference"/>
                <field name="id" type="java.net.URI" value="urn:storageos:FCZoneReference:9d5a28ec-2b80-404e-98b7-d62bffe4f0a9:vdc1"/>
            </readOnlyField>
            <field name="creationTime" type="java.util.Calendar" value="java.util.GregorianCalendar[time=1435112778317,areFieldsSet=true,areAllFieldsSet=true,lenient=true,zone=sun.util.calendar.ZoneInfo[id=&quot;UTC&quot;,offset=0,dstSavings=0,useDaylight=false,transitions=0,lastRule=null],firstDayOfWeek=1,minimalDaysInFirstWeek=1,ERA=1,YEAR=2015,MONTH=5,WEEK_OF_YEAR=26,WEEK_OF_MONTH=4,DAY_OF_MONTH=24,DAY_OF_YEAR=175,DAY_OF_WEEK=4,DAY_OF_WEEK_IN_MONTH=4,AM_PM=0,HOUR=2,HOUR_OF_DAY=2,MINUTE=26,SECOND=18,MILLISECOND=317,ZONE_OFFSET=0,DST_OFFSET=0]"/>
            <field name="existingZone" type="java.lang.Boolean" value="true"/>
            <field name="fabricId" type="java.lang.String" value="1"/>
            <field name="groupUri" type="java.net.URI" value="urn:storageos:ExportGroup:3632bbeb-be44-4a41-8566-4f585b75fee3:vdc1"/>
            <field name="inactive" type="java.lang.Boolean" value="false"/>
            <field name="internalFlags" type="java.lang.Long" value="0"/>
            <field name="label" type="java.lang.String" value="10000090FA34383F_5000097300234924"/>
            <field name="networkSystemUri" type="java.net.URI" value="urn:storageos:NetworkSystem:fd6f6dfe-2b87-4a91-ad5d-3024d0fb5548:vdc1"/>
            <field name="opStatus" type="com.emc.storageos.db.client.model.OpStatusMap">
                <wrapper>
                    <opStatusMap/>
                </wrapper>
            </field>
            <field name="pwwnKey" type="java.lang.String" value="10000090FA34383F_5000097300234924"/>
            <field name="volumeUri" type="java.net.URI" value="urn:storageos:Volume:4be4d888-df0c-4d50-a86c-ce854b589345:vdc1"/>
            <field name="zoneName" type="java.lang.String" value="lglbx035_VMAX2258"/>
        </record>
        <record id="urn:storageos:FCZoneReference:a8fdc1e3-3cea-4e32-8353-09f302e9888b:vdc1">
            <readOnlyField>
                <field name="class" type="java.lang.Class" value="class com.emc.storageos.db.client.model.FCZoneReference"/>
                <field name="id" type="java.net.URI" value="urn:storageos:FCZoneReference:a8fdc1e3-3cea-4e32-8353-09f302e9888b:vdc1"/>
            </readOnlyField>
            <field name="creationTime" type="java.util.Calendar" value="java.util.GregorianCalendar[time=1435003108037,areFieldsSet=true,areAllFieldsSet=true,lenient=true,zone=sun.util.calendar.ZoneInfo[id=&quot;UTC&quot;,offset=0,dstSavings=0,useDaylight=false,transitions=0,lastRule=null],firstDayOfWeek=1,minimalDaysInFirstWeek=1,ERA=1,YEAR=2015,MONTH=5,WEEK_OF_YEAR=26,WEEK_OF_MONTH=4,DAY_OF_MONTH=22,DAY_OF_YEAR=173,DAY_OF_WEEK=2,DAY_OF_WEEK_IN_MONTH=4,AM_PM=1,HOUR=7,HOUR_OF_DAY=19,MINUTE=58,SECOND=28,MILLISECOND=37,ZONE_OFFSET=0,DST_OFFSET=0]"/>
            <field name="existingZone" type="java.lang.Boolean" value="true"/>
            <field name="fabricId" type="java.lang.String" value="1"/>
            <field name="groupUri" type="java.net.URI" value="urn:storageos:ExportGroup:eebe6957-4c83-4231-818b-e940527def35:vdc1"/>
            <field name="inactive" type="java.lang.Boolean" value="false"/>
            <field name="internalFlags" type="java.lang.Long" value="0"/>
            <field name="label" type="java.lang.String" value="10000090FA343EFD_5000097300240D19"/>
            <field name="networkSystemUri" type="java.net.URI" value="urn:storageos:NetworkSystem:1ed4644a-5c29-4454-9b01-5801c3640e81:vdc1"/>
            <field name="opStatus" type="com.emc.storageos.db.client.model.OpStatusMap">
                <wrapper>
                    <opStatusMap/>
                </wrapper>
            </field>
            <field name="pwwnKey" type="java.lang.String" value="10000090FA343EFD_5000097300240D19"/>
            <field name="volumeUri" type="java.net.URI" value="urn:storageos:Volume:9b4118ad-f35b-433b-a06a-6fd8484bba61:vdc1"/>
            <field name="zoneName" type="java.lang.String" value="VSECluster3_VMAXx"/>
        </record>
        <record id="urn:storageos:FCZoneReference:fd8a3921-f704-4bcb-be86-192892982e0c:vdc1">
            <readOnlyField>
                <field name="class" type="java.lang.Class" value="class com.emc.storageos.db.client.model.FCZoneReference"/>
                <field name="id" type="java.net.URI" value="urn:storageos:FCZoneReference:fd8a3921-f704-4bcb-be86-192892982e0c:vdc1"/>
            </readOnlyField>
            <field name="creationTime" type="java.util.Calendar" value="java.util.GregorianCalendar[time=1435112778299,areFieldsSet=true,areAllFieldsSet=true,lenient=true,zone=sun.util.calendar.ZoneInfo[id=&quot;UTC&quot;,offset=0,dstSavings=0,useDaylight=false,transitions=0,lastRule=null],firstDayOfWeek=1,minimalDaysInFirstWeek=1,ERA=1,YEAR=2015,MONTH=5,WEEK_OF_YEAR=26,WEEK_OF_MONTH=4,DAY_OF_MONTH=24,DAY_OF_YEAR=175,DAY_OF_WEEK=4,DAY_OF_WEEK_IN_MONTH=4,AM_PM=0,HOUR=2,HOUR_OF_DAY=2,MINUTE=26,SECOND=18,MILLISECOND=299,ZONE_OFFSET=0,DST_OFFSET=0]"/>
            <field name="existingZone" type="java.lang.Boolean" value="true"/>
            <field name="fabricId" type="java.lang.String" value="1"/>
            <field name="groupUri" type="java.net.URI" value="urn:storageos:ExportGroup:3632bbeb-be44-4a41-8566-4f585b75fee3:vdc1"/>
            <field name="inactive" type="java.lang.Boolean" value="false"/>
            <field name="internalFlags" type="java.lang.Long" value="0"/>
            <field name="label" type="java.lang.String" value="10000090FA34383F_5000097300234965"/>
            <field name="networkSystemUri" type="java.net.URI" value="urn:storageos:NetworkSystem:fd6f6dfe-2b87-4a91-ad5d-3024d0fb5548:vdc1"/>
            <field name="opStatus" type="com.emc.storageos.db.client.model.OpStatusMap">
                <wrapper>
                    <opStatusMap/>
                </wrapper>
            </field>
            <field name="pwwnKey" type="java.lang.String" value="10000090FA34383F_5000097300234965"/>
            <field name="volumeUri" type="java.net.URI" value="urn:storageos:Volume:4be4d888-df0c-4d50-a86c-ce854b589345:vdc1"/>
            <field name="zoneName" type="java.lang.String" value="lglbx035_0090FA34383F_2258_FA10F1"/>
        </record>
        <record id="urn:storageos:FCZoneReference:c4ba80a2-7456-492e-852d-05ac915a8cb6:vdc1">
            <readOnlyField>
                <field name="class" type="java.lang.Class" value="class com.emc.storageos.db.client.model.FCZoneReference"/>
                <field name="id" type="java.net.URI" value="urn:storageos:FCZoneReference:c4ba80a2-7456-492e-852d-05ac915a8cb6:vdc1"/>
            </readOnlyField>
            <field name="creationTime" type="java.util.Calendar" value="java.util.GregorianCalendar[time=1435179476688,areFieldsSet=true,areAllFieldsSet=true,lenient=true,zone=sun.util.calendar.ZoneInfo[id=&quot;UTC&quot;,offset=0,dstSavings=0,useDaylight=false,transitions=0,lastRule=null],firstDayOfWeek=1,minimalDaysInFirstWeek=1,ERA=1,YEAR=2015,MONTH=5,WEEK_OF_YEAR=26,WEEK_OF_MONTH=4,DAY_OF_MONTH=24,DAY_OF_YEAR=175,DAY_OF_WEEK=4,DAY_OF_WEEK_IN_MONTH=4,AM_PM=1,HOUR=8,HOUR_OF_DAY=20,MINUTE=57,SECOND=56,MILLISECOND=688,ZONE_OFFSET=0,DST_OFFSET=0]"/>
            <field name="existingZone" type="java.lang.Boolean" value="true"/>
            <field name="fabricId" type="java.lang.String" value="1"/>
            <field name="groupUri" type="java.net.URI" value="urn:storageos:ExportGroup:3632bbeb-be44-4a41-8566-4f585b75fee3:vdc1"/>
            <field name="inactive" type="java.lang.Boolean" value="false"/>
            <field name="internalFlags" type="java.lang.Long" value="0"/>
            <field name="label" type="java.lang.String" value="10000090FA34383F_5000097300234924"/>
            <field name="networkSystemUri" type="java.net.URI" value="urn:storageos:NetworkSystem:fd6f6dfe-2b87-4a91-ad5d-3024d0fb5548:vdc1"/>
            <field name="opStatus" type="com.emc.storageos.db.client.model.OpStatusMap">
                <wrapper>
                    <opStatusMap/>
                </wrapper>
            </field>
            <field name="pwwnKey" type="java.lang.String" value="10000090FA34383F_5000097300234924"/>
            <field name="volumeUri" type="java.net.URI" value="urn:storageos:Volume:65943ef6-3899-48f4-93b4-679e83c6770d:vdc1"/>
            <field name="zoneName" type="java.lang.String" value="lglbx035_VMAX2258"/>
        </record>
        <record id="urn:storageos:FCZoneReference:e1c377b9-bebd-49d5-88ea-98319d66d6ea:vdc1">
            <readOnlyField>
                <field name="class" type="java.lang.Class" value="class com.emc.storageos.db.client.model.FCZoneReference"/>
                <field name="id" type="java.net.URI" value="urn:storageos:FCZoneReference:e1c377b9-bebd-49d5-88ea-98319d66d6ea:vdc1"/>
            </readOnlyField>
            <field name="creationTime" type="java.util.Calendar" value="java.util.GregorianCalendar[time=1435113576628,areFieldsSet=true,areAllFieldsSet=true,lenient=true,zone=sun.util.calendar.ZoneInfo[id=&quot;UTC&quot;,offset=0,dstSavings=0,useDaylight=false,transitions=0,lastRule=null],firstDayOfWeek=1,minimalDaysInFirstWeek=1,ERA=1,YEAR=2015,MONTH=5,WEEK_OF_YEAR=26,WEEK_OF_MONTH=4,DAY_OF_MONTH=24,DAY_OF_YEAR=175,DAY_OF_WEEK=4,DAY_OF_WEEK_IN_MONTH=4,AM_PM=0,HOUR=2,HOUR_OF_DAY=2,MINUTE=39,SECOND=36,MILLISECOND=628,ZONE_OFFSET=0,DST_OFFSET=0]"/>
            <field name="existingZone" type="java.lang.Boolean" value="true"/>
            <field name="fabricId" type="java.lang.String" value="1"/>
            <field name="groupUri" type="java.net.URI" value="urn:storageos:ExportGroup:7c459f4d-4ad0-4baf-a0a5-3bf3fedef390:vdc1"/>
            <field name="inactive" type="java.lang.Boolean" value="false"/>
            <field name="internalFlags" type="java.lang.Long" value="0"/>
            <field name="label" type="java.lang.String" value="10000090FA343EFC_5000097300240D24"/>
            <field name="networkSystemUri" type="java.net.URI" value="urn:storageos:NetworkSystem:fd6f6dfe-2b87-4a91-ad5d-3024d0fb5548:vdc1"/>
            <field name="opStatus" type="com.emc.storageos.db.client.model.OpStatusMap">
                <wrapper>
                    <opStatusMap/>
                </wrapper>
            </field>
            <field name="pwwnKey" type="java.lang.String" value="10000090FA343EFC_5000097300240D24"/>
            <field name="volumeUri" type="java.net.URI" value="urn:storageos:Volume:d816b771-99cf-4f6f-96ad-bacf05f00672:vdc1"/>
            <field name="zoneName" type="java.lang.String" value="KB_Demo_Alias_1_up_KB_Dem"/>
        </record>
        <record id="urn:storageos:FCZoneReference:e346a59f-96be-43e1-8156-517881b02649:vdc1">
            <readOnlyField>
                <field name="class" type="java.lang.Class" value="class com.emc.storageos.db.client.model.FCZoneReference"/>
                <field name="id" type="java.net.URI" value="urn:storageos:FCZoneReference:e346a59f-96be-43e1-8156-517881b02649:vdc1"/>
            </readOnlyField>
            <field name="creationTime" type="java.util.Calendar" value="java.util.GregorianCalendar[time=1436831693427,areFieldsSet=true,areAllFieldsSet=true,lenient=true,zone=sun.util.calendar.ZoneInfo[id=&quot;UTC&quot;,offset=0,dstSavings=0,useDaylight=false,transitions=0,lastRule=null],firstDayOfWeek=1,minimalDaysInFirstWeek=1,ERA=1,YEAR=2015,MONTH=6,WEEK_OF_YEAR=29,WEEK_OF_MONTH=3,DAY_OF_MONTH=13,DAY_OF_YEAR=194,DAY_OF_WEEK=2,DAY_OF_WEEK_IN_MONTH=2,AM_PM=1,HOUR=11,HOUR_OF_DAY=23,MINUTE=54,SECOND=53,MILLISECOND=427,ZONE_OFFSET=0,DST_OFFSET=0]"/>
            <field name="existingZone" type="java.lang.Boolean" value="false"/>
            <field name="fabricId" type="java.lang.String" value="1"/>
            <field name="groupUri" type="java.net.URI" value="urn:storageos:ExportGroup:3632bbeb-be44-4a41-8566-4f585b75fee3:vdc1"/>
            <field name="inactive" type="java.lang.Boolean" value="false"/>
            <field name="internalFlags" type="java.lang.Long" value="0"/>
            <field name="label" type="java.lang.String" value="10000090FA34383E_5000097300234919"/>
            <field name="networkSystemUri" type="java.net.URI" value="urn:storageos:NetworkSystem:1ed4644a-5c29-4454-9b01-5801c3640e81:vdc1"/>
            <field name="opStatus" type="com.emc.storageos.db.client.model.OpStatusMap">
                <wrapper>
                    <opStatusMap/>
                </wrapper>
            </field>
            <field name="pwwnKey" type="java.lang.String" value="10000090FA34383E_5000097300234919"/>
            <field name="volumeUri" type="java.net.URI" value="urn:storageos:Volume:65943ef6-3899-48f4-93b4-679e83c6770d:vdc1"/>
            <field name="zoneName" type="java.lang.String" value="SDS_1024714435_0090FA34383E_2258_FA7E1"/>
        </record>
        <record id="urn:storageos:FCZoneReference:7c9cb36c-cab6-437d-9397-d5e22d489af4:vdc1">
            <readOnlyField>
                <field name="class" type="java.lang.Class" value="class com.emc.storageos.db.client.model.FCZoneReference"/>
                <field name="id" type="java.net.URI" value="urn:storageos:FCZoneReference:7c9cb36c-cab6-437d-9397-d5e22d489af4:vdc1"/>
            </readOnlyField>
            <field name="creationTime" type="java.util.Calendar" value="java.util.GregorianCalendar[time=1447345437864,areFieldsSet=true,areAllFieldsSet=true,lenient=true,zone=sun.util.calendar.ZoneInfo[id=&quot;UTC&quot;,offset=0,dstSavings=0,useDaylight=false,transitions=0,lastRule=null],firstDayOfWeek=1,minimalDaysInFirstWeek=1,ERA=1,YEAR=2015,MONTH=10,WEEK_OF_YEAR=46,WEEK_OF_MONTH=2,DAY_OF_MONTH=12,DAY_OF_YEAR=316,DAY_OF_WEEK=5,DAY_OF_WEEK_IN_MONTH=2,AM_PM=1,HOUR=4,HOUR_OF_DAY=16,MINUTE=23,SECOND=57,MILLISECOND=864,ZONE_OFFSET=0,DST_OFFSET=0]"/>
            <field name="existingZone" type="java.lang.Boolean" value="false"/>
            <field name="fabricId" type="java.lang.String" value="10"/>
            <field name="groupUri" type="java.net.URI" value="urn:storageos:ExportGroup:7482b7eb-f98e-4f3d-b301-98be37a8a364:vdc1"/>
            <field name="inactive" type="java.lang.Boolean" value="false"/>
            <field name="internalFlags" type="java.lang.Long" value="0"/>
            <field name="label" type="java.lang.String" value="10000090FA34383F_5000097300240D1D"/>
            <field name="networkSystemUri" type="java.net.URI" value="urn:storageos:NetworkSystem:fd6f6dfe-2b87-4a91-ad5d-3024d0fb5548:vdc1"/>
            <field name="opStatus" type="com.emc.storageos.db.client.model.OpStatusMap">
                <wrapper>
                    <opStatusMap/>
                </wrapper>
            </field>
            <field name="pwwnKey" type="java.lang.String" value="10000090FA34383F_5000097300240D1D"/>
            <field name="volumeUri" type="java.net.URI" value="urn:storageos:Volume:e8b462db-fb4b-4c4e-bec9-19c1831787e2:vdc1"/>
            <field name="zoneName" type="java.lang.String" value="SDS_1024714435_0090FA34383F_2307_FA8E1"/>
        </record>
        <record id="urn:storageos:FCZoneReference:10cf08d1-9bfe-4b04-aa36-73ce43e956b9:vdc1">
            <readOnlyField>
                <field name="class" type="java.lang.Class" value="class com.emc.storageos.db.client.model.FCZoneReference"/>
                <field name="id" type="java.net.URI" value="urn:storageos:FCZoneReference:10cf08d1-9bfe-4b04-aa36-73ce43e956b9:vdc1"/>
            </readOnlyField>
            <field name="creationTime" type="java.util.Calendar" value="java.util.GregorianCalendar[time=1435003108050,areFieldsSet=true,areAllFieldsSet=true,lenient=true,zone=sun.util.calendar.ZoneInfo[id=&quot;UTC&quot;,offset=0,dstSavings=0,useDaylight=false,transitions=0,lastRule=null],firstDayOfWeek=1,minimalDaysInFirstWeek=1,ERA=1,YEAR=2015,MONTH=5,WEEK_OF_YEAR=26,WEEK_OF_MONTH=4,DAY_OF_MONTH=22,DAY_OF_YEAR=173,DAY_OF_WEEK=2,DAY_OF_WEEK_IN_MONTH=4,AM_PM=1,HOUR=7,HOUR_OF_DAY=19,MINUTE=58,SECOND=28,MILLISECOND=50,ZONE_OFFSET=0,DST_OFFSET=0]"/>
            <field name="existingZone" type="java.lang.Boolean" value="true"/>
            <field name="fabricId" type="java.lang.String" value="1"/>
            <field name="groupUri" type="java.net.URI" value="urn:storageos:ExportGroup:eebe6957-4c83-4231-818b-e940527def35:vdc1"/>
            <field name="inactive" type="java.lang.Boolean" value="false"/>
            <field name="internalFlags" type="java.lang.Long" value="0"/>
            <field name="label" type="java.lang.String" value="10000090FA344CA4_5000097300240D19"/>
            <field name="networkSystemUri" type="java.net.URI" value="urn:storageos:NetworkSystem:1ed4644a-5c29-4454-9b01-5801c3640e81:vdc1"/>
            <field name="opStatus" type="com.emc.storageos.db.client.model.OpStatusMap">
                <wrapper>
                    <opStatusMap/>
                </wrapper>
            </field>
            <field name="pwwnKey" type="java.lang.String" value="10000090FA344CA4_5000097300240D19"/>
            <field name="volumeUri" type="java.net.URI" value="urn:storageos:Volume:9b4118ad-f35b-433b-a06a-6fd8484bba61:vdc1"/>
            <field name="zoneName" type="java.lang.String" value="SDS_lglbx027_lss_emc_com_0090FA344CA4_2307_FA7E1"/>
        </record>
        <record id="urn:storageos:FCZoneReference:852306c3-4e44-4fe3-ad19-0662e0cbf92f:vdc1">
            <readOnlyField>
                <field name="class" type="java.lang.Class" value="class com.emc.storageos.db.client.model.FCZoneReference"/>
                <field name="id" type="java.net.URI" value="urn:storageos:FCZoneReference:852306c3-4e44-4fe3-ad19-0662e0cbf92f:vdc1"/>
            </readOnlyField>
            <field name="creationTime" type="java.util.Calendar" value="java.util.GregorianCalendar[time=1435003107014,areFieldsSet=true,areAllFieldsSet=true,lenient=true,zone=sun.util.calendar.ZoneInfo[id=&quot;UTC&quot;,offset=0,dstSavings=0,useDaylight=false,transitions=0,lastRule=null],firstDayOfWeek=1,minimalDaysInFirstWeek=1,ERA=1,YEAR=2015,MONTH=5,WEEK_OF_YEAR=26,WEEK_OF_MONTH=4,DAY_OF_MONTH=22,DAY_OF_YEAR=173,DAY_OF_WEEK=2,DAY_OF_WEEK_IN_MONTH=4,AM_PM=1,HOUR=7,HOUR_OF_DAY=19,MINUTE=58,SECOND=27,MILLISECOND=14,ZONE_OFFSET=0,DST_OFFSET=0]"/>
            <field name="existingZone" type="java.lang.Boolean" value="true"/>
            <field name="fabricId" type="java.lang.String" value="1"/>
            <field name="groupUri" type="java.net.URI" value="urn:storageos:ExportGroup:eebe6957-4c83-4231-818b-e940527def35:vdc1"/>
            <field name="inactive" type="java.lang.Boolean" value="false"/>
            <field name="internalFlags" type="java.lang.Long" value="0"/>
            <field name="label" type="java.lang.String" value="10000090FA343EFC_5000097300240D24"/>
            <field name="networkSystemUri" type="java.net.URI" value="urn:storageos:NetworkSystem:fd6f6dfe-2b87-4a91-ad5d-3024d0fb5548:vdc1"/>
            <field name="opStatus" type="com.emc.storageos.db.client.model.OpStatusMap">
                <wrapper>
                    <opStatusMap/>
                </wrapper>
            </field>
            <field name="pwwnKey" type="java.lang.String" value="10000090FA343EFC_5000097300240D24"/>
            <field name="volumeUri" type="java.net.URI" value="urn:storageos:Volume:9b4118ad-f35b-433b-a06a-6fd8484bba61:vdc1"/>
            <field name="zoneName" type="java.lang.String" value="KB_Demo_Alias_1_up_KB_Dem"/>
        </record>
        <record id="urn:storageos:FCZoneReference:268a58f3-7909-4504-9c98-02f5a94658c5:vdc1">
            <readOnlyField>
                <field name="class" type="java.lang.Class" value="class com.emc.storageos.db.client.model.FCZoneReference"/>
                <field name="id" type="java.net.URI" value="urn:storageos:FCZoneReference:268a58f3-7909-4504-9c98-02f5a94658c5:vdc1"/>
            </readOnlyField>
            <field name="creationTime" type="java.util.Calendar" value="java.util.GregorianCalendar[time=1435113576658,areFieldsSet=true,areAllFieldsSet=true,lenient=true,zone=sun.util.calendar.ZoneInfo[id=&quot;UTC&quot;,offset=0,dstSavings=0,useDaylight=false,transitions=0,lastRule=null],firstDayOfWeek=1,minimalDaysInFirstWeek=1,ERA=1,YEAR=2015,MONTH=5,WEEK_OF_YEAR=26,WEEK_OF_MONTH=4,DAY_OF_MONTH=24,DAY_OF_YEAR=175,DAY_OF_WEEK=4,DAY_OF_WEEK_IN_MONTH=4,AM_PM=0,HOUR=2,HOUR_OF_DAY=2,MINUTE=39,SECOND=36,MILLISECOND=658,ZONE_OFFSET=0,DST_OFFSET=0]"/>
            <field name="existingZone" type="java.lang.Boolean" value="true"/>
            <field name="fabricId" type="java.lang.String" value="1"/>
            <field name="groupUri" type="java.net.URI" value="urn:storageos:ExportGroup:7c459f4d-4ad0-4baf-a0a5-3bf3fedef390:vdc1"/>
            <field name="inactive" type="java.lang.Boolean" value="false"/>
            <field name="internalFlags" type="java.lang.Long" value="0"/>
            <field name="label" type="java.lang.String" value="10000090FA344CA5_5000097300240D24"/>
            <field name="networkSystemUri" type="java.net.URI" value="urn:storageos:NetworkSystem:fd6f6dfe-2b87-4a91-ad5d-3024d0fb5548:vdc1"/>
            <field name="opStatus" type="com.emc.storageos.db.client.model.OpStatusMap">
                <wrapper>
                    <opStatusMap/>
                </wrapper>
            </field>
            <field name="pwwnKey" type="java.lang.String" value="10000090FA344CA5_5000097300240D24"/>
            <field name="volumeUri" type="java.net.URI" value="urn:storageos:Volume:d816b771-99cf-4f6f-96ad-bacf05f00672:vdc1"/>
            <field name="zoneName" type="java.lang.String" value="SDS_lglbx027_lss_emc_com_0090FA344CA5_2307_FA10E0"/>
        </record>
        <record id="urn:storageos:FCZoneReference:bc6ba570-8e84-4b62-a799-524a2adab41c:vdc1">
            <readOnlyField>
                <field name="class" type="java.lang.Class" value="class com.emc.storageos.db.client.model.FCZoneReference"/>
                <field name="id" type="java.net.URI" value="urn:storageos:FCZoneReference:bc6ba570-8e84-4b62-a799-524a2adab41c:vdc1"/>
            </readOnlyField>
            <field name="creationTime" type="java.util.Calendar" value="java.util.GregorianCalendar[time=1436831693411,areFieldsSet=true,areAllFieldsSet=true,lenient=true,zone=sun.util.calendar.ZoneInfo[id=&quot;UTC&quot;,offset=0,dstSavings=0,useDaylight=false,transitions=0,lastRule=null],firstDayOfWeek=1,minimalDaysInFirstWeek=1,ERA=1,YEAR=2015,MONTH=6,WEEK_OF_YEAR=29,WEEK_OF_MONTH=3,DAY_OF_MONTH=13,DAY_OF_YEAR=194,DAY_OF_WEEK=2,DAY_OF_WEEK_IN_MONTH=2,AM_PM=1,HOUR=11,HOUR_OF_DAY=23,MINUTE=54,SECOND=53,MILLISECOND=411,ZONE_OFFSET=0,DST_OFFSET=0]"/>
            <field name="existingZone" type="java.lang.Boolean" value="true"/>
            <field name="fabricId" type="java.lang.String" value="1"/>
            <field name="groupUri" type="java.net.URI" value="urn:storageos:ExportGroup:3632bbeb-be44-4a41-8566-4f585b75fee3:vdc1"/>
            <field name="inactive" type="java.lang.Boolean" value="false"/>
            <field name="internalFlags" type="java.lang.Long" value="0"/>
            <field name="label" type="java.lang.String" value="10000090FA34383E_5000097300234920"/>
            <field name="networkSystemUri" type="java.net.URI" value="urn:storageos:NetworkSystem:1ed4644a-5c29-4454-9b01-5801c3640e81:vdc1"/>
            <field name="opStatus" type="com.emc.storageos.db.client.model.OpStatusMap">
                <wrapper>
                    <opStatusMap/>
                </wrapper>
            </field>
            <field name="pwwnKey" type="java.lang.String" value="10000090FA34383E_5000097300234920"/>
            <field name="volumeUri" type="java.net.URI" value="urn:storageos:Volume:65943ef6-3899-48f4-93b4-679e83c6770d:vdc1"/>
            <field name="zoneName" type="java.lang.String" value="lglbx035_0090FA34383E_2258_FA9E0"/>
        </record>
        <record id="urn:storageos:FCZoneReference:48dca980-58b8-405f-8806-fe47e0f4b20b:vdc1">
            <readOnlyField>
                <field name="class" type="java.lang.Class" value="class com.emc.storageos.db.client.model.FCZoneReference"/>
                <field name="id" type="java.net.URI" value="urn:storageos:FCZoneReference:48dca980-58b8-405f-8806-fe47e0f4b20b:vdc1"/>
            </readOnlyField>
            <field name="creationTime" type="java.util.Calendar" value="java.util.GregorianCalendar[time=1435113577637,areFieldsSet=true,areAllFieldsSet=true,lenient=true,zone=sun.util.calendar.ZoneInfo[id=&quot;UTC&quot;,offset=0,dstSavings=0,useDaylight=false,transitions=0,lastRule=null],firstDayOfWeek=1,minimalDaysInFirstWeek=1,ERA=1,YEAR=2015,MONTH=5,WEEK_OF_YEAR=26,WEEK_OF_MONTH=4,DAY_OF_MONTH=24,DAY_OF_YEAR=175,DAY_OF_WEEK=4,DAY_OF_WEEK_IN_MONTH=4,AM_PM=0,HOUR=2,HOUR_OF_DAY=2,MINUTE=39,SECOND=37,MILLISECOND=637,ZONE_OFFSET=0,DST_OFFSET=0]"/>
            <field name="existingZone" type="java.lang.Boolean" value="true"/>
            <field name="fabricId" type="java.lang.String" value="1"/>
            <field name="groupUri" type="java.net.URI" value="urn:storageos:ExportGroup:7c459f4d-4ad0-4baf-a0a5-3bf3fedef390:vdc1"/>
            <field name="inactive" type="java.lang.Boolean" value="false"/>
            <field name="internalFlags" type="java.lang.Long" value="0"/>
            <field name="label" type="java.lang.String" value="10000090FA344CA4_5000097300240D19"/>
            <field name="networkSystemUri" type="java.net.URI" value="urn:storageos:NetworkSystem:1ed4644a-5c29-4454-9b01-5801c3640e81:vdc1"/>
            <field name="opStatus" type="com.emc.storageos.db.client.model.OpStatusMap">
                <wrapper>
                    <opStatusMap/>
                </wrapper>
            </field>
            <field name="pwwnKey" type="java.lang.String" value="10000090FA344CA4_5000097300240D19"/>
            <field name="volumeUri" type="java.net.URI" value="urn:storageos:Volume:d816b771-99cf-4f6f-96ad-bacf05f00672:vdc1"/>
            <field name="zoneName" type="java.lang.String" value="SDS_lglbx027_lss_emc_com_0090FA344CA4_2307_FA7E1"/>
        </record>
        <record id="urn:storageos:FCZoneReference:ec93a649-24bb-46e1-b825-0756194d1038:vdc1">
            <readOnlyField>
                <field name="class" type="java.lang.Class" value="class com.emc.storageos.db.client.model.FCZoneReference"/>
                <field name="id" type="java.net.URI" value="urn:storageos:FCZoneReference:ec93a649-24bb-46e1-b825-0756194d1038:vdc1"/>
            </readOnlyField>
            <field name="creationTime" type="java.util.Calendar" value="java.util.GregorianCalendar[time=1435003106892,areFieldsSet=true,areAllFieldsSet=true,lenient=true,zone=sun.util.calendar.ZoneInfo[id=&quot;UTC&quot;,offset=0,dstSavings=0,useDaylight=false,transitions=0,lastRule=null],firstDayOfWeek=1,minimalDaysInFirstWeek=1,ERA=1,YEAR=2015,MONTH=5,WEEK_OF_YEAR=26,WEEK_OF_MONTH=4,DAY_OF_MONTH=22,DAY_OF_YEAR=173,DAY_OF_WEEK=2,DAY_OF_WEEK_IN_MONTH=4,AM_PM=1,HOUR=7,HOUR_OF_DAY=19,MINUTE=58,SECOND=26,MILLISECOND=892,ZONE_OFFSET=0,DST_OFFSET=0]"/>
            <field name="existingZone" type="java.lang.Boolean" value="true"/>
            <field name="fabricId" type="java.lang.String" value="1"/>
            <field name="groupUri" type="java.net.URI" value="urn:storageos:ExportGroup:eebe6957-4c83-4231-818b-e940527def35:vdc1"/>
            <field name="inactive" type="java.lang.Boolean" value="false"/>
            <field name="internalFlags" type="java.lang.Long" value="0"/>
            <field name="label" type="java.lang.String" value="10000090FA344CA5_5000097300240D24"/>
            <field name="networkSystemUri" type="java.net.URI" value="urn:storageos:NetworkSystem:fd6f6dfe-2b87-4a91-ad5d-3024d0fb5548:vdc1"/>
            <field name="opStatus" type="com.emc.storageos.db.client.model.OpStatusMap">
                <wrapper>
                    <opStatusMap/>
                </wrapper>
            </field>
            <field name="pwwnKey" type="java.lang.String" value="10000090FA344CA5_5000097300240D24"/>
            <field name="volumeUri" type="java.net.URI" value="urn:storageos:Volume:9b4118ad-f35b-433b-a06a-6fd8484bba61:vdc1"/>
            <field name="zoneName" type="java.lang.String" value="SDS_lglbx027_lss_emc_com_0090FA344CA5_2307_FA10E0"/>
        </record>
        <record id="urn:storageos:FCZoneReference:c853d522-f567-469e-9fc9-b9d63d76b331:vdc1">
            <readOnlyField>
                <field name="class" type="java.lang.Class" value="class com.emc.storageos.db.client.model.FCZoneReference"/>
                <field name="id" type="java.net.URI" value="urn:storageos:FCZoneReference:c853d522-f567-469e-9fc9-b9d63d76b331:vdc1"/>
            </readOnlyField>
            <field name="creationTime" type="java.util.Calendar" value="java.util.GregorianCalendar[time=1434061134308,areFieldsSet=true,areAllFieldsSet=true,lenient=true,zone=sun.util.calendar.ZoneInfo[id=&quot;UTC&quot;,offset=0,dstSavings=0,useDaylight=false,transitions=0,lastRule=null],firstDayOfWeek=1,minimalDaysInFirstWeek=1,ERA=1,YEAR=2015,MONTH=5,WEEK_OF_YEAR=24,WEEK_OF_MONTH=2,DAY_OF_MONTH=11,DAY_OF_YEAR=162,DAY_OF_WEEK=5,DAY_OF_WEEK_IN_MONTH=2,AM_PM=1,HOUR=10,HOUR_OF_DAY=22,MINUTE=18,SECOND=54,MILLISECOND=308,ZONE_OFFSET=0,DST_OFFSET=0]"/>
            <field name="existingZone" type="java.lang.Boolean" value="false"/>
            <field name="fabricId" type="java.lang.String" value="1"/>
            <field name="groupUri" type="java.net.URI" value="urn:storageos:ExportGroup:5b725651-1374-4743-a875-09ffcbb912ee:vdc1"/>
            <field name="inactive" type="java.lang.Boolean" value="false"/>
            <field name="internalFlags" type="java.lang.Long" value="0"/>
            <field name="label" type="java.lang.String" value="10000090FA34383E_5000097300234919"/>
            <field name="networkSystemUri" type="java.net.URI" value="urn:storageos:NetworkSystem:1ed4644a-5c29-4454-9b01-5801c3640e81:vdc1"/>
            <field name="opStatus" type="com.emc.storageos.db.client.model.OpStatusMap">
                <wrapper>
                    <opStatusMap/>
                </wrapper>
            </field>
            <field name="pwwnKey" type="java.lang.String" value="10000090FA34383E_5000097300234919"/>
            <field name="volumeUri" type="java.net.URI" value="urn:storageos:Volume:27a2dc82-8e45-44c9-8968-1e70353fae09:vdc1"/>
            <field name="zoneName" type="java.lang.String" value="SDS_1024714435_0090FA34383E_2258_FA7E1"/>
        </record>
        <record id="urn:storageos:FCZoneReference:fdc2b46f-ae76-4df8-b412-9fadc5ea19fb:vdc1">
            <readOnlyField>
                <field name="class" type="java.lang.Class" value="class com.emc.storageos.db.client.model.FCZoneReference"/>
                <field name="id" type="java.net.URI" value="urn:storageos:FCZoneReference:fdc2b46f-ae76-4df8-b412-9fadc5ea19fb:vdc1"/>
            </readOnlyField>
            <field name="creationTime" type="java.util.Calendar" value="java.util.GregorianCalendar[time=1441163606353,areFieldsSet=true,areAllFieldsSet=true,lenient=true,zone=sun.util.calendar.ZoneInfo[id=&quot;UTC&quot;,offset=0,dstSavings=0,useDaylight=false,transitions=0,lastRule=null],firstDayOfWeek=1,minimalDaysInFirstWeek=1,ERA=1,YEAR=2015,MONTH=8,WEEK_OF_YEAR=36,WEEK_OF_MONTH=1,DAY_OF_MONTH=2,DAY_OF_YEAR=245,DAY_OF_WEEK=4,DAY_OF_WEEK_IN_MONTH=1,AM_PM=0,HOUR=3,HOUR_OF_DAY=3,MINUTE=13,SECOND=26,MILLISECOND=353,ZONE_OFFSET=0,DST_OFFSET=0]"/>
            <field name="existingZone" type="java.lang.Boolean" value="true"/>
            <field name="fabricId" type="java.lang.String" value="FabricB"/>
            <field name="groupUri" type="java.net.URI" value="urn:storageos:ExportGroup:746bf13e-46ef-439b-8b4d-8412b0a6a00a:vdc1"/>
            <field name="inactive" type="java.lang.Boolean" value="false"/>
            <field name="internalFlags" type="java.lang.Long" value="0"/>
            <field name="label" type="java.lang.String" value="10000090FA343AC4_5000097300240D21"/>
            <field name="networkSystemUri" type="java.net.URI" value="urn:storageos:NetworkSystem:22e1be81-fb31-4a85-8585-285f5af4859d:vdc1"/>
            <field name="opStatus" type="com.emc.storageos.db.client.model.OpStatusMap">
                <wrapper>
                    <opStatusMap/>
                </wrapper>
            </field>
            <field name="pwwnKey" type="java.lang.String" value="10000090FA343AC4_5000097300240D21"/>
            <field name="volumeUri" type="java.net.URI" value="urn:storageos:Volume:f70b416f-d50d-40c2-bb97-1b3d35e04914:vdc1"/>
            <field name="zoneName" type="java.lang.String" value="VSECluster2_VMAXx"/>
        </record>
        <record id="urn:storageos:FCZoneReference:bf9001a3-876e-4a04-b82f-a93534a53a4f:vdc1">
            <readOnlyField>
                <field name="class" type="java.lang.Class" value="class com.emc.storageos.db.client.model.FCZoneReference"/>
                <field name="id" type="java.net.URI" value="urn:storageos:FCZoneReference:bf9001a3-876e-4a04-b82f-a93534a53a4f:vdc1"/>
            </readOnlyField>
            <field name="creationTime" type="java.util.Calendar" value="java.util.GregorianCalendar[time=1447345445292,areFieldsSet=true,areAllFieldsSet=true,lenient=true,zone=sun.util.calendar.ZoneInfo[id=&quot;UTC&quot;,offset=0,dstSavings=0,useDaylight=false,transitions=0,lastRule=null],firstDayOfWeek=1,minimalDaysInFirstWeek=1,ERA=1,YEAR=2015,MONTH=10,WEEK_OF_YEAR=46,WEEK_OF_MONTH=2,DAY_OF_MONTH=12,DAY_OF_YEAR=316,DAY_OF_WEEK=5,DAY_OF_WEEK_IN_MONTH=2,AM_PM=1,HOUR=4,HOUR_OF_DAY=16,MINUTE=24,SECOND=5,MILLISECOND=292,ZONE_OFFSET=0,DST_OFFSET=0]"/>
            <field name="existingZone" type="java.lang.Boolean" value="false"/>
            <field name="fabricId" type="java.lang.String" value="20"/>
            <field name="groupUri" type="java.net.URI" value="urn:storageos:ExportGroup:7482b7eb-f98e-4f3d-b301-98be37a8a364:vdc1"/>
            <field name="inactive" type="java.lang.Boolean" value="false"/>
            <field name="internalFlags" type="java.lang.Long" value="0"/>
            <field name="label" type="java.lang.String" value="10000090FA34383E_5000097300240D20"/>
            <field name="networkSystemUri" type="java.net.URI" value="urn:storageos:NetworkSystem:1ed4644a-5c29-4454-9b01-5801c3640e81:vdc1"/>
            <field name="opStatus" type="com.emc.storageos.db.client.model.OpStatusMap">
                <wrapper>
                    <opStatusMap/>
                </wrapper>
            </field>
            <field name="pwwnKey" type="java.lang.String" value="10000090FA34383E_5000097300240D20"/>
            <field name="volumeUri" type="java.net.URI" value="urn:storageos:Volume:e8b462db-fb4b-4c4e-bec9-19c1831787e2:vdc1"/>
            <field name="zoneName" type="java.lang.String" value="SDS_1024714435_0090FA34383E_2307_FA9E0"/>
        </record>
        <record id="urn:storageos:FCZoneReference:3d74414f-6289-4604-a1e4-17d9be9af6f3:vdc1">
            <readOnlyField>
                <field name="class" type="java.lang.Class" value="class com.emc.storageos.db.client.model.FCZoneReference"/>
                <field name="id" type="java.net.URI" value="urn:storageos:FCZoneReference:3d74414f-6289-4604-a1e4-17d9be9af6f3:vdc1"/>
            </readOnlyField>
            <field name="creationTime" type="java.util.Calendar" value="java.util.GregorianCalendar[time=1435112779944,areFieldsSet=true,areAllFieldsSet=true,lenient=true,zone=sun.util.calendar.ZoneInfo[id=&quot;UTC&quot;,offset=0,dstSavings=0,useDaylight=false,transitions=0,lastRule=null],firstDayOfWeek=1,minimalDaysInFirstWeek=1,ERA=1,YEAR=2015,MONTH=5,WEEK_OF_YEAR=26,WEEK_OF_MONTH=4,DAY_OF_MONTH=24,DAY_OF_YEAR=175,DAY_OF_WEEK=4,DAY_OF_WEEK_IN_MONTH=4,AM_PM=0,HOUR=2,HOUR_OF_DAY=2,MINUTE=26,SECOND=19,MILLISECOND=944,ZONE_OFFSET=0,DST_OFFSET=0]"/>
            <field name="existingZone" type="java.lang.Boolean" value="false"/>
            <field name="fabricId" type="java.lang.String" value="1"/>
            <field name="groupUri" type="java.net.URI" value="urn:storageos:ExportGroup:3632bbeb-be44-4a41-8566-4f585b75fee3:vdc1"/>
            <field name="inactive" type="java.lang.Boolean" value="false"/>
            <field name="internalFlags" type="java.lang.Long" value="0"/>
            <field name="label" type="java.lang.String" value="10000090FA34383E_5000097300234919"/>
            <field name="networkSystemUri" type="java.net.URI" value="urn:storageos:NetworkSystem:1ed4644a-5c29-4454-9b01-5801c3640e81:vdc1"/>
            <field name="opStatus" type="com.emc.storageos.db.client.model.OpStatusMap">
                <wrapper>
                    <opStatusMap/>
                </wrapper>
            </field>
            <field name="pwwnKey" type="java.lang.String" value="10000090FA34383E_5000097300234919"/>
            <field name="volumeUri" type="java.net.URI" value="urn:storageos:Volume:4be4d888-df0c-4d50-a86c-ce854b589345:vdc1"/>
            <field name="zoneName" type="java.lang.String" value="SDS_1024714435_0090FA34383E_2258_FA7E1"/>
        </record>
        <record id="urn:storageos:FCZoneReference:7aff0e71-d193-42bc-84e7-3e7cb304e7e1:vdc1">
            <readOnlyField>
                <field name="class" type="java.lang.Class" value="class com.emc.storageos.db.client.model.FCZoneReference"/>
                <field name="id" type="java.net.URI" value="urn:storageos:FCZoneReference:7aff0e71-d193-42bc-84e7-3e7cb304e7e1:vdc1"/>
            </readOnlyField>
            <field name="creationTime" type="java.util.Calendar" value="java.util.GregorianCalendar[time=1441163796278,areFieldsSet=true,areAllFieldsSet=true,lenient=true,zone=sun.util.calendar.ZoneInfo[id=&quot;UTC&quot;,offset=0,dstSavings=0,useDaylight=false,transitions=0,lastRule=null],firstDayOfWeek=1,minimalDaysInFirstWeek=1,ERA=1,YEAR=2015,MONTH=8,WEEK_OF_YEAR=36,WEEK_OF_MONTH=1,DAY_OF_MONTH=2,DAY_OF_YEAR=245,DAY_OF_WEEK=4,DAY_OF_WEEK_IN_MONTH=1,AM_PM=0,HOUR=3,HOUR_OF_DAY=3,MINUTE=16,SECOND=36,MILLISECOND=278,ZONE_OFFSET=0,DST_OFFSET=0]"/>
            <field name="existingZone" type="java.lang.Boolean" value="false"/>
            <field name="fabricId" type="java.lang.String" value="FabricA-10:00:00:27:f8:c4:60:07"/>
            <field name="groupUri" type="java.net.URI" value="urn:storageos:ExportGroup:746bf13e-46ef-439b-8b4d-8412b0a6a00a:vdc1"/>
            <field name="inactive" type="java.lang.Boolean" value="false"/>
            <field name="internalFlags" type="java.lang.Long" value="0"/>
            <field name="label" type="java.lang.String" value="10000090FA343AC5_5000097300240D1C"/>
            <field name="networkSystemUri" type="java.net.URI" value="urn:storageos:NetworkSystem:22e1be81-fb31-4a85-8585-285f5af4859d:vdc1"/>
            <field name="opStatus" type="com.emc.storageos.db.client.model.OpStatusMap">
                <wrapper>
                    <opStatusMap/>
                </wrapper>
            </field>
            <field name="pwwnKey" type="java.lang.String" value="10000090FA343AC5_5000097300240D1C"/>
            <field name="volumeUri" type="java.net.URI" value="urn:storageos:Volume:f70b416f-d50d-40c2-bb97-1b3d35e04914:vdc1"/>
            <field name="zoneName" type="java.lang.String" value="SDS_1024714425_0090FA343AC5_2307_FA8E0"/>
        </record>
        <record id="urn:storageos:FCZoneReference:75e65530-662d-418a-a8ac-0bb38bddb785:vdc1">
            <readOnlyField>
                <field name="class" type="java.lang.Class" value="class com.emc.storageos.db.client.model.FCZoneReference"/>
                <field name="id" type="java.net.URI" value="urn:storageos:FCZoneReference:75e65530-662d-418a-a8ac-0bb38bddb785:vdc1"/>
            </readOnlyField>
            <field name="creationTime" type="java.util.Calendar" value="java.util.GregorianCalendar[time=1435113577654,areFieldsSet=true,areAllFieldsSet=true,lenient=true,zone=sun.util.calendar.ZoneInfo[id=&quot;UTC&quot;,offset=0,dstSavings=0,useDaylight=false,transitions=0,lastRule=null],firstDayOfWeek=1,minimalDaysInFirstWeek=1,ERA=1,YEAR=2015,MONTH=5,WEEK_OF_YEAR=26,WEEK_OF_MONTH=4,DAY_OF_MONTH=24,DAY_OF_YEAR=175,DAY_OF_WEEK=4,DAY_OF_WEEK_IN_MONTH=4,AM_PM=0,HOUR=2,HOUR_OF_DAY=2,MINUTE=39,SECOND=37,MILLISECOND=654,ZONE_OFFSET=0,DST_OFFSET=0]"/>
            <field name="existingZone" type="java.lang.Boolean" value="true"/>
            <field name="fabricId" type="java.lang.String" value="1"/>
            <field name="groupUri" type="java.net.URI" value="urn:storageos:ExportGroup:7c459f4d-4ad0-4baf-a0a5-3bf3fedef390:vdc1"/>
            <field name="inactive" type="java.lang.Boolean" value="false"/>
            <field name="internalFlags" type="java.lang.Long" value="0"/>
            <field name="label" type="java.lang.String" value="10000090FA343EFD_5000097300240D19"/>
            <field name="networkSystemUri" type="java.net.URI" value="urn:storageos:NetworkSystem:1ed4644a-5c29-4454-9b01-5801c3640e81:vdc1"/>
            <field name="opStatus" type="com.emc.storageos.db.client.model.OpStatusMap">
                <wrapper>
                    <opStatusMap/>
                </wrapper>
            </field>
            <field name="pwwnKey" type="java.lang.String" value="10000090FA343EFD_5000097300240D19"/>
            <field name="volumeUri" type="java.net.URI" value="urn:storageos:Volume:d816b771-99cf-4f6f-96ad-bacf05f00672:vdc1"/>
            <field name="zoneName" type="java.lang.String" value="VSECluster3_VMAXx"/>
        </record>
        <record id="urn:storageos:FCZoneReference:689e3e17-c417-4a2d-89a8-151e163fe73e:vdc1">
            <readOnlyField>
                <field name="class" type="java.lang.Class" value="class com.emc.storageos.db.client.model.FCZoneReference"/>
                <field name="id" type="java.net.URI" value="urn:storageos:FCZoneReference:689e3e17-c417-4a2d-89a8-151e163fe73e:vdc1"/>
            </readOnlyField>
            <field name="creationTime" type="java.util.Calendar" value="java.util.GregorianCalendar[time=1435112779928,areFieldsSet=true,areAllFieldsSet=true,lenient=true,zone=sun.util.calendar.ZoneInfo[id=&quot;UTC&quot;,offset=0,dstSavings=0,useDaylight=false,transitions=0,lastRule=null],firstDayOfWeek=1,minimalDaysInFirstWeek=1,ERA=1,YEAR=2015,MONTH=5,WEEK_OF_YEAR=26,WEEK_OF_MONTH=4,DAY_OF_MONTH=24,DAY_OF_YEAR=175,DAY_OF_WEEK=4,DAY_OF_WEEK_IN_MONTH=4,AM_PM=0,HOUR=2,HOUR_OF_DAY=2,MINUTE=26,SECOND=19,MILLISECOND=928,ZONE_OFFSET=0,DST_OFFSET=0]"/>
            <field name="existingZone" type="java.lang.Boolean" value="true"/>
            <field name="fabricId" type="java.lang.String" value="1"/>
            <field name="groupUri" type="java.net.URI" value="urn:storageos:ExportGroup:3632bbeb-be44-4a41-8566-4f585b75fee3:vdc1"/>
            <field name="inactive" type="java.lang.Boolean" value="false"/>
            <field name="internalFlags" type="java.lang.Long" value="0"/>
            <field name="label" type="java.lang.String" value="10000090FA34383E_5000097300234920"/>
            <field name="networkSystemUri" type="java.net.URI" value="urn:storageos:NetworkSystem:1ed4644a-5c29-4454-9b01-5801c3640e81:vdc1"/>
            <field name="opStatus" type="com.emc.storageos.db.client.model.OpStatusMap">
                <wrapper>
                    <opStatusMap/>
                </wrapper>
            </field>
            <field name="pwwnKey" type="java.lang.String" value="10000090FA34383E_5000097300234920"/>
            <field name="volumeUri" type="java.net.URI" value="urn:storageos:Volume:4be4d888-df0c-4d50-a86c-ce854b589345:vdc1"/>
            <field name="zoneName" type="java.lang.String" value="lglbx035_0090FA34383E_2258_FA9E0"/>
        </record>
        <record id="urn:storageos:FCZoneReference:73c1e753-eef0-4e49-8f25-ebe7bbafb654:vdc1">
            <readOnlyField>
                <field name="class" type="java.lang.Class" value="class com.emc.storageos.db.client.model.FCZoneReference"/>
                <field name="id" type="java.net.URI" value="urn:storageos:FCZoneReference:73c1e753-eef0-4e49-8f25-ebe7bbafb654:vdc1"/>
            </readOnlyField>
            <field name="creationTime" type="java.util.Calendar" value="java.util.GregorianCalendar[time=1435179476670,areFieldsSet=true,areAllFieldsSet=true,lenient=true,zone=sun.util.calendar.ZoneInfo[id=&quot;UTC&quot;,offset=0,dstSavings=0,useDaylight=false,transitions=0,lastRule=null],firstDayOfWeek=1,minimalDaysInFirstWeek=1,ERA=1,YEAR=2015,MONTH=5,WEEK_OF_YEAR=26,WEEK_OF_MONTH=4,DAY_OF_MONTH=24,DAY_OF_YEAR=175,DAY_OF_WEEK=4,DAY_OF_WEEK_IN_MONTH=4,AM_PM=1,HOUR=8,HOUR_OF_DAY=20,MINUTE=57,SECOND=56,MILLISECOND=670,ZONE_OFFSET=0,DST_OFFSET=0]"/>
            <field name="existingZone" type="java.lang.Boolean" value="true"/>
            <field name="fabricId" type="java.lang.String" value="1"/>
            <field name="groupUri" type="java.net.URI" value="urn:storageos:ExportGroup:3632bbeb-be44-4a41-8566-4f585b75fee3:vdc1"/>
            <field name="inactive" type="java.lang.Boolean" value="false"/>
            <field name="internalFlags" type="java.lang.Long" value="0"/>
            <field name="label" type="java.lang.String" value="10000090FA34383F_5000097300234965"/>
            <field name="networkSystemUri" type="java.net.URI" value="urn:storageos:NetworkSystem:fd6f6dfe-2b87-4a91-ad5d-3024d0fb5548:vdc1"/>
            <field name="opStatus" type="com.emc.storageos.db.client.model.OpStatusMap">
                <wrapper>
                    <opStatusMap/>
                </wrapper>
            </field>
            <field name="pwwnKey" type="java.lang.String" value="10000090FA34383F_5000097300234965"/>
            <field name="volumeUri" type="java.net.URI" value="urn:storageos:Volume:65943ef6-3899-48f4-93b4-679e83c6770d:vdc1"/>
            <field name="zoneName" type="java.lang.String" value="lglbx035_0090FA34383F_2258_FA10F1"/>
        </record>
        <record id="urn:storageos:FCZoneReference:28a29e9e-0ddb-4ddb-aadc-e53b57926fd2:vdc1">
            <readOnlyField>
                <field name="class" type="java.lang.Class" value="class com.emc.storageos.db.client.model.FCZoneReference"/>
                <field name="id" type="java.net.URI" value="urn:storageos:FCZoneReference:28a29e9e-0ddb-4ddb-aadc-e53b57926fd2:vdc1"/>
            </readOnlyField>
            <field name="creationTime" type="java.util.Calendar" value="java.util.GregorianCalendar[time=1434126610912,areFieldsSet=true,areAllFieldsSet=true,lenient=true,zone=sun.util.calendar.ZoneInfo[id=&quot;UTC&quot;,offset=0,dstSavings=0,useDaylight=false,transitions=0,lastRule=null],firstDayOfWeek=1,minimalDaysInFirstWeek=1,ERA=1,YEAR=2015,MONTH=5,WEEK_OF_YEAR=24,WEEK_OF_MONTH=2,DAY_OF_MONTH=12,DAY_OF_YEAR=163,DAY_OF_WEEK=6,DAY_OF_WEEK_IN_MONTH=2,AM_PM=1,HOUR=4,HOUR_OF_DAY=16,MINUTE=30,SECOND=10,MILLISECOND=912,ZONE_OFFSET=0,DST_OFFSET=0]"/>
            <field name="existingZone" type="java.lang.Boolean" value="false"/>
            <field name="fabricId" type="java.lang.String" value="1"/>
            <field name="groupUri" type="java.net.URI" value="urn:storageos:ExportGroup:6e035479-8fb1-453c-93de-932c2b35033f:vdc1"/>
            <field name="inactive" type="java.lang.Boolean" value="false"/>
            <field name="internalFlags" type="java.lang.Long" value="0"/>
            <field name="label" type="java.lang.String" value="10000090FA34383E_5000097300234919"/>
            <field name="networkSystemUri" type="java.net.URI" value="urn:storageos:NetworkSystem:1ed4644a-5c29-4454-9b01-5801c3640e81:vdc1"/>
            <field name="opStatus" type="com.emc.storageos.db.client.model.OpStatusMap">
                <wrapper>
                    <opStatusMap/>
                </wrapper>
            </field>
            <field name="pwwnKey" type="java.lang.String" value="10000090FA34383E_5000097300234919"/>
            <field name="volumeUri" type="java.net.URI" value="urn:storageos:Volume:ed6db785-93ff-4533-8f63-b57959cad425:vdc1"/>
            <field name="zoneName" type="java.lang.String" value="SDS_1024714435_0090FA34383E_2258_FA7E1"/>
        </record>
    </data_object_schema>
</dbschemas>
