<?xml version="1.0" encoding="utf-8" standalone="no"?>
<dbschemas>
    <data_object_schema name="FileShare">
        <record id="urn:storageos:FileShare:431b05ee-dfd2-4c98-9740-0bcdc938577d:vdc1">
            <readOnlyField>
                <field name="class" type="java.lang.Class" value="class com.emc.storageos.db.client.model.FileShare"/>
                <field name="id" type="java.net.URI" value="urn:storageos:FileShare:431b05ee-dfd2-4c98-9740-0bcdc938577d:vdc1"/>
            </readOnlyField>
            <field name="capacity" type="java.lang.Long" value="1073741824"/>
            <field name="creationTime" type="java.util.Calendar" value="java.util.GregorianCalendar[time=1442608936894,areFieldsSet=true,areAllFieldsSet=true,lenient=true,zone=sun.util.calendar.ZoneInfo[id=&quot;UTC&quot;,offset=0,dstSavings=0,useDaylight=false,transitions=0,lastRule=null],firstDayOfWeek=1,minimalDaysInFirstWeek=1,ERA=1,YEAR=2015,MONTH=8,WEEK_OF_YEAR=38,WEEK_OF_MONTH=3,DAY_OF_MONTH=18,DAY_OF_YEAR=261,DAY_OF_WEEK=6,DAY_OF_WEEK_IN_MONTH=3,AM_PM=1,HOUR=8,HOUR_OF_DAY=20,MINUTE=42,SECOND=16,MILLISECOND=894,ZONE_OFFSET=0,DST_OFFSET=0]"/>
            <field name="extensions" type="com.emc.storageos.db.client.model.StringMap">
                <wrapper>
                    <stringMap>
                        <entry>
                            <key>quota</key>
                            <value>PS_SAQEAAAAAAAAAAAAAwOFGAAAAAAAA</value>
                        </entry>
                    </stringMap>
                </wrapper>
            </field>
            <field name="inactive" type="java.lang.Boolean" value="false"/>
            <field name="internalFlags" type="java.lang.Long" value="0"/>
            <field name="label" type="java.lang.String" value="test"/>
            <field name="mountPath" type="java.lang.String" value="/ifs/vipr/FileLGLW6120VA/Provider_Tenant/Project1/test"/>
            <field name="name" type="java.lang.String" value="test"/>
            <field name="nativeGuid" type="java.lang.String" value="ISILON+001b21c257e2b51633536402be32a23d4a4e+FILESYSTEM+/ifs/vipr/FileLGLW6120VA/Provider_Tenant/Project1/test"/>
            <field name="nativeId" type="java.lang.String" value="/ifs/vipr/FileLGLW6120VA/Provider_Tenant/Project1/test"/>
            <field name="opStatus" type="com.emc.storageos.db.client.model.OpStatusMap">
                <wrapper>
                    <opStatusMap/>
                </wrapper>
            </field>
            <field name="path" type="java.lang.String" value="/ifs/vipr/FileLGLW6120VA/Provider_Tenant/Project1/test"/>
            <field name="pool" type="java.net.URI" value="urn:storageos:StoragePool:e04a438e-cbe5-41b0-b900-73e0d9840a29:vdc1"/>
            <field name="project" type="com.emc.storageos.db.client.model.NamedURI" value="urn:storageos:Project:d196c7db-e4da-49f7-bfe3-3d177a5c5b2e:global:test"/>
            <field name="protocol" type="com.emc.storageos.db.client.model.StringSet">
                <wrapper>
                    <stringSet>CIFS</stringSet>
                    <stringSet>NFS</stringSet>
                </wrapper>
            </field>
            <field name="storageDevice" type="java.net.URI" value="urn:storageos:StorageSystem:15f5b815-a165-4f42-848d-c258c5c9e137:vdc1"/>
            <field name="tenant" type="com.emc.storageos.db.client.model.NamedURI" value="urn:storageos:TenantOrg:e8cc450f-4bbe-4018-ba5c-e7f79f7e6932:global:test"/>
            <field name="thinlyProvisioned" type="java.lang.Boolean" value="false"/>
            <field name="usedCapacity" type="java.lang.Long" value="2048"/>
            <field name="virtualArray" type="java.net.URI" value="urn:storageos:VirtualArray:141a8ac5-9739-42b7-930a-9fb0dcf17426:vdc1"/>
            <field name="virtualPool" type="java.net.URI" value="urn:storageos:VirtualPool:b5b4a7ac-bf23-41ec-924a-be485822faeb:vdc1"/>
        </record>
    </data_object_schema>
</dbschemas>
