<?xml version="1.0" encoding="utf-8" standalone="no"?>
<dbschemas>
    <data_object_schema name="Host">
        <record id="urn:storageos:Host:7311e82b-177e-4a6f-a040-e0312f7bc857:vdc1">
            <readOnlyField>
                <field name="class" type="java.lang.Class" value="class com.emc.storageos.db.client.model.Host"/>
                <field name="id" type="java.net.URI" value="urn:storageos:Host:7311e82b-177e-4a6f-a040-e0312f7bc857:vdc1"/>
            </readOnlyField>
            <field name="cluster" type="java.net.URI" value="urn:storageos:Cluster:6eb6f0d3-7f1f-4e4b-8ca2-7d45a5018b85:vdc1"/>
            <field name="compatibilityStatus" type="java.lang.String" value="COMPATIBLE"/>
            <field name="creationTime" type="java.util.Calendar" value="java.util.GregorianCalendar[time=1434045365138,areFieldsSet=true,areAllFieldsSet=true,lenient=true,zone=sun.util.calendar.ZoneInfo[id=&quot;UTC&quot;,offset=0,dstSavings=0,useDaylight=false,transitions=0,lastRule=null],firstDayOfWeek=1,minimalDaysInFirstWeek=1,ERA=1,YEAR=2015,MONTH=5,WEEK_OF_YEAR=24,WEEK_OF_MONTH=2,DAY_OF_MONTH=11,DAY_OF_YEAR=162,DAY_OF_WEEK=5,DAY_OF_WEEK_IN_MONTH=2,AM_PM=1,HOUR=5,HOUR_OF_DAY=17,MINUTE=56,SECOND=5,MILLISECOND=138,ZONE_OFFSET=0,DST_OFFSET=0]"/>
            <field name="discoverable" type="java.lang.Boolean" value="true"/>
            <field name="discoveryStatus" type="java.lang.String" value="COMPLETE"/>
            <field name="hostName" type="java.lang.String" value="10.247.144.20"/>
            <field name="inactive" type="java.lang.Boolean" value="false"/>
            <field name="internalFlags" type="java.lang.Long" value="0"/>
            <field name="label" type="java.lang.String" value="10.247.144.20"/>
            <field name="lastDiscoveryRunTime" type="java.lang.Long" value="1449438395306"/>
            <field name="lastDiscoveryStatusMessage" type="java.lang.String" value=""/>
            <field name="lastMeteringRunTime" type="java.lang.Long" value="0"/>
            <field name="meteringStatus" type="java.lang.String" value="CREATED"/>
            <field name="nativeGuid" type="java.lang.String" value=""/>
            <field name="nextDiscoveryRunTime" type="java.lang.Long" value="1449524789334"/>
            <field name="nextMeteringRunTime" type="java.lang.Long" value="0"/>
            <field name="opStatus" type="com.emc.storageos.db.client.model.OpStatusMap">
                <wrapper>
                    <opStatusMap/>
                </wrapper>
            </field>
            <field name="osVersion" type="java.lang.String" value="5.1.0"/>
            <field name="registrationStatus" type="java.lang.String" value="REGISTERED"/>
            <field name="successDiscoveryTime" type="java.lang.Long" value="1449438395306"/>
            <field name="successMeteringTime" type="java.lang.Long" value="0"/>
            <field name="tenant" type="java.net.URI" value="urn:storageos:TenantOrg:e8cc450f-4bbe-4018-ba5c-e7f79f7e6932:global"/>
            <field name="type" type="java.lang.String" value="Esx"/>
            <field name="uuid" type="java.lang.String" value="c07417ec-c968-e311-adf0-f80f41f91f5d"/>
            <field name="vcenterDataCenter" type="java.net.URI" value="urn:storageos:VcenterDataCenter:75021842-6fdb-42a6-8f04-9cca209cd06e:vdc1"/>
        </record>
        <record id="urn:storageos:Host:27bed0ab-7c19-4978-ba4d-64a06a4a9862:vdc1">
            <readOnlyField>
                <field name="class" type="java.lang.Class" value="class com.emc.storageos.db.client.model.Host"/>
                <field name="id" type="java.net.URI" value="urn:storageos:Host:27bed0ab-7c19-4978-ba4d-64a06a4a9862:vdc1"/>
            </readOnlyField>
            <field name="cluster" type="java.net.URI" value="null"/>
            <field name="compatibilityStatus" type="java.lang.String" value="COMPATIBLE"/>
            <field name="creationTime" type="java.util.Calendar" value="java.util.GregorianCalendar[time=1434060411455,areFieldsSet=true,areAllFieldsSet=true,lenient=true,zone=sun.util.calendar.ZoneInfo[id=&quot;UTC&quot;,offset=0,dstSavings=0,useDaylight=false,transitions=0,lastRule=null],firstDayOfWeek=1,minimalDaysInFirstWeek=1,ERA=1,YEAR=2015,MONTH=5,WEEK_OF_YEAR=24,WEEK_OF_MONTH=2,DAY_OF_MONTH=11,DAY_OF_YEAR=162,DAY_OF_WEEK=5,DAY_OF_WEEK_IN_MONTH=2,AM_PM=1,HOUR=10,HOUR_OF_DAY=22,MINUTE=6,SECOND=51,MILLISECOND=455,ZONE_OFFSET=0,DST_OFFSET=0]"/>
            <field name="discoverable" type="java.lang.Boolean" value="true"/>
            <field name="discoveryStatus" type="java.lang.String" value="COMPLETE"/>
            <field name="hostName" type="java.lang.String" value="10.247.144.35"/>
            <field name="inactive" type="java.lang.Boolean" value="false"/>
            <field name="internalFlags" type="java.lang.Long" value="0"/>
            <field name="label" type="java.lang.String" value="lglbx035"/>
            <field name="lastDiscoveryRunTime" type="java.lang.Long" value="1449438392940"/>
            <field name="lastDiscoveryStatusMessage" type="java.lang.String" value=""/>
            <field name="lastMeteringRunTime" type="java.lang.Long" value="0"/>
            <field name="meteringStatus" type="java.lang.String" value="CREATED"/>
            <field name="nativeGuid" type="java.lang.String" value="F8:0F:41:F9:1E:A8"/>
            <field name="nextDiscoveryRunTime" type="java.lang.Long" value="1449524787411"/>
            <field name="nextMeteringRunTime" type="java.lang.Long" value="0"/>
            <field name="opStatus" type="com.emc.storageos.db.client.model.OpStatusMap">
                <wrapper>
                    <opStatusMap/>
                </wrapper>
            </field>
            <field name="osVersion" type="java.lang.String" value="6.3.9600 Microsoft Windows Server 2012 R2 Datacenter"/>
            <field name="portNumber" type="java.lang.Integer" value="5985"/>
            <field name="registrationStatus" type="java.lang.String" value="REGISTERED"/>
            <field name="successDiscoveryTime" type="java.lang.Long" value="1449438392940"/>
            <field name="successMeteringTime" type="java.lang.Long" value="0"/>
            <field name="tenant" type="java.net.URI" value="urn:storageos:TenantOrg:e8cc450f-4bbe-4018-ba5c-e7f79f7e6932:global"/>
            <field name="type" type="java.lang.String" value="Windows"/>
            <field name="useSSL" type="java.lang.Boolean" value="false"/>
            <field name="username" type="java.lang.String" value="Administrator"/>
        </record>
        <record id="urn:storageos:Host:b45a09d1-4576-4061-8ebf-a960151359f9:vdc1">
            <readOnlyField>
                <field name="class" type="java.lang.Class" value="class com.emc.storageos.db.client.model.Host"/>
                <field name="id" type="java.net.URI" value="urn:storageos:Host:b45a09d1-4576-4061-8ebf-a960151359f9:vdc1"/>
            </readOnlyField>
            <field name="cluster" type="java.net.URI" value="urn:storageos:Cluster:3a3602a9-45b8-4e52-8b47-68f14fa88f33:vdc1"/>
            <field name="compatibilityStatus" type="java.lang.String" value="COMPATIBLE"/>
            <field name="creationTime" type="java.util.Calendar" value="java.util.GregorianCalendar[time=1434045326708,areFieldsSet=true,areAllFieldsSet=true,lenient=true,zone=sun.util.calendar.ZoneInfo[id=&quot;UTC&quot;,offset=0,dstSavings=0,useDaylight=false,transitions=0,lastRule=null],firstDayOfWeek=1,minimalDaysInFirstWeek=1,ERA=1,YEAR=2015,MONTH=5,WEEK_OF_YEAR=24,WEEK_OF_MONTH=2,DAY_OF_MONTH=11,DAY_OF_YEAR=162,DAY_OF_WEEK=5,DAY_OF_WEEK_IN_MONTH=2,AM_PM=1,HOUR=5,HOUR_OF_DAY=17,MINUTE=55,SECOND=26,MILLISECOND=708,ZONE_OFFSET=0,DST_OFFSET=0]"/>
            <field name="discoverable" type="java.lang.Boolean" value="true"/>
            <field name="discoveryStatus" type="java.lang.String" value="COMPLETE"/>
            <field name="hostName" type="java.lang.String" value="lglbx028.lss.emc.com"/>
            <field name="inactive" type="java.lang.Boolean" value="false"/>
            <field name="internalFlags" type="java.lang.Long" value="0"/>
            <field name="label" type="java.lang.String" value="lglbx028.lss.emc.com"/>
            <field name="lastDiscoveryRunTime" type="java.lang.Long" value="1449438394241"/>
            <field name="lastDiscoveryStatusMessage" type="java.lang.String" value=""/>
            <field name="lastMeteringRunTime" type="java.lang.Long" value="0"/>
            <field name="meteringStatus" type="java.lang.String" value="CREATED"/>
            <field name="nativeGuid" type="java.lang.String" value=""/>
            <field name="nextDiscoveryRunTime" type="java.lang.Long" value="1449524791862"/>
            <field name="nextMeteringRunTime" type="java.lang.Long" value="0"/>
            <field name="opStatus" type="com.emc.storageos.db.client.model.OpStatusMap">
                <wrapper>
                    <opStatusMap/>
                </wrapper>
            </field>
            <field name="osVersion" type="java.lang.String" value="5.1.0"/>
            <field name="registrationStatus" type="java.lang.String" value="REGISTERED"/>
            <field name="successDiscoveryTime" type="java.lang.Long" value="1449438394241"/>
            <field name="successMeteringTime" type="java.lang.Long" value="0"/>
            <field name="tenant" type="java.net.URI" value="urn:storageos:TenantOrg:e8cc450f-4bbe-4018-ba5c-e7f79f7e6932:global"/>
            <field name="type" type="java.lang.String" value="Esx"/>
            <field name="uuid" type="java.lang.String" value="ae56970a-d468-e311-9d90-f80f41f92823"/>
            <field name="vcenterDataCenter" type="java.net.URI" value="urn:storageos:VcenterDataCenter:6c1f0329-8f18-4afe-b149-65c11203790e:vdc1"/>
        </record>
        <record id="urn:storageos:Host:6527e6e4-d6b4-4af5-adc1-ac3a3f0e8786:vdc1">
            <readOnlyField>
                <field name="class" type="java.lang.Class" value="class com.emc.storageos.db.client.model.Host"/>
                <field name="id" type="java.net.URI" value="urn:storageos:Host:6527e6e4-d6b4-4af5-adc1-ac3a3f0e8786:vdc1"/>
            </readOnlyField>
            <field name="cluster" type="java.net.URI" value="urn:storageos:Cluster:bb768830-e9e4-449a-8bf8-96df8eca5bf8:vdc1"/>
            <field name="compatibilityStatus" type="java.lang.String" value="COMPATIBLE"/>
            <field name="creationTime" type="java.util.Calendar" value="java.util.GregorianCalendar[time=1434047779197,areFieldsSet=true,areAllFieldsSet=true,lenient=true,zone=sun.util.calendar.ZoneInfo[id=&quot;UTC&quot;,offset=0,dstSavings=0,useDaylight=false,transitions=0,lastRule=null],firstDayOfWeek=1,minimalDaysInFirstWeek=1,ERA=1,YEAR=2015,MONTH=5,WEEK_OF_YEAR=24,WEEK_OF_MONTH=2,DAY_OF_MONTH=11,DAY_OF_YEAR=162,DAY_OF_WEEK=5,DAY_OF_WEEK_IN_MONTH=2,AM_PM=1,HOUR=6,HOUR_OF_DAY=18,MINUTE=36,SECOND=19,MILLISECOND=197,ZONE_OFFSET=0,DST_OFFSET=0]"/>
            <field name="discoverable" type="java.lang.Boolean" value="true"/>
            <field name="discoveryStatus" type="java.lang.String" value="COMPLETE"/>
            <field name="hostName" type="java.lang.String" value="lglbx037.corp.emc.com"/>
            <field name="inactive" type="java.lang.Boolean" value="false"/>
            <field name="internalFlags" type="java.lang.Long" value="0"/>
            <field name="label" type="java.lang.String" value="lglbx037"/>
            <field name="lastDiscoveryRunTime" type="java.lang.Long" value="1449438393832"/>
            <field name="lastDiscoveryStatusMessage" type="java.lang.String" value=""/>
            <field name="lastMeteringRunTime" type="java.lang.Long" value="0"/>
            <field name="meteringStatus" type="java.lang.String" value="CREATED"/>
            <field name="nativeGuid" type="java.lang.String" value="02:62:12:4A:B0:01"/>
            <field name="nextDiscoveryRunTime" type="java.lang.Long" value="1449524788888"/>
            <field name="nextMeteringRunTime" type="java.lang.Long" value="0"/>
            <field name="opStatus" type="com.emc.storageos.db.client.model.OpStatusMap">
                <wrapper>
                    <opStatusMap/>
                </wrapper>
            </field>
            <field name="osVersion" type="java.lang.String" value="6.3.9600 Microsoft Windows Server 2012 R2 Datacenter"/>
            <field name="portNumber" type="java.lang.Integer" value="5986"/>
            <field name="registrationStatus" type="java.lang.String" value="REGISTERED"/>
            <field name="successDiscoveryTime" type="java.lang.Long" value="1449438393832"/>
            <field name="successMeteringTime" type="java.lang.Long" value="0"/>
            <field name="tenant" type="java.net.URI" value="urn:storageos:TenantOrg:e8cc450f-4bbe-4018-ba5c-e7f79f7e6932:global"/>
            <field name="type" type="java.lang.String" value="Windows"/>
            <field name="useSSL" type="java.lang.Boolean" value="true"/>
            <field name="username" type="java.lang.String" value="administrator"/>
        </record>
        <record id="urn:storageos:Host:9847e866-71d6-45bc-8d37-aa96f9d6a89f:vdc1">
            <readOnlyField>
                <field name="class" type="java.lang.Class" value="class com.emc.storageos.db.client.model.Host"/>
                <field name="id" type="java.net.URI" value="urn:storageos:Host:9847e866-71d6-45bc-8d37-aa96f9d6a89f:vdc1"/>
            </readOnlyField>
            <field name="cluster" type="java.net.URI" value="urn:storageos:Cluster:bb768830-e9e4-449a-8bf8-96df8eca5bf8:vdc1"/>
            <field name="compatibilityStatus" type="java.lang.String" value="COMPATIBLE"/>
            <field name="creationTime" type="java.util.Calendar" value="java.util.GregorianCalendar[time=1432841123647,areFieldsSet=true,areAllFieldsSet=true,lenient=true,zone=sun.util.calendar.ZoneInfo[id=&quot;UTC&quot;,offset=0,dstSavings=0,useDaylight=false,transitions=0,lastRule=null],firstDayOfWeek=1,minimalDaysInFirstWeek=1,ERA=1,YEAR=2015,MONTH=4,WEEK_OF_YEAR=22,WEEK_OF_MONTH=5,DAY_OF_MONTH=28,DAY_OF_YEAR=148,DAY_OF_WEEK=5,DAY_OF_WEEK_IN_MONTH=4,AM_PM=1,HOUR=7,HOUR_OF_DAY=19,MINUTE=25,SECOND=23,MILLISECOND=647,ZONE_OFFSET=0,DST_OFFSET=0]"/>
            <field name="discoverable" type="java.lang.Boolean" value="true"/>
            <field name="discoveryStatus" type="java.lang.String" value="COMPLETE"/>
            <field name="hostName" type="java.lang.String" value="lglbx036.corp.emc.com"/>
            <field name="inactive" type="java.lang.Boolean" value="false"/>
            <field name="internalFlags" type="java.lang.Long" value="0"/>
            <field name="label" type="java.lang.String" value="lglbx036"/>
            <field name="lastDiscoveryRunTime" type="java.lang.Long" value="1449438396025"/>
            <field name="lastDiscoveryStatusMessage" type="java.lang.String" value=""/>
            <field name="lastMeteringRunTime" type="java.lang.Long" value="0"/>
            <field name="meteringStatus" type="java.lang.String" value="CREATED"/>
            <field name="nativeGuid" type="java.lang.String" value="02:21:BC:39:D9:46"/>
            <field name="nextDiscoveryRunTime" type="java.lang.Long" value="1449524791730"/>
            <field name="nextMeteringRunTime" type="java.lang.Long" value="0"/>
            <field name="opStatus" type="com.emc.storageos.db.client.model.OpStatusMap">
                <wrapper>
                    <opStatusMap/>
                </wrapper>
            </field>
            <field name="osVersion" type="java.lang.String" value="6.3.9600 Microsoft Windows Server 2012 R2 Datacenter"/>
            <field name="portNumber" type="java.lang.Integer" value="5985"/>
            <field name="registrationStatus" type="java.lang.String" value="REGISTERED"/>
            <field name="successDiscoveryTime" type="java.lang.Long" value="1449438396025"/>
            <field name="successMeteringTime" type="java.lang.Long" value="0"/>
            <field name="tenant" type="java.net.URI" value="urn:storageos:TenantOrg:e8cc450f-4bbe-4018-ba5c-e7f79f7e6932:global"/>
            <field name="type" type="java.lang.String" value="Windows"/>
            <field name="useSSL" type="java.lang.Boolean" value="false"/>
            <field name="username" type="java.lang.String" value="administrator"/>
        </record>
        <record id="urn:storageos:Host:ea89baae-669d-4909-b36d-deb7a1655b25:vdc1">
            <readOnlyField>
                <field name="class" type="java.lang.Class" value="class com.emc.storageos.db.client.model.Host"/>
                <field name="id" type="java.net.URI" value="urn:storageos:Host:ea89baae-669d-4909-b36d-deb7a1655b25:vdc1"/>
            </readOnlyField>
            <field name="cluster" type="java.net.URI" value="urn:storageos:Cluster:3a3602a9-45b8-4e52-8b47-68f14fa88f33:vdc1"/>
            <field name="compatibilityStatus" type="java.lang.String" value="COMPATIBLE"/>
            <field name="creationTime" type="java.util.Calendar" value="java.util.GregorianCalendar[time=1434404736359,areFieldsSet=true,areAllFieldsSet=true,lenient=true,zone=sun.util.calendar.ZoneInfo[id=&quot;UTC&quot;,offset=0,dstSavings=0,useDaylight=false,transitions=0,lastRule=null],firstDayOfWeek=1,minimalDaysInFirstWeek=1,ERA=1,YEAR=2015,MONTH=5,WEEK_OF_YEAR=25,WEEK_OF_MONTH=3,DAY_OF_MONTH=15,DAY_OF_YEAR=166,DAY_OF_WEEK=2,DAY_OF_WEEK_IN_MONTH=3,AM_PM=1,HOUR=9,HOUR_OF_DAY=21,MINUTE=45,SECOND=36,MILLISECOND=359,ZONE_OFFSET=0,DST_OFFSET=0]"/>
            <field name="discoverable" type="java.lang.Boolean" value="true"/>
            <field name="discoveryStatus" type="java.lang.String" value="COMPLETE"/>
            <field name="hostName" type="java.lang.String" value="lglbx027.lss.emc.com"/>
            <field name="inactive" type="java.lang.Boolean" value="false"/>
            <field name="internalFlags" type="java.lang.Long" value="0"/>
            <field name="label" type="java.lang.String" value="lglbx027.lss.emc.com"/>
            <field name="lastDiscoveryRunTime" type="java.lang.Long" value="1449438395060"/>
            <field name="lastDiscoveryStatusMessage" type="java.lang.String" value=""/>
            <field name="lastMeteringRunTime" type="java.lang.Long" value="0"/>
            <field name="meteringStatus" type="java.lang.String" value="CREATED"/>
            <field name="nativeGuid" type="java.lang.String" value=""/>
            <field name="nextDiscoveryRunTime" type="java.lang.Long" value="1449524792042"/>
            <field name="nextMeteringRunTime" type="java.lang.Long" value="0"/>
            <field name="opStatus" type="com.emc.storageos.db.client.model.OpStatusMap">
                <wrapper>
                    <opStatusMap/>
                </wrapper>
            </field>
            <field name="osVersion" type="java.lang.String" value="5.1.0"/>
            <field name="registrationStatus" type="java.lang.String" value="REGISTERED"/>
            <field name="successDiscoveryTime" type="java.lang.Long" value="1449438395060"/>
            <field name="successMeteringTime" type="java.lang.Long" value="0"/>
            <field name="tenant" type="java.net.URI" value="urn:storageos:TenantOrg:e8cc450f-4bbe-4018-ba5c-e7f79f7e6932:global"/>
            <field name="type" type="java.lang.String" value="Esx"/>
            <field name="uuid" type="java.lang.String" value="f68a3096-d368-e311-a4f9-f80f41f91f2d"/>
            <field name="vcenterDataCenter" type="java.net.URI" value="urn:storageos:VcenterDataCenter:6c1f0329-8f18-4afe-b149-65c11203790e:vdc1"/>
        </record>
        <record id="urn:storageos:Host:f604a577-0247-45ee-885a-0263c3df9ce0:vdc1">
            <readOnlyField>
                <field name="class" type="java.lang.Class" value="class com.emc.storageos.db.client.model.Host"/>
                <field name="id" type="java.net.URI" value="urn:storageos:Host:f604a577-0247-45ee-885a-0263c3df9ce0:vdc1"/>
            </readOnlyField>
            <field name="cluster" type="java.net.URI" value="urn:storageos:Cluster:7236ae06-98b8-444c-98eb-4bf2a902f5d7:vdc1"/>
            <field name="compatibilityStatus" type="java.lang.String" value="COMPATIBLE"/>
            <field name="creationTime" type="java.util.Calendar" value="java.util.GregorianCalendar[time=1434045367426,areFieldsSet=true,areAllFieldsSet=true,lenient=true,zone=sun.util.calendar.ZoneInfo[id=&quot;UTC&quot;,offset=0,dstSavings=0,useDaylight=false,transitions=0,lastRule=null],firstDayOfWeek=1,minimalDaysInFirstWeek=1,ERA=1,YEAR=2015,MONTH=5,WEEK_OF_YEAR=24,WEEK_OF_MONTH=2,DAY_OF_MONTH=11,DAY_OF_YEAR=162,DAY_OF_WEEK=5,DAY_OF_WEEK_IN_MONTH=2,AM_PM=1,HOUR=5,HOUR_OF_DAY=17,MINUTE=56,SECOND=7,MILLISECOND=426,ZONE_OFFSET=0,DST_OFFSET=0]"/>
            <field name="discoverable" type="java.lang.Boolean" value="true"/>
            <field name="discoveryStatus" type="java.lang.String" value="COMPLETE"/>
            <field name="hostName" type="java.lang.String" value="10.247.144.25"/>
            <field name="inactive" type="java.lang.Boolean" value="false"/>
            <field name="internalFlags" type="java.lang.Long" value="0"/>
            <field name="label" type="java.lang.String" value="10.247.144.25"/>
            <field name="lastDiscoveryRunTime" type="java.lang.Long" value="1449438399904"/>
            <field name="lastDiscoveryStatusMessage" type="java.lang.String" value=""/>
            <field name="lastMeteringRunTime" type="java.lang.Long" value="0"/>
            <field name="meteringStatus" type="java.lang.String" value="CREATED"/>
            <field name="nativeGuid" type="java.lang.String" value=""/>
            <field name="nextDiscoveryRunTime" type="java.lang.Long" value="1449524792126"/>
            <field name="nextMeteringRunTime" type="java.lang.Long" value="0"/>
            <field name="opStatus" type="com.emc.storageos.db.client.model.OpStatusMap">
                <wrapper>
                    <opStatusMap/>
                </wrapper>
            </field>
            <field name="osVersion" type="java.lang.String" value="5.1.0"/>
            <field name="registrationStatus" type="java.lang.String" value="REGISTERED"/>
            <field name="successDiscoveryTime" type="java.lang.Long" value="1449438399904"/>
            <field name="successMeteringTime" type="java.lang.Long" value="0"/>
            <field name="tenant" type="java.net.URI" value="urn:storageos:TenantOrg:e8cc450f-4bbe-4018-ba5c-e7f79f7e6932:global"/>
            <field name="type" type="java.lang.String" value="Esx"/>
            <field name="uuid" type="java.lang.String" value="be0978a3-ec68-e311-8a83-f80f41f8b4d7"/>
            <field name="vcenterDataCenter" type="java.net.URI" value="urn:storageos:VcenterDataCenter:75021842-6fdb-42a6-8f04-9cca209cd06e:vdc1"/>
        </record>
        <record id="urn:storageos:Host:787ab87b-8ed1-4b84-862c-3f7c4f610f76:vdc1">
            <readOnlyField>
                <field name="class" type="java.lang.Class" value="class com.emc.storageos.db.client.model.Host"/>
                <field name="id" type="java.net.URI" value="urn:storageos:Host:787ab87b-8ed1-4b84-862c-3f7c4f610f76:vdc1"/>
            </readOnlyField>
            <field name="cluster" type="java.net.URI" value="urn:storageos:Cluster:0955c427-e9aa-4b0a-8994-3df2489f1455:vdc1"/>
            <field name="compatibilityStatus" type="java.lang.String" value="COMPATIBLE"/>
            <field name="creationTime" type="java.util.Calendar" value="java.util.GregorianCalendar[time=1434045363887,areFieldsSet=true,areAllFieldsSet=true,lenient=true,zone=sun.util.calendar.ZoneInfo[id=&quot;UTC&quot;,offset=0,dstSavings=0,useDaylight=false,transitions=0,lastRule=null],firstDayOfWeek=1,minimalDaysInFirstWeek=1,ERA=1,YEAR=2015,MONTH=5,WEEK_OF_YEAR=24,WEEK_OF_MONTH=2,DAY_OF_MONTH=11,DAY_OF_YEAR=162,DAY_OF_WEEK=5,DAY_OF_WEEK_IN_MONTH=2,AM_PM=1,HOUR=5,HOUR_OF_DAY=17,MINUTE=56,SECOND=3,MILLISECOND=887,ZONE_OFFSET=0,DST_OFFSET=0]"/>
            <field name="discoverable" type="java.lang.Boolean" value="true"/>
            <field name="discoveryStatus" type="java.lang.String" value="COMPLETE"/>
            <field name="hostName" type="java.lang.String" value="10.247.188.13"/>
            <field name="inactive" type="java.lang.Boolean" value="false"/>
            <field name="internalFlags" type="java.lang.Long" value="0"/>
            <field name="label" type="java.lang.String" value="10.247.188.13"/>
            <field name="lastDiscoveryRunTime" type="java.lang.Long" value="1449438394282"/>
            <field name="lastDiscoveryStatusMessage" type="java.lang.String" value=""/>
            <field name="lastMeteringRunTime" type="java.lang.Long" value="0"/>
            <field name="meteringStatus" type="java.lang.String" value="CREATED"/>
            <field name="nativeGuid" type="java.lang.String" value=""/>
            <field name="nextDiscoveryRunTime" type="java.lang.Long" value="1449524790946"/>
            <field name="nextMeteringRunTime" type="java.lang.Long" value="0"/>
            <field name="opStatus" type="com.emc.storageos.db.client.model.OpStatusMap">
                <wrapper>
                    <opStatusMap/>
                </wrapper>
            </field>
            <field name="osVersion" type="java.lang.String" value="5.0.0"/>
            <field name="registrationStatus" type="java.lang.String" value="REGISTERED"/>
            <field name="successDiscoveryTime" type="java.lang.Long" value="1449438394282"/>
            <field name="successMeteringTime" type="java.lang.Long" value="0"/>
            <field name="tenant" type="java.net.URI" value="urn:storageos:TenantOrg:e8cc450f-4bbe-4018-ba5c-e7f79f7e6932:global"/>
            <field name="type" type="java.lang.String" value="Esx"/>
            <field name="uuid" type="java.lang.String" value="44454c4c-3000-1042-804c-b5c04f4c4831"/>
            <field name="vcenterDataCenter" type="java.net.URI" value="urn:storageos:VcenterDataCenter:302c3c57-bd9a-419c-8e71-2420b2ad11b3:vdc1"/>
        </record>
        <record id="urn:storageos:Host:29d20162-860b-4fa8-ad68-9db7a13a353f:vdc1">
            <readOnlyField>
                <field name="class" type="java.lang.Class" value="class com.emc.storageos.db.client.model.Host"/>
                <field name="id" type="java.net.URI" value="urn:storageos:Host:29d20162-860b-4fa8-ad68-9db7a13a353f:vdc1"/>
            </readOnlyField>
            <field name="cluster" type="java.net.URI" value="urn:storageos:Cluster:7236ae06-98b8-444c-98eb-4bf2a902f5d7:vdc1"/>
            <field name="compatibilityStatus" type="java.lang.String" value="COMPATIBLE"/>
            <field name="creationTime" type="java.util.Calendar" value="java.util.GregorianCalendar[time=1434045369760,areFieldsSet=true,areAllFieldsSet=true,lenient=true,zone=sun.util.calendar.ZoneInfo[id=&quot;UTC&quot;,offset=0,dstSavings=0,useDaylight=false,transitions=0,lastRule=null],firstDayOfWeek=1,minimalDaysInFirstWeek=1,ERA=1,YEAR=2015,MONTH=5,WEEK_OF_YEAR=24,WEEK_OF_MONTH=2,DAY_OF_MONTH=11,DAY_OF_YEAR=162,DAY_OF_WEEK=5,DAY_OF_WEEK_IN_MONTH=2,AM_PM=1,HOUR=5,HOUR_OF_DAY=17,MINUTE=56,SECOND=9,MILLISECOND=760,ZONE_OFFSET=0,DST_OFFSET=0]"/>
            <field name="discoverable" type="java.lang.Boolean" value="true"/>
            <field name="discoveryStatus" type="java.lang.String" value="COMPLETE"/>
            <field name="hostName" type="java.lang.String" value="10.247.144.23"/>
            <field name="inactive" type="java.lang.Boolean" value="false"/>
            <field name="internalFlags" type="java.lang.Long" value="0"/>
            <field name="label" type="java.lang.String" value="10.247.144.23"/>
            <field name="lastDiscoveryRunTime" type="java.lang.Long" value="1449438409525"/>
            <field name="lastDiscoveryStatusMessage" type="java.lang.String" value=""/>
            <field name="lastMeteringRunTime" type="java.lang.Long" value="0"/>
            <field name="meteringStatus" type="java.lang.String" value="CREATED"/>
            <field name="nativeGuid" type="java.lang.String" value=""/>
            <field name="nextDiscoveryRunTime" type="java.lang.Long" value="1449524787983"/>
            <field name="nextMeteringRunTime" type="java.lang.Long" value="0"/>
            <field name="opStatus" type="com.emc.storageos.db.client.model.OpStatusMap">
                <wrapper>
                    <opStatusMap/>
                </wrapper>
            </field>
            <field name="osVersion" type="java.lang.String" value="5.1.0"/>
            <field name="registrationStatus" type="java.lang.String" value="REGISTERED"/>
            <field name="successDiscoveryTime" type="java.lang.Long" value="1449438409525"/>
            <field name="successMeteringTime" type="java.lang.Long" value="0"/>
            <field name="tenant" type="java.net.URI" value="urn:storageos:TenantOrg:e8cc450f-4bbe-4018-ba5c-e7f79f7e6932:global"/>
            <field name="type" type="java.lang.String" value="Esx"/>
            <field name="uuid" type="java.lang.String" value="865ef95d-ee68-e311-8cbc-f80f41f8b4c5"/>
            <field name="vcenterDataCenter" type="java.net.URI" value="urn:storageos:VcenterDataCenter:75021842-6fdb-42a6-8f04-9cca209cd06e:vdc1"/>
        </record>
        <record id="urn:storageos:Host:cc39b37a-c45f-4ba6-875d-51ad0f313666:vdc1">
            <readOnlyField>
                <field name="class" type="java.lang.Class" value="class com.emc.storageos.db.client.model.Host"/>
                <field name="id" type="java.net.URI" value="urn:storageos:Host:cc39b37a-c45f-4ba6-875d-51ad0f313666:vdc1"/>
            </readOnlyField>
            <field name="cluster" type="java.net.URI" value="urn:storageos:Cluster:7236ae06-98b8-444c-98eb-4bf2a902f5d7:vdc1"/>
            <field name="compatibilityStatus" type="java.lang.String" value="COMPATIBLE"/>
            <field name="creationTime" type="java.util.Calendar" value="java.util.GregorianCalendar[time=1434045366057,areFieldsSet=true,areAllFieldsSet=true,lenient=true,zone=sun.util.calendar.ZoneInfo[id=&quot;UTC&quot;,offset=0,dstSavings=0,useDaylight=false,transitions=0,lastRule=null],firstDayOfWeek=1,minimalDaysInFirstWeek=1,ERA=1,YEAR=2015,MONTH=5,WEEK_OF_YEAR=24,WEEK_OF_MONTH=2,DAY_OF_MONTH=11,DAY_OF_YEAR=162,DAY_OF_WEEK=5,DAY_OF_WEEK_IN_MONTH=2,AM_PM=1,HOUR=5,HOUR_OF_DAY=17,MINUTE=56,SECOND=6,MILLISECOND=57,ZONE_OFFSET=0,DST_OFFSET=0]"/>
            <field name="discoverable" type="java.lang.Boolean" value="true"/>
            <field name="discoveryStatus" type="java.lang.String" value="COMPLETE"/>
            <field name="hostName" type="java.lang.String" value="10.247.144.22"/>
            <field name="inactive" type="java.lang.Boolean" value="false"/>
            <field name="internalFlags" type="java.lang.Long" value="0"/>
            <field name="label" type="java.lang.String" value="10.247.144.22"/>
            <field name="lastDiscoveryRunTime" type="java.lang.Long" value="1449438397553"/>
            <field name="lastDiscoveryStatusMessage" type="java.lang.String" value=""/>
            <field name="lastMeteringRunTime" type="java.lang.Long" value="0"/>
            <field name="meteringStatus" type="java.lang.String" value="CREATED"/>
            <field name="nativeGuid" type="java.lang.String" value=""/>
            <field name="nextDiscoveryRunTime" type="java.lang.Long" value="1449524791934"/>
            <field name="nextMeteringRunTime" type="java.lang.Long" value="0"/>
            <field name="opStatus" type="com.emc.storageos.db.client.model.OpStatusMap">
                <wrapper>
                    <opStatusMap/>
                </wrapper>
            </field>
            <field name="osVersion" type="java.lang.String" value="5.1.0"/>
            <field name="registrationStatus" type="java.lang.String" value="REGISTERED"/>
            <field name="successDiscoveryTime" type="java.lang.Long" value="1449438397553"/>
            <field name="successMeteringTime" type="java.lang.Long" value="0"/>
            <field name="tenant" type="java.net.URI" value="urn:storageos:TenantOrg:e8cc450f-4bbe-4018-ba5c-e7f79f7e6932:global"/>
            <field name="type" type="java.lang.String" value="Esx"/>
            <field name="uuid" type="java.lang.String" value="a04da975-c868-e311-8188-f80f41f91e31"/>
            <field name="vcenterDataCenter" type="java.net.URI" value="urn:storageos:VcenterDataCenter:75021842-6fdb-42a6-8f04-9cca209cd06e:vdc1"/>
        </record>
        <record id="urn:storageos:Host:7428a64e-9ee7-4256-aa82-95b9df329aa3:vdc1">
            <readOnlyField>
                <field name="class" type="java.lang.Class" value="class com.emc.storageos.db.client.model.Host"/>
                <field name="id" type="java.net.URI" value="urn:storageos:Host:7428a64e-9ee7-4256-aa82-95b9df329aa3:vdc1"/>
            </readOnlyField>
            <field name="cluster" type="java.net.URI" value="urn:storageos:Cluster:7236ae06-98b8-444c-98eb-4bf2a902f5d7:vdc1"/>
            <field name="compatibilityStatus" type="java.lang.String" value="COMPATIBLE"/>
            <field name="creationTime" type="java.util.Calendar" value="java.util.GregorianCalendar[time=1434045368683,areFieldsSet=true,areAllFieldsSet=true,lenient=true,zone=sun.util.calendar.ZoneInfo[id=&quot;UTC&quot;,offset=0,dstSavings=0,useDaylight=false,transitions=0,lastRule=null],firstDayOfWeek=1,minimalDaysInFirstWeek=1,ERA=1,YEAR=2015,MONTH=5,WEEK_OF_YEAR=24,WEEK_OF_MONTH=2,DAY_OF_MONTH=11,DAY_OF_YEAR=162,DAY_OF_WEEK=5,DAY_OF_WEEK_IN_MONTH=2,AM_PM=1,HOUR=5,HOUR_OF_DAY=17,MINUTE=56,SECOND=8,MILLISECOND=683,ZONE_OFFSET=0,DST_OFFSET=0]"/>
            <field name="discoverable" type="java.lang.Boolean" value="true"/>
            <field name="discoveryStatus" type="java.lang.String" value="COMPLETE"/>
            <field name="hostName" type="java.lang.String" value="10.247.144.26"/>
            <field name="inactive" type="java.lang.Boolean" value="false"/>
            <field name="internalFlags" type="java.lang.Long" value="0"/>
            <field name="label" type="java.lang.String" value="10.247.144.26"/>
            <field name="lastDiscoveryRunTime" type="java.lang.Long" value="1449438405403"/>
            <field name="lastDiscoveryStatusMessage" type="java.lang.String" value=""/>
            <field name="lastMeteringRunTime" type="java.lang.Long" value="0"/>
            <field name="meteringStatus" type="java.lang.String" value="CREATED"/>
            <field name="nativeGuid" type="java.lang.String" value=""/>
            <field name="nextDiscoveryRunTime" type="java.lang.Long" value="1449524790147"/>
            <field name="nextMeteringRunTime" type="java.lang.Long" value="0"/>
            <field name="opStatus" type="com.emc.storageos.db.client.model.OpStatusMap">
                <wrapper>
                    <opStatusMap/>
                </wrapper>
            </field>
            <field name="osVersion" type="java.lang.String" value="5.1.0"/>
            <field name="registrationStatus" type="java.lang.String" value="REGISTERED"/>
            <field name="successDiscoveryTime" type="java.lang.Long" value="1449438405403"/>
            <field name="successMeteringTime" type="java.lang.Long" value="0"/>
            <field name="tenant" type="java.net.URI" value="urn:storageos:TenantOrg:e8cc450f-4bbe-4018-ba5c-e7f79f7e6932:global"/>
            <field name="type" type="java.lang.String" value="Esx"/>
            <field name="uuid" type="java.lang.String" value="8eddb585-0a69-e311-b956-f80f41f8b415"/>
            <field name="vcenterDataCenter" type="java.net.URI" value="urn:storageos:VcenterDataCenter:75021842-6fdb-42a6-8f04-9cca209cd06e:vdc1"/>
        </record>
    </data_object_schema>
</dbschemas>
