<?xml version="1.0" encoding="utf-8" standalone="no"?>
<dbschemas>
    <data_object_schema name="IpInterface">
        <record id="urn:storageos:IpInterface:8573a11d-bd4d-4f88-b972-e86f851b0fac:vdc1">
            <readOnlyField>
                <field name="class" type="java.lang.Class" value="class com.emc.storageos.db.client.model.IpInterface"/>
                <field name="id" type="java.net.URI" value="urn:storageos:IpInterface:8573a11d-bd4d-4f88-b972-e86f851b0fac:vdc1"/>
            </readOnlyField>
            <field name="creationTime" type="java.util.Calendar" value="java.util.GregorianCalendar[time=1434045368144,areFieldsSet=true,areAllFieldsSet=true,lenient=true,zone=sun.util.calendar.ZoneInfo[id=&quot;UTC&quot;,offset=0,dstSavings=0,useDaylight=false,transitions=0,lastRule=null],firstDayOfWeek=1,minimalDaysInFirstWeek=1,ERA=1,YEAR=2015,MONTH=5,WEEK_OF_YEAR=24,WEEK_OF_MONTH=2,DAY_OF_MONTH=11,DAY_OF_YEAR=162,DAY_OF_WEEK=5,DAY_OF_WEEK_IN_MONTH=2,AM_PM=1,HOUR=5,HOUR_OF_DAY=17,MINUTE=56,SECOND=8,MILLISECOND=144,ZONE_OFFSET=0,DST_OFFSET=0]"/>
            <field name="host" type="java.net.URI" value="urn:storageos:Host:f604a577-0247-45ee-885a-0263c3df9ce0:vdc1"/>
            <field name="inactive" type="java.lang.Boolean" value="false"/>
            <field name="internalFlags" type="java.lang.Long" value="0"/>
            <field name="ipAddress" type="java.lang.String" value="10.247.144.25"/>
            <field name="isManualCreation" type="java.lang.Boolean" value="false"/>
            <field name="label" type="java.lang.String" value="10.247.144.25"/>
            <field name="netmask" type="java.lang.String" value="255.255.255.0"/>
            <field name="opStatus" type="com.emc.storageos.db.client.model.OpStatusMap">
                <wrapper>
                    <opStatusMap/>
                </wrapper>
            </field>
            <field name="protocol" type="java.lang.String" value="IPV4"/>
            <field name="registrationStatus" type="java.lang.String" value="REGISTERED"/>
        </record>
        <record id="urn:storageos:IpInterface:f3fba2d5-7c4a-4bbe-b576-182c51ed75b5:vdc1">
            <readOnlyField>
                <field name="class" type="java.lang.Class" value="class com.emc.storageos.db.client.model.IpInterface"/>
                <field name="id" type="java.net.URI" value="urn:storageos:IpInterface:f3fba2d5-7c4a-4bbe-b576-182c51ed75b5:vdc1"/>
            </readOnlyField>
            <field name="creationTime" type="java.util.Calendar" value="java.util.GregorianCalendar[time=1443647149653,areFieldsSet=true,areAllFieldsSet=true,lenient=true,zone=sun.util.calendar.ZoneInfo[id=&quot;UTC&quot;,offset=0,dstSavings=0,useDaylight=false,transitions=0,lastRule=null],firstDayOfWeek=1,minimalDaysInFirstWeek=1,ERA=1,YEAR=2015,MONTH=8,WEEK_OF_YEAR=40,WEEK_OF_MONTH=5,DAY_OF_MONTH=30,DAY_OF_YEAR=273,DAY_OF_WEEK=4,DAY_OF_WEEK_IN_MONTH=5,AM_PM=1,HOUR=9,HOUR_OF_DAY=21,MINUTE=5,SECOND=49,MILLISECOND=653,ZONE_OFFSET=0,DST_OFFSET=0]"/>
            <field name="host" type="java.net.URI" value="urn:storageos:Host:9847e866-71d6-45bc-8d37-aa96f9d6a89f:vdc1"/>
            <field name="inactive" type="java.lang.Boolean" value="false"/>
            <field name="internalFlags" type="java.lang.Long" value="0"/>
            <field name="ipAddress" type="java.lang.String" value="10.247.144.36"/>
            <field name="isManualCreation" type="java.lang.Boolean" value="false"/>
            <field name="label" type="java.lang.String" value="10.247.144.36"/>
            <field name="netmask" type="java.lang.String" value="255.255.255.0"/>
            <field name="opStatus" type="com.emc.storageos.db.client.model.OpStatusMap">
                <wrapper>
                    <opStatusMap/>
                </wrapper>
            </field>
            <field name="protocol" type="java.lang.String" value="IPV4"/>
            <field name="registrationStatus" type="java.lang.String" value="REGISTERED"/>
        </record>
        <record id="urn:storageos:IpInterface:5baec6a8-f62a-4394-8d2b-941f780b081b:vdc1">
            <readOnlyField>
                <field name="class" type="java.lang.Class" value="class com.emc.storageos.db.client.model.IpInterface"/>
                <field name="id" type="java.net.URI" value="urn:storageos:IpInterface:5baec6a8-f62a-4394-8d2b-941f780b081b:vdc1"/>
            </readOnlyField>
            <field name="creationTime" type="java.util.Calendar" value="java.util.GregorianCalendar[time=1434047785661,areFieldsSet=true,areAllFieldsSet=true,lenient=true,zone=sun.util.calendar.ZoneInfo[id=&quot;UTC&quot;,offset=0,dstSavings=0,useDaylight=false,transitions=0,lastRule=null],firstDayOfWeek=1,minimalDaysInFirstWeek=1,ERA=1,YEAR=2015,MONTH=5,WEEK_OF_YEAR=24,WEEK_OF_MONTH=2,DAY_OF_MONTH=11,DAY_OF_YEAR=162,DAY_OF_WEEK=5,DAY_OF_WEEK_IN_MONTH=2,AM_PM=1,HOUR=6,HOUR_OF_DAY=18,MINUTE=36,SECOND=25,MILLISECOND=661,ZONE_OFFSET=0,DST_OFFSET=0]"/>
            <field name="host" type="java.net.URI" value="urn:storageos:Host:6527e6e4-d6b4-4af5-adc1-ac3a3f0e8786:vdc1"/>
            <field name="inactive" type="java.lang.Boolean" value="false"/>
            <field name="internalFlags" type="java.lang.Long" value="0"/>
            <field name="ipAddress" type="java.lang.String" value="fe80::9d88:cd7b:6375:e61c"/>
            <field name="isManualCreation" type="java.lang.Boolean" value="false"/>
            <field name="label" type="java.lang.String" value="fe80::9d88:cd7b:6375:e61c"/>
            <field name="opStatus" type="com.emc.storageos.db.client.model.OpStatusMap">
                <wrapper>
                    <opStatusMap/>
                </wrapper>
            </field>
            <field name="protocol" type="java.lang.String" value="IPV6"/>
            <field name="registrationStatus" type="java.lang.String" value="REGISTERED"/>
        </record>
        <record id="urn:storageos:IpInterface:ccf61495-4ead-4cc7-890d-c58edd56189b:vdc1">
            <readOnlyField>
                <field name="class" type="java.lang.Class" value="class com.emc.storageos.db.client.model.IpInterface"/>
                <field name="id" type="java.net.URI" value="urn:storageos:IpInterface:ccf61495-4ead-4cc7-890d-c58edd56189b:vdc1"/>
            </readOnlyField>
            <field name="creationTime" type="java.util.Calendar" value="java.util.GregorianCalendar[time=1434047785647,areFieldsSet=true,areAllFieldsSet=true,lenient=true,zone=sun.util.calendar.ZoneInfo[id=&quot;UTC&quot;,offset=0,dstSavings=0,useDaylight=false,transitions=0,lastRule=null],firstDayOfWeek=1,minimalDaysInFirstWeek=1,ERA=1,YEAR=2015,MONTH=5,WEEK_OF_YEAR=24,WEEK_OF_MONTH=2,DAY_OF_MONTH=11,DAY_OF_YEAR=162,DAY_OF_WEEK=5,DAY_OF_WEEK_IN_MONTH=2,AM_PM=1,HOUR=6,HOUR_OF_DAY=18,MINUTE=36,SECOND=25,MILLISECOND=647,ZONE_OFFSET=0,DST_OFFSET=0]"/>
            <field name="host" type="java.net.URI" value="urn:storageos:Host:6527e6e4-d6b4-4af5-adc1-ac3a3f0e8786:vdc1"/>
            <field name="inactive" type="java.lang.Boolean" value="false"/>
            <field name="internalFlags" type="java.lang.Long" value="0"/>
            <field name="ipAddress" type="java.lang.String" value="169.254.2.217"/>
            <field name="isManualCreation" type="java.lang.Boolean" value="false"/>
            <field name="label" type="java.lang.String" value="169.254.2.217"/>
            <field name="netmask" type="java.lang.String" value="255.255.0.0"/>
            <field name="opStatus" type="com.emc.storageos.db.client.model.OpStatusMap">
                <wrapper>
                    <opStatusMap/>
                </wrapper>
            </field>
            <field name="protocol" type="java.lang.String" value="IPV4"/>
            <field name="registrationStatus" type="java.lang.String" value="REGISTERED"/>
        </record>
        <record id="urn:storageos:IpInterface:1fddf821-ed89-49d1-a3ec-a2f377abcddd:vdc1">
            <readOnlyField>
                <field name="class" type="java.lang.Class" value="class com.emc.storageos.db.client.model.IpInterface"/>
                <field name="id" type="java.net.URI" value="urn:storageos:IpInterface:1fddf821-ed89-49d1-a3ec-a2f377abcddd:vdc1"/>
            </readOnlyField>
            <field name="creationTime" type="java.util.Calendar" value="java.util.GregorianCalendar[time=1434045369238,areFieldsSet=true,areAllFieldsSet=true,lenient=true,zone=sun.util.calendar.ZoneInfo[id=&quot;UTC&quot;,offset=0,dstSavings=0,useDaylight=false,transitions=0,lastRule=null],firstDayOfWeek=1,minimalDaysInFirstWeek=1,ERA=1,YEAR=2015,MONTH=5,WEEK_OF_YEAR=24,WEEK_OF_MONTH=2,DAY_OF_MONTH=11,DAY_OF_YEAR=162,DAY_OF_WEEK=5,DAY_OF_WEEK_IN_MONTH=2,AM_PM=1,HOUR=5,HOUR_OF_DAY=17,MINUTE=56,SECOND=9,MILLISECOND=238,ZONE_OFFSET=0,DST_OFFSET=0]"/>
            <field name="host" type="java.net.URI" value="urn:storageos:Host:7428a64e-9ee7-4256-aa82-95b9df329aa3:vdc1"/>
            <field name="inactive" type="java.lang.Boolean" value="false"/>
            <field name="internalFlags" type="java.lang.Long" value="0"/>
            <field name="ipAddress" type="java.lang.String" value="10.247.144.26"/>
            <field name="isManualCreation" type="java.lang.Boolean" value="false"/>
            <field name="label" type="java.lang.String" value="10.247.144.26"/>
            <field name="netmask" type="java.lang.String" value="255.255.255.0"/>
            <field name="opStatus" type="com.emc.storageos.db.client.model.OpStatusMap">
                <wrapper>
                    <opStatusMap/>
                </wrapper>
            </field>
            <field name="protocol" type="java.lang.String" value="IPV4"/>
            <field name="registrationStatus" type="java.lang.String" value="REGISTERED"/>
        </record>
        <record id="urn:storageos:IpInterface:a4cde7b4-d718-4a10-ab76-fdbaa212a3f4:vdc1">
            <readOnlyField>
                <field name="class" type="java.lang.Class" value="class com.emc.storageos.db.client.model.IpInterface"/>
                <field name="id" type="java.net.URI" value="urn:storageos:IpInterface:a4cde7b4-d718-4a10-ab76-fdbaa212a3f4:vdc1"/>
            </readOnlyField>
            <field name="creationTime" type="java.util.Calendar" value="java.util.GregorianCalendar[time=1434047785690,areFieldsSet=true,areAllFieldsSet=true,lenient=true,zone=sun.util.calendar.ZoneInfo[id=&quot;UTC&quot;,offset=0,dstSavings=0,useDaylight=false,transitions=0,lastRule=null],firstDayOfWeek=1,minimalDaysInFirstWeek=1,ERA=1,YEAR=2015,MONTH=5,WEEK_OF_YEAR=24,WEEK_OF_MONTH=2,DAY_OF_MONTH=11,DAY_OF_YEAR=162,DAY_OF_WEEK=5,DAY_OF_WEEK_IN_MONTH=2,AM_PM=1,HOUR=6,HOUR_OF_DAY=18,MINUTE=36,SECOND=25,MILLISECOND=690,ZONE_OFFSET=0,DST_OFFSET=0]"/>
            <field name="host" type="java.net.URI" value="urn:storageos:Host:6527e6e4-d6b4-4af5-adc1-ac3a3f0e8786:vdc1"/>
            <field name="inactive" type="java.lang.Boolean" value="false"/>
            <field name="internalFlags" type="java.lang.Long" value="0"/>
            <field name="ipAddress" type="java.lang.String" value="169.254.27.113"/>
            <field name="isManualCreation" type="java.lang.Boolean" value="false"/>
            <field name="label" type="java.lang.String" value="169.254.27.113"/>
            <field name="netmask" type="java.lang.String" value="255.255.0.0"/>
            <field name="opStatus" type="com.emc.storageos.db.client.model.OpStatusMap">
                <wrapper>
                    <opStatusMap/>
                </wrapper>
            </field>
            <field name="protocol" type="java.lang.String" value="IPV4"/>
            <field name="registrationStatus" type="java.lang.String" value="REGISTERED"/>
        </record>
        <record id="urn:storageos:IpInterface:6d0b353e-1ae5-4d59-9fb1-d597709c64a3:vdc1">
            <readOnlyField>
                <field name="class" type="java.lang.Class" value="class com.emc.storageos.db.client.model.IpInterface"/>
                <field name="id" type="java.net.URI" value="urn:storageos:IpInterface:6d0b353e-1ae5-4d59-9fb1-d597709c64a3:vdc1"/>
            </readOnlyField>
            <field name="creationTime" type="java.util.Calendar" value="java.util.GregorianCalendar[time=1434045327531,areFieldsSet=true,areAllFieldsSet=true,lenient=true,zone=sun.util.calendar.ZoneInfo[id=&quot;UTC&quot;,offset=0,dstSavings=0,useDaylight=false,transitions=0,lastRule=null],firstDayOfWeek=1,minimalDaysInFirstWeek=1,ERA=1,YEAR=2015,MONTH=5,WEEK_OF_YEAR=24,WEEK_OF_MONTH=2,DAY_OF_MONTH=11,DAY_OF_YEAR=162,DAY_OF_WEEK=5,DAY_OF_WEEK_IN_MONTH=2,AM_PM=1,HOUR=5,HOUR_OF_DAY=17,MINUTE=55,SECOND=27,MILLISECOND=531,ZONE_OFFSET=0,DST_OFFSET=0]"/>
            <field name="host" type="java.net.URI" value="urn:storageos:Host:b45a09d1-4576-4061-8ebf-a960151359f9:vdc1"/>
            <field name="inactive" type="java.lang.Boolean" value="false"/>
            <field name="internalFlags" type="java.lang.Long" value="0"/>
            <field name="ipAddress" type="java.lang.String" value="10.247.144.28"/>
            <field name="isManualCreation" type="java.lang.Boolean" value="false"/>
            <field name="label" type="java.lang.String" value="10.247.144.28"/>
            <field name="netmask" type="java.lang.String" value="255.255.255.0"/>
            <field name="opStatus" type="com.emc.storageos.db.client.model.OpStatusMap">
                <wrapper>
                    <opStatusMap/>
                </wrapper>
            </field>
            <field name="protocol" type="java.lang.String" value="IPV4"/>
            <field name="registrationStatus" type="java.lang.String" value="REGISTERED"/>
        </record>
        <record id="urn:storageos:IpInterface:42da1d9d-1ad3-458e-b66c-1ef6d4419288:vdc1">
            <readOnlyField>
                <field name="class" type="java.lang.Class" value="class com.emc.storageos.db.client.model.IpInterface"/>
                <field name="id" type="java.net.URI" value="urn:storageos:IpInterface:42da1d9d-1ad3-458e-b66c-1ef6d4419288:vdc1"/>
            </readOnlyField>
            <field name="creationTime" type="java.util.Calendar" value="java.util.GregorianCalendar[time=1443647149558,areFieldsSet=true,areAllFieldsSet=true,lenient=true,zone=sun.util.calendar.ZoneInfo[id=&quot;UTC&quot;,offset=0,dstSavings=0,useDaylight=false,transitions=0,lastRule=null],firstDayOfWeek=1,minimalDaysInFirstWeek=1,ERA=1,YEAR=2015,MONTH=8,WEEK_OF_YEAR=40,WEEK_OF_MONTH=5,DAY_OF_MONTH=30,DAY_OF_YEAR=273,DAY_OF_WEEK=4,DAY_OF_WEEK_IN_MONTH=5,AM_PM=1,HOUR=9,HOUR_OF_DAY=21,MINUTE=5,SECOND=49,MILLISECOND=558,ZONE_OFFSET=0,DST_OFFSET=0]"/>
            <field name="host" type="java.net.URI" value="urn:storageos:Host:6527e6e4-d6b4-4af5-adc1-ac3a3f0e8786:vdc1"/>
            <field name="inactive" type="java.lang.Boolean" value="false"/>
            <field name="internalFlags" type="java.lang.Long" value="0"/>
            <field name="ipAddress" type="java.lang.String" value="10.247.144.159"/>
            <field name="isManualCreation" type="java.lang.Boolean" value="false"/>
            <field name="label" type="java.lang.String" value="10.247.144.159"/>
            <field name="netmask" type="java.lang.String" value="255.255.255.0"/>
            <field name="opStatus" type="com.emc.storageos.db.client.model.OpStatusMap">
                <wrapper>
                    <opStatusMap/>
                </wrapper>
            </field>
            <field name="protocol" type="java.lang.String" value="IPV4"/>
            <field name="registrationStatus" type="java.lang.String" value="REGISTERED"/>
        </record>
        <record id="urn:storageos:IpInterface:955ca89d-ba27-4838-8cd6-1e3044c778b7:vdc1">
            <readOnlyField>
                <field name="class" type="java.lang.Class" value="class com.emc.storageos.db.client.model.IpInterface"/>
                <field name="id" type="java.net.URI" value="urn:storageos:IpInterface:955ca89d-ba27-4838-8cd6-1e3044c778b7:vdc1"/>
            </readOnlyField>
            <field name="creationTime" type="java.util.Calendar" value="java.util.GregorianCalendar[time=1443647148989,areFieldsSet=true,areAllFieldsSet=true,lenient=true,zone=sun.util.calendar.ZoneInfo[id=&quot;UTC&quot;,offset=0,dstSavings=0,useDaylight=false,transitions=0,lastRule=null],firstDayOfWeek=1,minimalDaysInFirstWeek=1,ERA=1,YEAR=2015,MONTH=8,WEEK_OF_YEAR=40,WEEK_OF_MONTH=5,DAY_OF_MONTH=30,DAY_OF_YEAR=273,DAY_OF_WEEK=4,DAY_OF_WEEK_IN_MONTH=5,AM_PM=1,HOUR=9,HOUR_OF_DAY=21,MINUTE=5,SECOND=48,MILLISECOND=989,ZONE_OFFSET=0,DST_OFFSET=0]"/>
            <field name="host" type="java.net.URI" value="urn:storageos:Host:9847e866-71d6-45bc-8d37-aa96f9d6a89f:vdc1"/>
            <field name="inactive" type="java.lang.Boolean" value="false"/>
            <field name="internalFlags" type="java.lang.Long" value="0"/>
            <field name="ipAddress" type="java.lang.String" value="fe80::b1e5:8e8c:dbde:1a5f"/>
            <field name="isManualCreation" type="java.lang.Boolean" value="false"/>
            <field name="label" type="java.lang.String" value="fe80::b1e5:8e8c:dbde:1a5f"/>
            <field name="opStatus" type="com.emc.storageos.db.client.model.OpStatusMap">
                <wrapper>
                    <opStatusMap/>
                </wrapper>
            </field>
            <field name="protocol" type="java.lang.String" value="IPV6"/>
            <field name="registrationStatus" type="java.lang.String" value="REGISTERED"/>
        </record>
        <record id="urn:storageos:IpInterface:b9b365a3-3fdc-4e83-8650-a2cae78253df:vdc1">
            <readOnlyField>
                <field name="class" type="java.lang.Class" value="class com.emc.storageos.db.client.model.IpInterface"/>
                <field name="id" type="java.net.URI" value="urn:storageos:IpInterface:b9b365a3-3fdc-4e83-8650-a2cae78253df:vdc1"/>
            </readOnlyField>
            <field name="creationTime" type="java.util.Calendar" value="java.util.GregorianCalendar[time=1434060415595,areFieldsSet=true,areAllFieldsSet=true,lenient=true,zone=sun.util.calendar.ZoneInfo[id=&quot;UTC&quot;,offset=0,dstSavings=0,useDaylight=false,transitions=0,lastRule=null],firstDayOfWeek=1,minimalDaysInFirstWeek=1,ERA=1,YEAR=2015,MONTH=5,WEEK_OF_YEAR=24,WEEK_OF_MONTH=2,DAY_OF_MONTH=11,DAY_OF_YEAR=162,DAY_OF_WEEK=5,DAY_OF_WEEK_IN_MONTH=2,AM_PM=1,HOUR=10,HOUR_OF_DAY=22,MINUTE=6,SECOND=55,MILLISECOND=595,ZONE_OFFSET=0,DST_OFFSET=0]"/>
            <field name="host" type="java.net.URI" value="urn:storageos:Host:27bed0ab-7c19-4978-ba4d-64a06a4a9862:vdc1"/>
            <field name="inactive" type="java.lang.Boolean" value="false"/>
            <field name="internalFlags" type="java.lang.Long" value="0"/>
            <field name="ipAddress" type="java.lang.String" value="fe80::25a9:e113:9e2e:cede"/>
            <field name="isManualCreation" type="java.lang.Boolean" value="false"/>
            <field name="label" type="java.lang.String" value="fe80::25a9:e113:9e2e:cede"/>
            <field name="opStatus" type="com.emc.storageos.db.client.model.OpStatusMap">
                <wrapper>
                    <opStatusMap/>
                </wrapper>
            </field>
            <field name="protocol" type="java.lang.String" value="IPV6"/>
            <field name="registrationStatus" type="java.lang.String" value="REGISTERED"/>
        </record>
        <record id="urn:storageos:IpInterface:c19034f3-4b76-49b8-a170-864f84a4e5ee:vdc1">
            <readOnlyField>
                <field name="class" type="java.lang.Class" value="class com.emc.storageos.db.client.model.IpInterface"/>
                <field name="id" type="java.net.URI" value="urn:storageos:IpInterface:c19034f3-4b76-49b8-a170-864f84a4e5ee:vdc1"/>
            </readOnlyField>
            <field name="creationTime" type="java.util.Calendar" value="java.util.GregorianCalendar[time=1434404736927,areFieldsSet=true,areAllFieldsSet=true,lenient=true,zone=sun.util.calendar.ZoneInfo[id=&quot;UTC&quot;,offset=0,dstSavings=0,useDaylight=false,transitions=0,lastRule=null],firstDayOfWeek=1,minimalDaysInFirstWeek=1,ERA=1,YEAR=2015,MONTH=5,WEEK_OF_YEAR=25,WEEK_OF_MONTH=3,DAY_OF_MONTH=15,DAY_OF_YEAR=166,DAY_OF_WEEK=2,DAY_OF_WEEK_IN_MONTH=3,AM_PM=1,HOUR=9,HOUR_OF_DAY=21,MINUTE=45,SECOND=36,MILLISECOND=927,ZONE_OFFSET=0,DST_OFFSET=0]"/>
            <field name="host" type="java.net.URI" value="urn:storageos:Host:ea89baae-669d-4909-b36d-deb7a1655b25:vdc1"/>
            <field name="inactive" type="java.lang.Boolean" value="false"/>
            <field name="internalFlags" type="java.lang.Long" value="0"/>
            <field name="ipAddress" type="java.lang.String" value="10.247.144.27"/>
            <field name="isManualCreation" type="java.lang.Boolean" value="false"/>
            <field name="label" type="java.lang.String" value="10.247.144.27"/>
            <field name="netmask" type="java.lang.String" value="255.255.255.0"/>
            <field name="opStatus" type="com.emc.storageos.db.client.model.OpStatusMap">
                <wrapper>
                    <opStatusMap/>
                </wrapper>
            </field>
            <field name="protocol" type="java.lang.String" value="IPV4"/>
            <field name="registrationStatus" type="java.lang.String" value="REGISTERED"/>
        </record>
        <record id="urn:storageos:IpInterface:87755c9e-db4c-486b-b514-3edf3bfe43b9:vdc1">
            <readOnlyField>
                <field name="class" type="java.lang.Class" value="class com.emc.storageos.db.client.model.IpInterface"/>
                <field name="id" type="java.net.URI" value="urn:storageos:IpInterface:87755c9e-db4c-486b-b514-3edf3bfe43b9:vdc1"/>
            </readOnlyField>
            <field name="creationTime" type="java.util.Calendar" value="java.util.GregorianCalendar[time=1434060415590,areFieldsSet=true,areAllFieldsSet=true,lenient=true,zone=sun.util.calendar.ZoneInfo[id=&quot;UTC&quot;,offset=0,dstSavings=0,useDaylight=false,transitions=0,lastRule=null],firstDayOfWeek=1,minimalDaysInFirstWeek=1,ERA=1,YEAR=2015,MONTH=5,WEEK_OF_YEAR=24,WEEK_OF_MONTH=2,DAY_OF_MONTH=11,DAY_OF_YEAR=162,DAY_OF_WEEK=5,DAY_OF_WEEK_IN_MONTH=2,AM_PM=1,HOUR=10,HOUR_OF_DAY=22,MINUTE=6,SECOND=55,MILLISECOND=590,ZONE_OFFSET=0,DST_OFFSET=0]"/>
            <field name="host" type="java.net.URI" value="urn:storageos:Host:27bed0ab-7c19-4978-ba4d-64a06a4a9862:vdc1"/>
            <field name="inactive" type="java.lang.Boolean" value="false"/>
            <field name="internalFlags" type="java.lang.Long" value="0"/>
            <field name="ipAddress" type="java.lang.String" value="169.254.206.222"/>
            <field name="isManualCreation" type="java.lang.Boolean" value="false"/>
            <field name="label" type="java.lang.String" value="169.254.206.222"/>
            <field name="netmask" type="java.lang.String" value="255.255.0.0"/>
            <field name="opStatus" type="com.emc.storageos.db.client.model.OpStatusMap">
                <wrapper>
                    <opStatusMap/>
                </wrapper>
            </field>
            <field name="protocol" type="java.lang.String" value="IPV4"/>
            <field name="registrationStatus" type="java.lang.String" value="REGISTERED"/>
        </record>
        <record id="urn:storageos:IpInterface:08749c4e-b033-4614-80e2-2a131e9745be:vdc1">
            <readOnlyField>
                <field name="class" type="java.lang.Class" value="class com.emc.storageos.db.client.model.IpInterface"/>
                <field name="id" type="java.net.URI" value="urn:storageos:IpInterface:08749c4e-b033-4614-80e2-2a131e9745be:vdc1"/>
            </readOnlyField>
            <field name="creationTime" type="java.util.Calendar" value="java.util.GregorianCalendar[time=1434045366693,areFieldsSet=true,areAllFieldsSet=true,lenient=true,zone=sun.util.calendar.ZoneInfo[id=&quot;UTC&quot;,offset=0,dstSavings=0,useDaylight=false,transitions=0,lastRule=null],firstDayOfWeek=1,minimalDaysInFirstWeek=1,ERA=1,YEAR=2015,MONTH=5,WEEK_OF_YEAR=24,WEEK_OF_MONTH=2,DAY_OF_MONTH=11,DAY_OF_YEAR=162,DAY_OF_WEEK=5,DAY_OF_WEEK_IN_MONTH=2,AM_PM=1,HOUR=5,HOUR_OF_DAY=17,MINUTE=56,SECOND=6,MILLISECOND=693,ZONE_OFFSET=0,DST_OFFSET=0]"/>
            <field name="host" type="java.net.URI" value="urn:storageos:Host:cc39b37a-c45f-4ba6-875d-51ad0f313666:vdc1"/>
            <field name="inactive" type="java.lang.Boolean" value="false"/>
            <field name="internalFlags" type="java.lang.Long" value="0"/>
            <field name="ipAddress" type="java.lang.String" value="10.247.144.22"/>
            <field name="isManualCreation" type="java.lang.Boolean" value="false"/>
            <field name="label" type="java.lang.String" value="10.247.144.22"/>
            <field name="netmask" type="java.lang.String" value="255.255.255.0"/>
            <field name="opStatus" type="com.emc.storageos.db.client.model.OpStatusMap">
                <wrapper>
                    <opStatusMap/>
                </wrapper>
            </field>
            <field name="protocol" type="java.lang.String" value="IPV4"/>
            <field name="registrationStatus" type="java.lang.String" value="REGISTERED"/>
        </record>
        <record id="urn:storageos:IpInterface:d55cd63a-5b41-47d0-804b-66388043793c:vdc1">
            <readOnlyField>
                <field name="class" type="java.lang.Class" value="class com.emc.storageos.db.client.model.IpInterface"/>
                <field name="id" type="java.net.URI" value="urn:storageos:IpInterface:d55cd63a-5b41-47d0-804b-66388043793c:vdc1"/>
            </readOnlyField>
            <field name="creationTime" type="java.util.Calendar" value="java.util.GregorianCalendar[time=1434045370304,areFieldsSet=true,areAllFieldsSet=true,lenient=true,zone=sun.util.calendar.ZoneInfo[id=&quot;UTC&quot;,offset=0,dstSavings=0,useDaylight=false,transitions=0,lastRule=null],firstDayOfWeek=1,minimalDaysInFirstWeek=1,ERA=1,YEAR=2015,MONTH=5,WEEK_OF_YEAR=24,WEEK_OF_MONTH=2,DAY_OF_MONTH=11,DAY_OF_YEAR=162,DAY_OF_WEEK=5,DAY_OF_WEEK_IN_MONTH=2,AM_PM=1,HOUR=5,HOUR_OF_DAY=17,MINUTE=56,SECOND=10,MILLISECOND=304,ZONE_OFFSET=0,DST_OFFSET=0]"/>
            <field name="host" type="java.net.URI" value="urn:storageos:Host:29d20162-860b-4fa8-ad68-9db7a13a353f:vdc1"/>
            <field name="inactive" type="java.lang.Boolean" value="false"/>
            <field name="internalFlags" type="java.lang.Long" value="0"/>
            <field name="ipAddress" type="java.lang.String" value="10.247.144.23"/>
            <field name="isManualCreation" type="java.lang.Boolean" value="false"/>
            <field name="label" type="java.lang.String" value="10.247.144.23"/>
            <field name="netmask" type="java.lang.String" value="255.255.255.0"/>
            <field name="opStatus" type="com.emc.storageos.db.client.model.OpStatusMap">
                <wrapper>
                    <opStatusMap/>
                </wrapper>
            </field>
            <field name="protocol" type="java.lang.String" value="IPV4"/>
            <field name="registrationStatus" type="java.lang.String" value="REGISTERED"/>
        </record>
        <record id="urn:storageos:IpInterface:f1769742-e6d5-4267-a7cf-8f05948e8d45:vdc1">
            <readOnlyField>
                <field name="class" type="java.lang.Class" value="class com.emc.storageos.db.client.model.IpInterface"/>
                <field name="id" type="java.net.URI" value="urn:storageos:IpInterface:f1769742-e6d5-4267-a7cf-8f05948e8d45:vdc1"/>
            </readOnlyField>
            <field name="creationTime" type="java.util.Calendar" value="java.util.GregorianCalendar[time=1434045364566,areFieldsSet=true,areAllFieldsSet=true,lenient=true,zone=sun.util.calendar.ZoneInfo[id=&quot;UTC&quot;,offset=0,dstSavings=0,useDaylight=false,transitions=0,lastRule=null],firstDayOfWeek=1,minimalDaysInFirstWeek=1,ERA=1,YEAR=2015,MONTH=5,WEEK_OF_YEAR=24,WEEK_OF_MONTH=2,DAY_OF_MONTH=11,DAY_OF_YEAR=162,DAY_OF_WEEK=5,DAY_OF_WEEK_IN_MONTH=2,AM_PM=1,HOUR=5,HOUR_OF_DAY=17,MINUTE=56,SECOND=4,MILLISECOND=566,ZONE_OFFSET=0,DST_OFFSET=0]"/>
            <field name="host" type="java.net.URI" value="urn:storageos:Host:787ab87b-8ed1-4b84-862c-3f7c4f610f76:vdc1"/>
            <field name="inactive" type="java.lang.Boolean" value="false"/>
            <field name="internalFlags" type="java.lang.Long" value="0"/>
            <field name="ipAddress" type="java.lang.String" value="10.247.188.13"/>
            <field name="isManualCreation" type="java.lang.Boolean" value="false"/>
            <field name="label" type="java.lang.String" value="10.247.188.13"/>
            <field name="netmask" type="java.lang.String" value="255.255.255.0"/>
            <field name="opStatus" type="com.emc.storageos.db.client.model.OpStatusMap">
                <wrapper>
                    <opStatusMap/>
                </wrapper>
            </field>
            <field name="protocol" type="java.lang.String" value="IPV4"/>
            <field name="registrationStatus" type="java.lang.String" value="REGISTERED"/>
        </record>
        <record id="urn:storageos:IpInterface:8cbfd0f2-2b52-4a4b-806d-c356e8f8d670:vdc1">
            <readOnlyField>
                <field name="class" type="java.lang.Class" value="class com.emc.storageos.db.client.model.IpInterface"/>
                <field name="id" type="java.net.URI" value="urn:storageos:IpInterface:8cbfd0f2-2b52-4a4b-806d-c356e8f8d670:vdc1"/>
            </readOnlyField>
            <field name="creationTime" type="java.util.Calendar" value="java.util.GregorianCalendar[time=1432841126622,areFieldsSet=true,areAllFieldsSet=true,lenient=true,zone=sun.util.calendar.ZoneInfo[id=&quot;UTC&quot;,offset=0,dstSavings=0,useDaylight=false,transitions=0,lastRule=null],firstDayOfWeek=1,minimalDaysInFirstWeek=1,ERA=1,YEAR=2015,MONTH=4,WEEK_OF_YEAR=22,WEEK_OF_MONTH=5,DAY_OF_MONTH=28,DAY_OF_YEAR=148,DAY_OF_WEEK=5,DAY_OF_WEEK_IN_MONTH=4,AM_PM=1,HOUR=7,HOUR_OF_DAY=19,MINUTE=25,SECOND=26,MILLISECOND=622,ZONE_OFFSET=0,DST_OFFSET=0]"/>
            <field name="host" type="java.net.URI" value="urn:storageos:Host:9847e866-71d6-45bc-8d37-aa96f9d6a89f:vdc1"/>
            <field name="inactive" type="java.lang.Boolean" value="false"/>
            <field name="internalFlags" type="java.lang.Long" value="0"/>
            <field name="ipAddress" type="java.lang.String" value="169.254.89.96"/>
            <field name="isManualCreation" type="java.lang.Boolean" value="false"/>
            <field name="label" type="java.lang.String" value="169.254.89.96"/>
            <field name="netmask" type="java.lang.String" value="255.255.0.0"/>
            <field name="opStatus" type="com.emc.storageos.db.client.model.OpStatusMap">
                <wrapper>
                    <opStatusMap/>
                </wrapper>
            </field>
            <field name="protocol" type="java.lang.String" value="IPV4"/>
            <field name="registrationStatus" type="java.lang.String" value="REGISTERED"/>
        </record>
        <record id="urn:storageos:IpInterface:1fb47a05-0330-45d2-92bc-9eb2c8a0f37a:vdc1">
            <readOnlyField>
                <field name="class" type="java.lang.Class" value="class com.emc.storageos.db.client.model.IpInterface"/>
                <field name="id" type="java.net.URI" value="urn:storageos:IpInterface:1fb47a05-0330-45d2-92bc-9eb2c8a0f37a:vdc1"/>
            </readOnlyField>
            <field name="creationTime" type="java.util.Calendar" value="java.util.GregorianCalendar[time=1434060415493,areFieldsSet=true,areAllFieldsSet=true,lenient=true,zone=sun.util.calendar.ZoneInfo[id=&quot;UTC&quot;,offset=0,dstSavings=0,useDaylight=false,transitions=0,lastRule=null],firstDayOfWeek=1,minimalDaysInFirstWeek=1,ERA=1,YEAR=2015,MONTH=5,WEEK_OF_YEAR=24,WEEK_OF_MONTH=2,DAY_OF_MONTH=11,DAY_OF_YEAR=162,DAY_OF_WEEK=5,DAY_OF_WEEK_IN_MONTH=2,AM_PM=1,HOUR=10,HOUR_OF_DAY=22,MINUTE=6,SECOND=55,MILLISECOND=493,ZONE_OFFSET=0,DST_OFFSET=0]"/>
            <field name="host" type="java.net.URI" value="urn:storageos:Host:27bed0ab-7c19-4978-ba4d-64a06a4a9862:vdc1"/>
            <field name="inactive" type="java.lang.Boolean" value="false"/>
            <field name="internalFlags" type="java.lang.Long" value="0"/>
            <field name="ipAddress" type="java.lang.String" value="fe80::3078:687a:e88f:3e51"/>
            <field name="isManualCreation" type="java.lang.Boolean" value="false"/>
            <field name="label" type="java.lang.String" value="fe80::3078:687a:e88f:3e51"/>
            <field name="opStatus" type="com.emc.storageos.db.client.model.OpStatusMap">
                <wrapper>
                    <opStatusMap/>
                </wrapper>
            </field>
            <field name="protocol" type="java.lang.String" value="IPV6"/>
            <field name="registrationStatus" type="java.lang.String" value="REGISTERED"/>
        </record>
        <record id="urn:storageos:IpInterface:068054d5-cbe1-4d6e-9cc7-2be5c3e0bcf1:vdc1">
            <readOnlyField>
                <field name="class" type="java.lang.Class" value="class com.emc.storageos.db.client.model.IpInterface"/>
                <field name="id" type="java.net.URI" value="urn:storageos:IpInterface:068054d5-cbe1-4d6e-9cc7-2be5c3e0bcf1:vdc1"/>
            </readOnlyField>
            <field name="creationTime" type="java.util.Calendar" value="java.util.GregorianCalendar[time=1432841126630,areFieldsSet=true,areAllFieldsSet=true,lenient=true,zone=sun.util.calendar.ZoneInfo[id=&quot;UTC&quot;,offset=0,dstSavings=0,useDaylight=false,transitions=0,lastRule=null],firstDayOfWeek=1,minimalDaysInFirstWeek=1,ERA=1,YEAR=2015,MONTH=4,WEEK_OF_YEAR=22,WEEK_OF_MONTH=5,DAY_OF_MONTH=28,DAY_OF_YEAR=148,DAY_OF_WEEK=5,DAY_OF_WEEK_IN_MONTH=4,AM_PM=1,HOUR=7,HOUR_OF_DAY=19,MINUTE=25,SECOND=26,MILLISECOND=630,ZONE_OFFSET=0,DST_OFFSET=0]"/>
            <field name="host" type="java.net.URI" value="urn:storageos:Host:9847e866-71d6-45bc-8d37-aa96f9d6a89f:vdc1"/>
            <field name="inactive" type="java.lang.Boolean" value="false"/>
            <field name="internalFlags" type="java.lang.Long" value="0"/>
            <field name="ipAddress" type="java.lang.String" value="fe80::fde2:80d6:d562:5960"/>
            <field name="isManualCreation" type="java.lang.Boolean" value="false"/>
            <field name="label" type="java.lang.String" value="fe80::fde2:80d6:d562:5960"/>
            <field name="opStatus" type="com.emc.storageos.db.client.model.OpStatusMap">
                <wrapper>
                    <opStatusMap/>
                </wrapper>
            </field>
            <field name="protocol" type="java.lang.String" value="IPV6"/>
            <field name="registrationStatus" type="java.lang.String" value="REGISTERED"/>
        </record>
        <record id="urn:storageos:IpInterface:cc577425-9ea7-459d-9cb5-234adc28e338:vdc1">
            <readOnlyField>
                <field name="class" type="java.lang.Class" value="class com.emc.storageos.db.client.model.IpInterface"/>
                <field name="id" type="java.net.URI" value="urn:storageos:IpInterface:cc577425-9ea7-459d-9cb5-234adc28e338:vdc1"/>
            </readOnlyField>
            <field name="creationTime" type="java.util.Calendar" value="java.util.GregorianCalendar[time=1434045365525,areFieldsSet=true,areAllFieldsSet=true,lenient=true,zone=sun.util.calendar.ZoneInfo[id=&quot;UTC&quot;,offset=0,dstSavings=0,useDaylight=false,transitions=0,lastRule=null],firstDayOfWeek=1,minimalDaysInFirstWeek=1,ERA=1,YEAR=2015,MONTH=5,WEEK_OF_YEAR=24,WEEK_OF_MONTH=2,DAY_OF_MONTH=11,DAY_OF_YEAR=162,DAY_OF_WEEK=5,DAY_OF_WEEK_IN_MONTH=2,AM_PM=1,HOUR=5,HOUR_OF_DAY=17,MINUTE=56,SECOND=5,MILLISECOND=525,ZONE_OFFSET=0,DST_OFFSET=0]"/>
            <field name="host" type="java.net.URI" value="urn:storageos:Host:7311e82b-177e-4a6f-a040-e0312f7bc857:vdc1"/>
            <field name="inactive" type="java.lang.Boolean" value="false"/>
            <field name="internalFlags" type="java.lang.Long" value="0"/>
            <field name="ipAddress" type="java.lang.String" value="10.247.144.20"/>
            <field name="isManualCreation" type="java.lang.Boolean" value="false"/>
            <field name="label" type="java.lang.String" value="10.247.144.20"/>
            <field name="netmask" type="java.lang.String" value="255.255.255.0"/>
            <field name="opStatus" type="com.emc.storageos.db.client.model.OpStatusMap">
                <wrapper>
                    <opStatusMap/>
                </wrapper>
            </field>
            <field name="protocol" type="java.lang.String" value="IPV4"/>
            <field name="registrationStatus" type="java.lang.String" value="REGISTERED"/>
        </record>
        <record id="urn:storageos:IpInterface:caa5b42f-bc87-4cb9-ac1c-59de510519fd:vdc1">
            <readOnlyField>
                <field name="class" type="java.lang.Class" value="class com.emc.storageos.db.client.model.IpInterface"/>
                <field name="id" type="java.net.URI" value="urn:storageos:IpInterface:caa5b42f-bc87-4cb9-ac1c-59de510519fd:vdc1"/>
            </readOnlyField>
            <field name="creationTime" type="java.util.Calendar" value="java.util.GregorianCalendar[time=1434047785697,areFieldsSet=true,areAllFieldsSet=true,lenient=true,zone=sun.util.calendar.ZoneInfo[id=&quot;UTC&quot;,offset=0,dstSavings=0,useDaylight=false,transitions=0,lastRule=null],firstDayOfWeek=1,minimalDaysInFirstWeek=1,ERA=1,YEAR=2015,MONTH=5,WEEK_OF_YEAR=24,WEEK_OF_MONTH=2,DAY_OF_MONTH=11,DAY_OF_YEAR=162,DAY_OF_WEEK=5,DAY_OF_WEEK_IN_MONTH=2,AM_PM=1,HOUR=6,HOUR_OF_DAY=18,MINUTE=36,SECOND=25,MILLISECOND=697,ZONE_OFFSET=0,DST_OFFSET=0]"/>
            <field name="host" type="java.net.URI" value="urn:storageos:Host:6527e6e4-d6b4-4af5-adc1-ac3a3f0e8786:vdc1"/>
            <field name="inactive" type="java.lang.Boolean" value="false"/>
            <field name="internalFlags" type="java.lang.Long" value="0"/>
            <field name="ipAddress" type="java.lang.String" value="fe80::d5a9:f8d9:7b7:1b71"/>
            <field name="isManualCreation" type="java.lang.Boolean" value="false"/>
            <field name="label" type="java.lang.String" value="fe80::d5a9:f8d9:7b7:1b71"/>
            <field name="opStatus" type="com.emc.storageos.db.client.model.OpStatusMap">
                <wrapper>
                    <opStatusMap/>
                </wrapper>
            </field>
            <field name="protocol" type="java.lang.String" value="IPV6"/>
            <field name="registrationStatus" type="java.lang.String" value="REGISTERED"/>
        </record>
        <record id="urn:storageos:IpInterface:cf800ae9-10a6-422c-8a78-d7d89cd38fbb:vdc1">
            <readOnlyField>
                <field name="class" type="java.lang.Class" value="class com.emc.storageos.db.client.model.IpInterface"/>
                <field name="id" type="java.net.URI" value="urn:storageos:IpInterface:cf800ae9-10a6-422c-8a78-d7d89cd38fbb:vdc1"/>
            </readOnlyField>
            <field name="creationTime" type="java.util.Calendar" value="java.util.GregorianCalendar[time=1434060415487,areFieldsSet=true,areAllFieldsSet=true,lenient=true,zone=sun.util.calendar.ZoneInfo[id=&quot;UTC&quot;,offset=0,dstSavings=0,useDaylight=false,transitions=0,lastRule=null],firstDayOfWeek=1,minimalDaysInFirstWeek=1,ERA=1,YEAR=2015,MONTH=5,WEEK_OF_YEAR=24,WEEK_OF_MONTH=2,DAY_OF_MONTH=11,DAY_OF_YEAR=162,DAY_OF_WEEK=5,DAY_OF_WEEK_IN_MONTH=2,AM_PM=1,HOUR=10,HOUR_OF_DAY=22,MINUTE=6,SECOND=55,MILLISECOND=487,ZONE_OFFSET=0,DST_OFFSET=0]"/>
            <field name="host" type="java.net.URI" value="urn:storageos:Host:27bed0ab-7c19-4978-ba4d-64a06a4a9862:vdc1"/>
            <field name="inactive" type="java.lang.Boolean" value="false"/>
            <field name="internalFlags" type="java.lang.Long" value="0"/>
            <field name="ipAddress" type="java.lang.String" value="10.247.144.35"/>
            <field name="isManualCreation" type="java.lang.Boolean" value="false"/>
            <field name="label" type="java.lang.String" value="10.247.144.35"/>
            <field name="netmask" type="java.lang.String" value="255.255.255.0"/>
            <field name="opStatus" type="com.emc.storageos.db.client.model.OpStatusMap">
                <wrapper>
                    <opStatusMap/>
                </wrapper>
            </field>
            <field name="protocol" type="java.lang.String" value="IPV4"/>
            <field name="registrationStatus" type="java.lang.String" value="REGISTERED"/>
        </record>
        <record id="urn:storageos:IpInterface:f7056a13-bcfc-42f1-bf0b-152b26da620e:vdc1">
            <readOnlyField>
                <field name="class" type="java.lang.Class" value="class com.emc.storageos.db.client.model.IpInterface"/>
                <field name="id" type="java.net.URI" value="urn:storageos:IpInterface:f7056a13-bcfc-42f1-bf0b-152b26da620e:vdc1"/>
            </readOnlyField>
            <field name="creationTime" type="java.util.Calendar" value="java.util.GregorianCalendar[time=1443647148637,areFieldsSet=true,areAllFieldsSet=true,lenient=true,zone=sun.util.calendar.ZoneInfo[id=&quot;UTC&quot;,offset=0,dstSavings=0,useDaylight=false,transitions=0,lastRule=null],firstDayOfWeek=1,minimalDaysInFirstWeek=1,ERA=1,YEAR=2015,MONTH=8,WEEK_OF_YEAR=40,WEEK_OF_MONTH=5,DAY_OF_MONTH=30,DAY_OF_YEAR=273,DAY_OF_WEEK=4,DAY_OF_WEEK_IN_MONTH=5,AM_PM=1,HOUR=9,HOUR_OF_DAY=21,MINUTE=5,SECOND=48,MILLISECOND=637,ZONE_OFFSET=0,DST_OFFSET=0]"/>
            <field name="host" type="java.net.URI" value="urn:storageos:Host:9847e866-71d6-45bc-8d37-aa96f9d6a89f:vdc1"/>
            <field name="inactive" type="java.lang.Boolean" value="false"/>
            <field name="internalFlags" type="java.lang.Long" value="0"/>
            <field name="ipAddress" type="java.lang.String" value="169.254.1.100"/>
            <field name="isManualCreation" type="java.lang.Boolean" value="false"/>
            <field name="label" type="java.lang.String" value="169.254.1.100"/>
            <field name="netmask" type="java.lang.String" value="255.255.0.0"/>
            <field name="opStatus" type="com.emc.storageos.db.client.model.OpStatusMap">
                <wrapper>
                    <opStatusMap/>
                </wrapper>
            </field>
            <field name="protocol" type="java.lang.String" value="IPV4"/>
            <field name="registrationStatus" type="java.lang.String" value="REGISTERED"/>
        </record>
    </data_object_schema>
</dbschemas>
