<?xml version="1.0" encoding="utf-8" standalone="no"?>
<dbschemas>
    <data_object_schema name="NetworkSystem">
        <record id="urn:storageos:NetworkSystem:fd6f6dfe-2b87-4a91-ad5d-3024d0fb5548:vdc1">
            <readOnlyField>
                <field name="class" type="java.lang.Class" value="class com.emc.storageos.db.client.model.NetworkSystem"/>
                <field name="id" type="java.net.URI" value="urn:storageos:NetworkSystem:fd6f6dfe-2b87-4a91-ad5d-3024d0fb5548:vdc1"/>
            </readOnlyField>
            <field name="compatibilityStatus" type="java.lang.String" value="COMPATIBLE"/>
            <field name="creationTime" type="java.util.Calendar" value="java.util.GregorianCalendar[time=1434037877207,areFieldsSet=true,areAllFieldsSet=true,lenient=true,zone=sun.util.calendar.ZoneInfo[id=&quot;UTC&quot;,offset=0,dstSavings=0,useDaylight=false,transitions=0,lastRule=null],firstDayOfWeek=1,minimalDaysInFirstWeek=1,ERA=1,YEAR=2015,MONTH=5,WEEK_OF_YEAR=24,WEEK_OF_MONTH=2,DAY_OF_MONTH=11,DAY_OF_YEAR=162,DAY_OF_WEEK=5,DAY_OF_WEEK_IN_MONTH=2,AM_PM=1,HOUR=3,HOUR_OF_DAY=15,MINUTE=51,SECOND=17,MILLISECOND=207,ZONE_OFFSET=0,DST_OFFSET=0]"/>
            <field name="discoveryStatus" type="java.lang.String" value="COMPLETE"/>
            <field name="inactive" type="java.lang.Boolean" value="false"/>
            <field name="internalFlags" type="java.lang.Long" value="0"/>
            <field name="ipAddress" type="java.lang.String" value="10.247.144.248"/>
            <field name="label" type="java.lang.String" value="Cisco Fabric A"/>
            <field name="lastDiscoveryRunTime" type="java.lang.Long" value="1449479118848"/>
            <field name="lastDiscoveryStatusMessage" type="java.lang.String" value="Discovery completed successfully for Network System : urn:storageos:NetworkSystem:fd6f6dfe-2b87-4a91-ad5d-3024d0fb5548:vdc1"/>
            <field name="lastMeteringRunTime" type="java.lang.Long" value="0"/>
            <field name="meteringStatus" type="java.lang.String" value="CREATED"/>
            <field name="nativeGuid" type="java.lang.String" value="MDS+10.247.144.248+22"/>
            <field name="nextDiscoveryRunTime" type="java.lang.Long" value="1449482709852"/>
            <field name="nextMeteringRunTime" type="java.lang.Long" value="0"/>
            <field name="opStatus" type="com.emc.storageos.db.client.model.OpStatusMap">
                <wrapper>
                    <opStatusMap>
                        <entry>
                            <key>123fe38c-eb5d-4e67-a552-5b5651702ed2</key>
                            <value>
                                <description>discover one network system</description>
                                <endTime>2015-12-07T04:04:54.475Z</endTime>
                                <message>Operation completed successfully</message>
                                <name>DISCOVER NETWORKSYSTEM</name>
                                <progress>100</progress>
                                <startTime>2015-12-07T04:04:46.032Z</startTime>
                                <status>ready</status>
                            </value>
                        </entry>
                        <entry>
                            <key>e78bc945-865d-4ad1-9f50-c8c620e05dae</key>
                            <value>
                                <description>discover one network system</description>
                                <endTime>2015-12-07T05:04:59.417Z</endTime>
                                <message>Operation completed successfully</message>
                                <name>DISCOVER NETWORKSYSTEM</name>
                                <progress>100</progress>
                                <startTime>2015-12-07T05:04:51.811Z</startTime>
                                <status>ready</status>
                            </value>
                        </entry>
                        <entry>
                            <key>5c9075e8-10f7-422c-8537-f24659e8e653</key>
                            <value>
                                <description>discover one network system</description>
                                <endTime>2015-12-07T08:04:56.956Z</endTime>
                                <message>Operation completed successfully</message>
                                <name>DISCOVER NETWORKSYSTEM</name>
                                <progress>100</progress>
                                <startTime>2015-12-07T08:04:45.415Z</startTime>
                                <status>ready</status>
                            </value>
                        </entry>
                        <entry>
                            <key>cbb4e126-9488-4af4-8e83-cde849d74658</key>
                            <value>
                                <description>discover one network system</description>
                                <endTime>2015-12-07T07:05:00.664Z</endTime>
                                <message>Operation completed successfully</message>
                                <name>DISCOVER NETWORKSYSTEM</name>
                                <progress>100</progress>
                                <startTime>2015-12-07T07:04:52.552Z</startTime>
                                <status>ready</status>
                            </value>
                        </entry>
                        <entry>
                            <key>e1c9cb7b-0028-4214-9be1-0a30fec54194</key>
                            <value>
                                <description>discover one network system</description>
                                <endTime>2015-12-07T06:04:50.501Z</endTime>
                                <message>Operation completed successfully</message>
                                <name>DISCOVER NETWORKSYSTEM</name>
                                <progress>100</progress>
                                <startTime>2015-12-07T06:04:43.330Z</startTime>
                                <status>ready</status>
                            </value>
                        </entry>
                        <entry>
                            <key>618d9ca1-fcd0-4ac7-a74f-4161b7c49202</key>
                            <value>
                                <description>discover one network system</description>
                                <endTime>2015-12-07T09:05:20.136Z</endTime>
                                <message>Operation completed successfully</message>
                                <name>DISCOVER NETWORKSYSTEM</name>
                                <progress>100</progress>
                                <startTime>2015-12-07T09:05:09.692Z</startTime>
                                <status>ready</status>
                            </value>
                        </entry>
                    </opStatusMap>
                </wrapper>
            </field>
            <field name="portNumber" type="java.lang.Integer" value="22"/>
            <field name="registrationStatus" type="java.lang.String" value="REGISTERED"/>
            <field name="smisPortNumber" type="java.lang.Integer" value="22"/>
            <field name="smisProviderIP" type="java.lang.String" value="10.247.144.248"/>
            <field name="smisUseSSL" type="java.lang.Boolean" value="true"/>
            <field name="smisUserName" type="java.lang.String" value="admin"/>
            <field name="successDiscoveryTime" type="java.lang.Long" value="1449479118848"/>
            <field name="successMeteringTime" type="java.lang.Long" value="0"/>
            <field name="systemType" type="java.lang.String" value="mds"/>
            <field name="uptime" type="java.lang.String" value="196 days, 18 hours, 13 minutes, 59 seconds"/>
            <field name="username" type="java.lang.String" value="admin"/>
            <field name="version" type="java.lang.String" value="6.2(11)"/>
        </record>
        <record id="urn:storageos:NetworkSystem:22e1be81-fb31-4a85-8585-285f5af4859d:vdc1">
            <readOnlyField>
                <field name="class" type="java.lang.Class" value="class com.emc.storageos.db.client.model.NetworkSystem"/>
                <field name="id" type="java.net.URI" value="urn:storageos:NetworkSystem:22e1be81-fb31-4a85-8585-285f5af4859d:vdc1"/>
            </readOnlyField>
            <field name="compatibilityStatus" type="java.lang.String" value="COMPATIBLE"/>
            <field name="creationTime" type="java.util.Calendar" value="java.util.GregorianCalendar[time=1432751411557,areFieldsSet=true,areAllFieldsSet=true,lenient=true,zone=sun.util.calendar.ZoneInfo[id=&quot;UTC&quot;,offset=0,dstSavings=0,useDaylight=false,transitions=0,lastRule=null],firstDayOfWeek=1,minimalDaysInFirstWeek=1,ERA=1,YEAR=2015,MONTH=4,WEEK_OF_YEAR=22,WEEK_OF_MONTH=5,DAY_OF_MONTH=27,DAY_OF_YEAR=147,DAY_OF_WEEK=4,DAY_OF_WEEK_IN_MONTH=4,AM_PM=1,HOUR=6,HOUR_OF_DAY=18,MINUTE=30,SECOND=11,MILLISECOND=557,ZONE_OFFSET=0,DST_OFFSET=0]"/>
            <field name="discoveryStatus" type="java.lang.String" value="COMPLETE"/>
            <field name="inactive" type="java.lang.Boolean" value="false"/>
            <field name="internalFlags" type="java.lang.Long" value="0"/>
            <field name="ipAddress" type="java.lang.String" value="10.247.144.230"/>
            <field name="label" type="java.lang.String" value="CMCNE"/>
            <field name="lastDiscoveryRunTime" type="java.lang.Long" value="1449479116366"/>
            <field name="lastDiscoveryStatusMessage" type="java.lang.String" value="Discovery completed successfully for Network System : urn:storageos:NetworkSystem:22e1be81-fb31-4a85-8585-285f5af4859d:vdc1"/>
            <field name="lastMeteringRunTime" type="java.lang.Long" value="0"/>
            <field name="meteringStatus" type="java.lang.String" value="CREATED"/>
            <field name="nativeGuid" type="java.lang.String" value="BROCADE+10.247.144.230+5989"/>
            <field name="nextDiscoveryRunTime" type="java.lang.Long" value="1449482709244"/>
            <field name="nextMeteringRunTime" type="java.lang.Long" value="0"/>
            <field name="opStatus" type="com.emc.storageos.db.client.model.OpStatusMap">
                <wrapper>
                    <opStatusMap>
                        <entry>
                            <key>daaebaa0-3ca9-4748-aee4-d46a88a22dd5</key>
                            <value>
                                <description>discover one network system</description>
                                <endTime>2015-12-07T04:04:57.300Z</endTime>
                                <message>Operation completed successfully</message>
                                <name>DISCOVER NETWORKSYSTEM</name>
                                <progress>100</progress>
                                <startTime>2015-12-07T04:04:45.691Z</startTime>
                                <status>ready</status>
                            </value>
                        </entry>
                        <entry>
                            <key>b506bcdc-ad5d-4222-9ca2-b2e4d7433237</key>
                            <value>
                                <description>discover one network system</description>
                                <endTime>2015-12-07T06:04:50.689Z</endTime>
                                <message>Operation completed successfully</message>
                                <name>DISCOVER NETWORKSYSTEM</name>
                                <progress>100</progress>
                                <startTime>2015-12-07T06:04:42.878Z</startTime>
                                <status>ready</status>
                            </value>
                        </entry>
                        <entry>
                            <key>7a818626-4945-4311-b1a2-711ddac8be83</key>
                            <value>
                                <description>discover one network system</description>
                                <endTime>2015-12-07T07:05:01.118Z</endTime>
                                <message>Operation completed successfully</message>
                                <name>DISCOVER NETWORKSYSTEM</name>
                                <progress>100</progress>
                                <startTime>2015-12-07T07:04:52.271Z</startTime>
                                <status>ready</status>
                            </value>
                        </entry>
                        <entry>
                            <key>438422c6-eb68-4bb2-a2fa-6e4bd358203e</key>
                            <value>
                                <description>discover one network system</description>
                                <endTime>2015-12-07T05:04:59.629Z</endTime>
                                <message>Operation completed successfully</message>
                                <name>DISCOVER NETWORKSYSTEM</name>
                                <progress>100</progress>
                                <startTime>2015-12-07T05:04:51.353Z</startTime>
                                <status>ready</status>
                            </value>
                        </entry>
                        <entry>
                            <key>733b76cc-4f3b-414d-a7ea-4dd89c8c139a</key>
                            <value>
                                <description>discover one network system</description>
                                <endTime>2015-12-07T08:04:52.382Z</endTime>
                                <message>Operation completed successfully</message>
                                <name>DISCOVER NETWORKSYSTEM</name>
                                <progress>100</progress>
                                <startTime>2015-12-07T08:04:45.026Z</startTime>
                                <status>ready</status>
                            </value>
                        </entry>
                        <entry>
                            <key>3553c456-708d-494b-afb1-acacc554a8fb</key>
                            <value>
                                <description>discover one network system</description>
                                <endTime>2015-12-07T09:05:16.653Z</endTime>
                                <message>Operation completed successfully</message>
                                <name>DISCOVER NETWORKSYSTEM</name>
                                <progress>100</progress>
                                <startTime>2015-12-07T09:05:08.915Z</startTime>
                                <status>ready</status>
                            </value>
                        </entry>
                    </opStatusMap>
                </wrapper>
            </field>
            <field name="portNumber" type="java.lang.Integer" value="5989"/>
            <field name="registrationStatus" type="java.lang.String" value="REGISTERED"/>
            <field name="smisPortNumber" type="java.lang.Integer" value="5989"/>
            <field name="smisProviderIP" type="java.lang.String" value="10.247.144.230"/>
            <field name="smisUseSSL" type="java.lang.Boolean" value="true"/>
            <field name="smisUserName" type="java.lang.String" value="administrator"/>
            <field name="successDiscoveryTime" type="java.lang.Long" value="1449479116366"/>
            <field name="successMeteringTime" type="java.lang.Long" value="0"/>
            <field name="systemType" type="java.lang.String" value="brocade"/>
            <field name="uptime" type="java.lang.String" value="20 days, 19 hours, 43 minutes, 54 seconds"/>
            <field name="username" type="java.lang.String" value="administrator"/>
            <field name="version" type="java.lang.String" value="12.4.1 build 23"/>
        </record>
        <record id="urn:storageos:NetworkSystem:1ed4644a-5c29-4454-9b01-5801c3640e81:vdc1">
            <readOnlyField>
                <field name="class" type="java.lang.Class" value="class com.emc.storageos.db.client.model.NetworkSystem"/>
                <field name="id" type="java.net.URI" value="urn:storageos:NetworkSystem:1ed4644a-5c29-4454-9b01-5801c3640e81:vdc1"/>
            </readOnlyField>
            <field name="compatibilityStatus" type="java.lang.String" value="COMPATIBLE"/>
            <field name="creationTime" type="java.util.Calendar" value="java.util.GregorianCalendar[time=1434037912862,areFieldsSet=true,areAllFieldsSet=true,lenient=true,zone=sun.util.calendar.ZoneInfo[id=&quot;UTC&quot;,offset=0,dstSavings=0,useDaylight=false,transitions=0,lastRule=null],firstDayOfWeek=1,minimalDaysInFirstWeek=1,ERA=1,YEAR=2015,MONTH=5,WEEK_OF_YEAR=24,WEEK_OF_MONTH=2,DAY_OF_MONTH=11,DAY_OF_YEAR=162,DAY_OF_WEEK=5,DAY_OF_WEEK_IN_MONTH=2,AM_PM=1,HOUR=3,HOUR_OF_DAY=15,MINUTE=51,SECOND=52,MILLISECOND=862,ZONE_OFFSET=0,DST_OFFSET=0]"/>
            <field name="discoveryStatus" type="java.lang.String" value="COMPLETE"/>
            <field name="inactive" type="java.lang.Boolean" value="false"/>
            <field name="internalFlags" type="java.lang.Long" value="0"/>
            <field name="ipAddress" type="java.lang.String" value="10.247.144.249"/>
            <field name="label" type="java.lang.String" value="Cisco Fabric B"/>
            <field name="lastDiscoveryRunTime" type="java.lang.Long" value="1449479116272"/>
            <field name="lastDiscoveryStatusMessage" type="java.lang.String" value="Discovery completed successfully for Network System : urn:storageos:NetworkSystem:1ed4644a-5c29-4454-9b01-5801c3640e81:vdc1"/>
            <field name="lastMeteringRunTime" type="java.lang.Long" value="0"/>
            <field name="meteringStatus" type="java.lang.String" value="CREATED"/>
            <field name="nativeGuid" type="java.lang.String" value="MDS+10.247.144.249+22"/>
            <field name="nextDiscoveryRunTime" type="java.lang.Long" value="1449482708212"/>
            <field name="nextMeteringRunTime" type="java.lang.Long" value="0"/>
            <field name="opStatus" type="com.emc.storageos.db.client.model.OpStatusMap">
                <wrapper>
                    <opStatusMap>
                        <entry>
                            <key>238c7b26-f900-493e-989a-4f049a8c94a8</key>
                            <value>
                                <description>discover one network system</description>
                                <endTime>2015-12-07T09:05:16.565Z</endTime>
                                <message>Operation completed successfully</message>
                                <name>DISCOVER NETWORKSYSTEM</name>
                                <progress>100</progress>
                                <startTime>2015-12-07T09:05:07.490Z</startTime>
                                <status>ready</status>
                            </value>
                        </entry>
                        <entry>
                            <key>b598209f-b0c4-4732-a470-d2a4ad6502b8</key>
                            <value>
                                <description>discover one network system</description>
                                <endTime>2015-12-07T06:04:49.008Z</endTime>
                                <message>Operation completed successfully</message>
                                <name>DISCOVER NETWORKSYSTEM</name>
                                <progress>100</progress>
                                <startTime>2015-12-07T06:04:42.647Z</startTime>
                                <status>ready</status>
                            </value>
                        </entry>
                        <entry>
                            <key>077b5654-a3d7-40e8-89ae-1e1f701e5113</key>
                            <value>
                                <description>discover one network system</description>
                                <endTime>2015-12-07T08:04:51.595Z</endTime>
                                <message>Operation completed successfully</message>
                                <name>DISCOVER NETWORKSYSTEM</name>
                                <progress>100</progress>
                                <startTime>2015-12-07T08:04:44.534Z</startTime>
                                <status>ready</status>
                            </value>
                        </entry>
                        <entry>
                            <key>0214bffd-8d06-4b9a-ac02-5feeed00afb6</key>
                            <value>
                                <description>discover one network system</description>
                                <endTime>2015-12-07T04:04:51.002Z</endTime>
                                <message>Operation completed successfully</message>
                                <name>DISCOVER NETWORKSYSTEM</name>
                                <progress>100</progress>
                                <startTime>2015-12-07T04:04:45.342Z</startTime>
                                <status>ready</status>
                            </value>
                        </entry>
                        <entry>
                            <key>82356c64-8fa9-4562-8770-45609c4ccb19</key>
                            <value>
                                <description>discover one network system</description>
                                <endTime>2015-12-07T07:04:58.443Z</endTime>
                                <message>Operation completed successfully</message>
                                <name>DISCOVER NETWORKSYSTEM</name>
                                <progress>100</progress>
                                <startTime>2015-12-07T07:04:51.962Z</startTime>
                                <status>ready</status>
                            </value>
                        </entry>
                        <entry>
                            <key>9099540e-17bf-4306-80a7-6e948385c347</key>
                            <value>
                                <description>discover one network system</description>
                                <endTime>2015-12-07T05:04:57.119Z</endTime>
                                <message>Operation completed successfully</message>
                                <name>DISCOVER NETWORKSYSTEM</name>
                                <progress>100</progress>
                                <startTime>2015-12-07T05:04:50.804Z</startTime>
                                <status>ready</status>
                            </value>
                        </entry>
                    </opStatusMap>
                </wrapper>
            </field>
            <field name="portNumber" type="java.lang.Integer" value="22"/>
            <field name="registrationStatus" type="java.lang.String" value="REGISTERED"/>
            <field name="smisPortNumber" type="java.lang.Integer" value="22"/>
            <field name="smisProviderIP" type="java.lang.String" value="10.247.144.249"/>
            <field name="smisUseSSL" type="java.lang.Boolean" value="true"/>
            <field name="smisUserName" type="java.lang.String" value="admin"/>
            <field name="successDiscoveryTime" type="java.lang.Long" value="1449479116272"/>
            <field name="successMeteringTime" type="java.lang.Long" value="0"/>
            <field name="systemType" type="java.lang.String" value="mds"/>
            <field name="uptime" type="java.lang.String" value="196 days, 18 hours, 14 minutes, 40 seconds"/>
            <field name="username" type="java.lang.String" value="admin"/>
            <field name="version" type="java.lang.String" value="6.2(9)"/>
        </record>
        <record id="urn:storageos:NetworkSystem:1cb37386-2644-4f2a-a93b-a86477e85579:vdc1">
            <readOnlyField>
                <field name="class" type="java.lang.Class" value="class com.emc.storageos.db.client.model.NetworkSystem"/>
                <field name="id" type="java.net.URI" value="urn:storageos:NetworkSystem:1cb37386-2644-4f2a-a93b-a86477e85579:vdc1"/>
            </readOnlyField>
            <field name="compatibilityStatus" type="java.lang.String" value="COMPATIBLE"/>
            <field name="creationTime" type="java.util.Calendar" value="java.util.GregorianCalendar[time=1434037991368,areFieldsSet=true,areAllFieldsSet=true,lenient=true,zone=sun.util.calendar.ZoneInfo[id=&quot;UTC&quot;,offset=0,dstSavings=0,useDaylight=false,transitions=0,lastRule=null],firstDayOfWeek=1,minimalDaysInFirstWeek=1,ERA=1,YEAR=2015,MONTH=5,WEEK_OF_YEAR=24,WEEK_OF_MONTH=2,DAY_OF_MONTH=11,DAY_OF_YEAR=162,DAY_OF_WEEK=5,DAY_OF_WEEK_IN_MONTH=2,AM_PM=1,HOUR=3,HOUR_OF_DAY=15,MINUTE=53,SECOND=11,MILLISECOND=368,ZONE_OFFSET=0,DST_OFFSET=0]"/>
            <field name="discoveryStatus" type="java.lang.String" value="COMPLETE"/>
            <field name="inactive" type="java.lang.Boolean" value="false"/>
            <field name="internalFlags" type="java.lang.Long" value="0"/>
            <field name="ipAddress" type="java.lang.String" value="10.247.99.250"/>
            <field name="label" type="java.lang.String" value="qe-brocade"/>
            <field name="lastDiscoveryRunTime" type="java.lang.Long" value="1449479135980"/>
            <field name="lastDiscoveryStatusMessage" type="java.lang.String" value="Discovery completed successfully for Network System : urn:storageos:NetworkSystem:1cb37386-2644-4f2a-a93b-a86477e85579:vdc1"/>
            <field name="lastMeteringRunTime" type="java.lang.Long" value="0"/>
            <field name="meteringStatus" type="java.lang.String" value="CREATED"/>
            <field name="nativeGuid" type="java.lang.String" value="BROCADE+10.247.99.250+5988"/>
            <field name="nextDiscoveryRunTime" type="java.lang.Long" value="1449482706598"/>
            <field name="nextMeteringRunTime" type="java.lang.Long" value="0"/>
            <field name="opStatus" type="com.emc.storageos.db.client.model.OpStatusMap">
                <wrapper>
                    <opStatusMap>
                        <entry>
                            <key>6fecc878-9e1b-4fe5-abcb-e8e7d01480cc</key>
                            <value>
                                <description>discover one network system</description>
                                <endTime>2015-12-07T04:05:07.429Z</endTime>
                                <message>Operation completed successfully</message>
                                <name>DISCOVER NETWORKSYSTEM</name>
                                <progress>100</progress>
                                <startTime>2015-12-07T04:04:44.634Z</startTime>
                                <status>ready</status>
                            </value>
                        </entry>
                        <entry>
                            <key>46a9fbd3-2484-47e2-a346-b55e609741d8</key>
                            <value>
                                <description>discover one network system</description>
                                <endTime>2015-12-07T08:05:14.069Z</endTime>
                                <message>Operation completed successfully</message>
                                <name>DISCOVER NETWORKSYSTEM</name>
                                <progress>100</progress>
                                <startTime>2015-12-07T08:04:44.118Z</startTime>
                                <status>ready</status>
                            </value>
                        </entry>
                        <entry>
                            <key>66abe7c3-554a-4fd7-9e9a-cec9ff694915</key>
                            <value>
                                <description>discover one network system</description>
                                <endTime>2015-12-07T07:05:10.084Z</endTime>
                                <message>Operation completed successfully</message>
                                <name>DISCOVER NETWORKSYSTEM</name>
                                <progress>100</progress>
                                <startTime>2015-12-07T07:04:51.743Z</startTime>
                                <status>ready</status>
                            </value>
                        </entry>
                        <entry>
                            <key>1f84ca2e-6704-4b3f-9a00-b8cfe09cf398</key>
                            <value>
                                <description>discover one network system</description>
                                <endTime>2015-12-07T09:05:36.127Z</endTime>
                                <message>Operation completed successfully</message>
                                <name>DISCOVER NETWORKSYSTEM</name>
                                <progress>100</progress>
                                <startTime>2015-12-07T09:05:05.634Z</startTime>
                                <status>ready</status>
                            </value>
                        </entry>
                        <entry>
                            <key>bccbe3fd-a5cf-453a-9717-17a57f1c4d57</key>
                            <value>
                                <description>discover one network system</description>
                                <endTime>2015-12-07T05:05:10.407Z</endTime>
                                <message>Operation completed successfully</message>
                                <name>DISCOVER NETWORKSYSTEM</name>
                                <progress>100</progress>
                                <startTime>2015-12-07T05:04:50.466Z</startTime>
                                <status>ready</status>
                            </value>
                        </entry>
                        <entry>
                            <key>12fdfddf-5833-4f84-8841-b52613cb1516</key>
                            <value>
                                <description>discover one network system</description>
                                <endTime>2015-12-07T06:05:36.772Z</endTime>
                                <message>Operation completed successfully</message>
                                <name>DISCOVER NETWORKSYSTEM</name>
                                <progress>100</progress>
                                <startTime>2015-12-07T06:04:42.338Z</startTime>
                                <status>ready</status>
                            </value>
                        </entry>
                    </opStatusMap>
                </wrapper>
            </field>
            <field name="portNumber" type="java.lang.Integer" value="5988"/>
            <field name="registrationStatus" type="java.lang.String" value="REGISTERED"/>
            <field name="smisPortNumber" type="java.lang.Integer" value="5988"/>
            <field name="smisProviderIP" type="java.lang.String" value="10.247.99.250"/>
            <field name="smisUseSSL" type="java.lang.Boolean" value="false"/>
            <field name="smisUserName" type="java.lang.String" value="administrator"/>
            <field name="successDiscoveryTime" type="java.lang.Long" value="1449479135980"/>
            <field name="successMeteringTime" type="java.lang.Long" value="0"/>
            <field name="systemType" type="java.lang.String" value="brocade"/>
            <field name="uptime" type="java.lang.String" value="4 days, 13 hours, 13 minutes, 14 seconds"/>
            <field name="username" type="java.lang.String" value="administrator"/>
            <field name="version" type="java.lang.String" value="12.4.1 build 23"/>
        </record>
    </data_object_schema>
</dbschemas>
