<?xml version="1.0" encoding="utf-8" standalone="no"?>
<dbschemas>
    <data_object_schema name="OrderParameter">
        <record id="urn:storageos:OrderParameter:fdab89bc-2f6b-466b-a5f1-646cbb695e06:vdc1">
            <readOnlyField>
                <field name="class" type="java.lang.Class" value="class com.emc.storageos.db.client.model.uimodels.OrderParameter"/>
                <field name="id" type="java.net.URI" value="urn:storageos:OrderParameter:fdab89bc-2f6b-466b-a5f1-646cbb695e06:vdc1"/>
            </readOnlyField>
            <field name="creationTime" type="java.util.Calendar" value="java.util.GregorianCalendar[time=1436291211264,areFieldsSet=true,areAllFieldsSet=true,lenient=true,zone=sun.util.calendar.ZoneInfo[id=&quot;UTC&quot;,offset=0,dstSavings=0,useDaylight=false,transitions=0,lastRule=null],firstDayOfWeek=1,minimalDaysInFirstWeek=1,ERA=1,YEAR=2015,MONTH=6,WEEK_OF_YEAR=28,WEEK_OF_MONTH=2,DAY_OF_MONTH=7,DAY_OF_YEAR=188,DAY_OF_WEEK=3,DAY_OF_WEEK_IN_MONTH=1,AM_PM=1,HOUR=5,HOUR_OF_DAY=17,MINUTE=46,SECOND=51,MILLISECOND=264,ZONE_OFFSET=0,DST_OFFSET=0]"/>
            <field name="encrypted" type="java.lang.Boolean" value="false"/>
            <field name="friendlyLabel" type="java.lang.String" value="Consistency Group"/>
            <field name="friendlyValue" type="java.lang.String" value=""/>
            <field name="inactive" type="java.lang.Boolean" value="false"/>
            <field name="internalFlags" type="java.lang.Long" value="0"/>
            <field name="label" type="java.lang.String" value="consistencyGroup"/>
            <field name="lastUpdated" type="java.util.Date" value="Tue Jul 07 17:46:51 UTC 2015"/>
            <field name="opStatus" type="com.emc.storageos.db.client.model.OpStatusMap">
                <wrapper>
                    <opStatusMap/>
                </wrapper>
            </field>
            <field name="orderId" type="java.net.URI" value="urn:storageos:Order:b105f576-b335-432e-ac1c-f48c91bbcf18:vdc1"/>
            <field name="sortedIndex" type="java.lang.Integer" value="4"/>
            <field name="userInput" type="java.lang.Boolean" value="true"/>
            <field name="value" type="java.lang.String" value="&quot;&quot;"/>
        </record>
        <record id="urn:storageos:OrderParameter:f8724072-a294-4e49-ac61-a4015a7b2a67:vdc1">
            <readOnlyField>
                <field name="class" type="java.lang.Class" value="class com.emc.storageos.db.client.model.uimodels.OrderParameter"/>
                <field name="id" type="java.net.URI" value="urn:storageos:OrderParameter:f8724072-a294-4e49-ac61-a4015a7b2a67:vdc1"/>
            </readOnlyField>
            <field name="creationTime" type="java.util.Calendar" value="java.util.GregorianCalendar[time=1444169670665,areFieldsSet=true,areAllFieldsSet=true,lenient=true,zone=sun.util.calendar.ZoneInfo[id=&quot;UTC&quot;,offset=0,dstSavings=0,useDaylight=false,transitions=0,lastRule=null],firstDayOfWeek=1,minimalDaysInFirstWeek=1,ERA=1,YEAR=2015,MONTH=9,WEEK_OF_YEAR=41,WEEK_OF_MONTH=2,DAY_OF_MONTH=6,DAY_OF_YEAR=279,DAY_OF_WEEK=3,DAY_OF_WEEK_IN_MONTH=1,AM_PM=1,HOUR=10,HOUR_OF_DAY=22,MINUTE=14,SECOND=30,MILLISECOND=665,ZONE_OFFSET=0,DST_OFFSET=0]"/>
            <field name="encrypted" type="java.lang.Boolean" value="false"/>
            <field name="friendlyLabel" type="java.lang.String" value="Name"/>
            <field name="friendlyValue" type="java.lang.String" value="test543"/>
            <field name="inactive" type="java.lang.Boolean" value="false"/>
            <field name="internalFlags" type="java.lang.Long" value="0"/>
            <field name="label" type="java.lang.String" value="name"/>
            <field name="lastUpdated" type="java.util.Date" value="Tue Oct 06 22:14:30 UTC 2015"/>
            <field name="opStatus" type="com.emc.storageos.db.client.model.OpStatusMap">
                <wrapper>
                    <opStatusMap/>
                </wrapper>
            </field>
            <field name="orderId" type="java.net.URI" value="urn:storageos:Order:5394dddb-23ba-402a-b248-7b5eb96bf74a:vdc1"/>
            <field name="sortedIndex" type="java.lang.Integer" value="3"/>
            <field name="userInput" type="java.lang.Boolean" value="true"/>
            <field name="value" type="java.lang.String" value="&quot;test543&quot;"/>
        </record>
        <record id="urn:storageos:OrderParameter:f7ba2e1a-666c-4247-b852-80e10c13b84d:vdc1">
            <readOnlyField>
                <field name="class" type="java.lang.Class" value="class com.emc.storageos.db.client.model.uimodels.OrderParameter"/>
                <field name="id" type="java.net.URI" value="urn:storageos:OrderParameter:f7ba2e1a-666c-4247-b852-80e10c13b84d:vdc1"/>
            </readOnlyField>
            <field name="creationTime" type="java.util.Calendar" value="java.util.GregorianCalendar[time=1447431034527,areFieldsSet=true,areAllFieldsSet=true,lenient=true,zone=sun.util.calendar.ZoneInfo[id=&quot;UTC&quot;,offset=0,dstSavings=0,useDaylight=false,transitions=0,lastRule=null],firstDayOfWeek=1,minimalDaysInFirstWeek=1,ERA=1,YEAR=2015,MONTH=10,WEEK_OF_YEAR=46,WEEK_OF_MONTH=2,DAY_OF_MONTH=13,DAY_OF_YEAR=317,DAY_OF_WEEK=6,DAY_OF_WEEK_IN_MONTH=2,AM_PM=1,HOUR=4,HOUR_OF_DAY=16,MINUTE=10,SECOND=34,MILLISECOND=527,ZONE_OFFSET=0,DST_OFFSET=0]"/>
            <field name="encrypted" type="java.lang.Boolean" value="false"/>
            <field name="friendlyLabel" type="java.lang.String" value="Project"/>
            <field name="friendlyValue" type="java.lang.String" value="Bank Project"/>
            <field name="inactive" type="java.lang.Boolean" value="false"/>
            <field name="internalFlags" type="java.lang.Long" value="0"/>
            <field name="label" type="java.lang.String" value="project"/>
            <field name="lastUpdated" type="java.util.Date" value="Fri Nov 13 16:10:34 UTC 2015"/>
            <field name="opStatus" type="com.emc.storageos.db.client.model.OpStatusMap">
                <wrapper>
                    <opStatusMap/>
                </wrapper>
            </field>
            <field name="orderId" type="java.net.URI" value="urn:storageos:Order:db362824-ae09-40e7-9ca6-aaaaae65fed3:vdc1"/>
            <field name="sortedIndex" type="java.lang.Integer" value="5"/>
            <field name="userInput" type="java.lang.Boolean" value="true"/>
            <field name="value" type="java.lang.String" value="urn:storageos:Project:ed280a9d-43fe-443b-be0a-9a1af84a32e8:global"/>
        </record>
        <record id="urn:storageos:OrderParameter:f8daa689-47b2-46bc-a913-09a3e86dca0f:vdc1">
            <readOnlyField>
                <field name="class" type="java.lang.Class" value="class com.emc.storageos.db.client.model.uimodels.OrderParameter"/>
                <field name="id" type="java.net.URI" value="urn:storageos:OrderParameter:f8daa689-47b2-46bc-a913-09a3e86dca0f:vdc1"/>
            </readOnlyField>
            <field name="creationTime" type="java.util.Calendar" value="java.util.GregorianCalendar[time=1437711496968,areFieldsSet=true,areAllFieldsSet=true,lenient=true,zone=sun.util.calendar.ZoneInfo[id=&quot;UTC&quot;,offset=0,dstSavings=0,useDaylight=false,transitions=0,lastRule=null],firstDayOfWeek=1,minimalDaysInFirstWeek=1,ERA=1,YEAR=2015,MONTH=6,WEEK_OF_YEAR=30,WEEK_OF_MONTH=4,DAY_OF_MONTH=24,DAY_OF_YEAR=205,DAY_OF_WEEK=6,DAY_OF_WEEK_IN_MONTH=4,AM_PM=0,HOUR=4,HOUR_OF_DAY=4,MINUTE=18,SECOND=16,MILLISECOND=968,ZONE_OFFSET=0,DST_OFFSET=0]"/>
            <field name="encrypted" type="java.lang.Boolean" value="false"/>
            <field name="friendlyLabel" type="java.lang.String" value="Project"/>
            <field name="friendlyValue" type="java.lang.String" value="Santiago"/>
            <field name="inactive" type="java.lang.Boolean" value="false"/>
            <field name="internalFlags" type="java.lang.Long" value="0"/>
            <field name="label" type="java.lang.String" value="project"/>
            <field name="lastUpdated" type="java.util.Date" value="Fri Jul 24 04:18:16 UTC 2015"/>
            <field name="opStatus" type="com.emc.storageos.db.client.model.OpStatusMap">
                <wrapper>
                    <opStatusMap/>
                </wrapper>
            </field>
            <field name="orderId" type="java.net.URI" value="urn:storageos:Order:575090b6-a829-497d-bad8-ec1c1f96ddc3:vdc1"/>
            <field name="sortedIndex" type="java.lang.Integer" value="1"/>
            <field name="userInput" type="java.lang.Boolean" value="true"/>
            <field name="value" type="java.lang.String" value="urn:storageos:Project:fb1727d6-2532-432f-a369-3579864f3bf3:global"/>
        </record>
        <record id="urn:storageos:OrderParameter:f8913145-90ed-40f3-94f5-ad5cc2cdd90a:vdc1">
            <readOnlyField>
                <field name="class" type="java.lang.Class" value="class com.emc.storageos.db.client.model.uimodels.OrderParameter"/>
                <field name="id" type="java.net.URI" value="urn:storageos:OrderParameter:f8913145-90ed-40f3-94f5-ad5cc2cdd90a:vdc1"/>
            </readOnlyField>
            <field name="creationTime" type="java.util.Calendar" value="java.util.GregorianCalendar[time=1435593797032,areFieldsSet=true,areAllFieldsSet=true,lenient=true,zone=sun.util.calendar.ZoneInfo[id=&quot;UTC&quot;,offset=0,dstSavings=0,useDaylight=false,transitions=0,lastRule=null],firstDayOfWeek=1,minimalDaysInFirstWeek=1,ERA=1,YEAR=2015,MONTH=5,WEEK_OF_YEAR=27,WEEK_OF_MONTH=5,DAY_OF_MONTH=29,DAY_OF_YEAR=180,DAY_OF_WEEK=2,DAY_OF_WEEK_IN_MONTH=5,AM_PM=1,HOUR=4,HOUR_OF_DAY=16,MINUTE=3,SECOND=17,MILLISECOND=32,ZONE_OFFSET=0,DST_OFFSET=0]"/>
            <field name="encrypted" type="java.lang.Boolean" value="false"/>
            <field name="friendlyLabel" type="java.lang.String" value="Virtual Array"/>
            <field name="friendlyValue" type="java.lang.String" value="VNX-VA"/>
            <field name="inactive" type="java.lang.Boolean" value="false"/>
            <field name="internalFlags" type="java.lang.Long" value="0"/>
            <field name="label" type="java.lang.String" value="virtualArray"/>
            <field name="lastUpdated" type="java.util.Date" value="Mon Jun 29 16:03:17 UTC 2015"/>
            <field name="opStatus" type="com.emc.storageos.db.client.model.OpStatusMap">
                <wrapper>
                    <opStatusMap/>
                </wrapper>
            </field>
            <field name="orderId" type="java.net.URI" value="urn:storageos:Order:6070eb43-baf4-46f1-84a6-180392479358:vdc1"/>
            <field name="sortedIndex" type="java.lang.Integer" value="0"/>
            <field name="userInput" type="java.lang.Boolean" value="true"/>
            <field name="value" type="java.lang.String" value="urn:storageos:VirtualArray:6851742f-9267-4c66-a0a9-9de77c978b6a:vdc1"/>
        </record>
        <record id="urn:storageos:OrderParameter:fe8dfb9d-1031-4ab0-9991-0f416f8b377b:vdc1">
            <readOnlyField>
                <field name="class" type="java.lang.Class" value="class com.emc.storageos.db.client.model.uimodels.OrderParameter"/>
                <field name="id" type="java.net.URI" value="urn:storageos:OrderParameter:fe8dfb9d-1031-4ab0-9991-0f416f8b377b:vdc1"/>
            </readOnlyField>
            <field name="creationTime" type="java.util.Calendar" value="java.util.GregorianCalendar[time=1436984432030,areFieldsSet=true,areAllFieldsSet=true,lenient=true,zone=sun.util.calendar.ZoneInfo[id=&quot;UTC&quot;,offset=0,dstSavings=0,useDaylight=false,transitions=0,lastRule=null],firstDayOfWeek=1,minimalDaysInFirstWeek=1,ERA=1,YEAR=2015,MONTH=6,WEEK_OF_YEAR=29,WEEK_OF_MONTH=3,DAY_OF_MONTH=15,DAY_OF_YEAR=196,DAY_OF_WEEK=4,DAY_OF_WEEK_IN_MONTH=3,AM_PM=1,HOUR=6,HOUR_OF_DAY=18,MINUTE=20,SECOND=32,MILLISECOND=30,ZONE_OFFSET=0,DST_OFFSET=0]"/>
            <field name="encrypted" type="java.lang.Boolean" value="false"/>
            <field name="friendlyLabel" type="java.lang.String" value="Name"/>
            <field name="friendlyValue" type="java.lang.String" value="Order_API_Demo_001"/>
            <field name="inactive" type="java.lang.Boolean" value="false"/>
            <field name="internalFlags" type="java.lang.Long" value="0"/>
            <field name="label" type="java.lang.String" value="name"/>
            <field name="lastUpdated" type="java.util.Date" value="Wed Jul 15 18:20:32 UTC 2015"/>
            <field name="opStatus" type="com.emc.storageos.db.client.model.OpStatusMap">
                <wrapper>
                    <opStatusMap/>
                </wrapper>
            </field>
            <field name="orderId" type="java.net.URI" value="urn:storageos:Order:a8d959fd-99e0-4df1-a4ab-f0bdc289826f:vdc1"/>
            <field name="sortedIndex" type="java.lang.Integer" value="3"/>
            <field name="userInput" type="java.lang.Boolean" value="true"/>
            <field name="value" type="java.lang.String" value="Order_API_Demo_001"/>
        </record>
        <record id="urn:storageos:OrderParameter:fbc01f62-f853-45c2-b494-71a0bab1bbe2:vdc1">
            <readOnlyField>
                <field name="class" type="java.lang.Class" value="class com.emc.storageos.db.client.model.uimodels.OrderParameter"/>
                <field name="id" type="java.net.URI" value="urn:storageos:OrderParameter:fbc01f62-f853-45c2-b494-71a0bab1bbe2:vdc1"/>
            </readOnlyField>
            <field name="creationTime" type="java.util.Calendar" value="java.util.GregorianCalendar[time=1437711497177,areFieldsSet=true,areAllFieldsSet=true,lenient=true,zone=sun.util.calendar.ZoneInfo[id=&quot;UTC&quot;,offset=0,dstSavings=0,useDaylight=false,transitions=0,lastRule=null],firstDayOfWeek=1,minimalDaysInFirstWeek=1,ERA=1,YEAR=2015,MONTH=6,WEEK_OF_YEAR=30,WEEK_OF_MONTH=4,DAY_OF_MONTH=24,DAY_OF_YEAR=205,DAY_OF_WEEK=6,DAY_OF_WEEK_IN_MONTH=4,AM_PM=0,HOUR=4,HOUR_OF_DAY=4,MINUTE=18,SECOND=17,MILLISECOND=177,ZONE_OFFSET=0,DST_OFFSET=0]"/>
            <field name="encrypted" type="java.lang.Boolean" value="false"/>
            <field name="friendlyLabel" type="java.lang.String" value="Host/Cluster"/>
            <field name="friendlyValue" type="java.lang.String" value="lglbx035"/>
            <field name="inactive" type="java.lang.Boolean" value="false"/>
            <field name="internalFlags" type="java.lang.Long" value="0"/>
            <field name="label" type="java.lang.String" value="host"/>
            <field name="lastUpdated" type="java.util.Date" value="Fri Jul 24 04:18:17 UTC 2015"/>
            <field name="opStatus" type="com.emc.storageos.db.client.model.OpStatusMap">
                <wrapper>
                    <opStatusMap/>
                </wrapper>
            </field>
            <field name="orderId" type="java.net.URI" value="urn:storageos:Order:575090b6-a829-497d-bad8-ec1c1f96ddc3:vdc1"/>
            <field name="sortedIndex" type="java.lang.Integer" value="17"/>
            <field name="userInput" type="java.lang.Boolean" value="true"/>
            <field name="value" type="java.lang.String" value="urn:storageos:Host:27bed0ab-7c19-4978-ba4d-64a06a4a9862:vdc1"/>
        </record>
        <record id="urn:storageos:OrderParameter:fcb83626-0df5-4b76-9493-0fa6881dfdb7:vdc1">
            <readOnlyField>
                <field name="class" type="java.lang.Class" value="class com.emc.storageos.db.client.model.uimodels.OrderParameter"/>
                <field name="id" type="java.net.URI" value="urn:storageos:OrderParameter:fcb83626-0df5-4b76-9493-0fa6881dfdb7:vdc1"/>
            </readOnlyField>
            <field name="creationTime" type="java.util.Calendar" value="java.util.GregorianCalendar[time=1437711497001,areFieldsSet=true,areAllFieldsSet=true,lenient=true,zone=sun.util.calendar.ZoneInfo[id=&quot;UTC&quot;,offset=0,dstSavings=0,useDaylight=false,transitions=0,lastRule=null],firstDayOfWeek=1,minimalDaysInFirstWeek=1,ERA=1,YEAR=2015,MONTH=6,WEEK_OF_YEAR=30,WEEK_OF_MONTH=4,DAY_OF_MONTH=24,DAY_OF_YEAR=205,DAY_OF_WEEK=6,DAY_OF_WEEK_IN_MONTH=4,AM_PM=0,HOUR=4,HOUR_OF_DAY=4,MINUTE=18,SECOND=17,MILLISECOND=1,ZONE_OFFSET=0,DST_OFFSET=0]"/>
            <field name="encrypted" type="java.lang.Boolean" value="false"/>
            <field name="friendlyLabel" type="java.lang.String" value="Host/Cluster"/>
            <field name="friendlyValue" type="java.lang.String" value="lglbx035"/>
            <field name="inactive" type="java.lang.Boolean" value="false"/>
            <field name="internalFlags" type="java.lang.Long" value="0"/>
            <field name="label" type="java.lang.String" value="host"/>
            <field name="lastUpdated" type="java.util.Date" value="Fri Jul 24 04:18:17 UTC 2015"/>
            <field name="opStatus" type="com.emc.storageos.db.client.model.OpStatusMap">
                <wrapper>
                    <opStatusMap/>
                </wrapper>
            </field>
            <field name="orderId" type="java.net.URI" value="urn:storageos:Order:575090b6-a829-497d-bad8-ec1c1f96ddc3:vdc1"/>
            <field name="sortedIndex" type="java.lang.Integer" value="2"/>
            <field name="userInput" type="java.lang.Boolean" value="true"/>
            <field name="value" type="java.lang.String" value="urn:storageos:Host:27bed0ab-7c19-4978-ba4d-64a06a4a9862:vdc1"/>
        </record>
        <record id="urn:storageos:OrderParameter:fa4f29c7-f538-41fb-a9c2-2e871f23f73b:vdc1">
            <readOnlyField>
                <field name="class" type="java.lang.Class" value="class com.emc.storageos.db.client.model.uimodels.OrderParameter"/>
                <field name="id" type="java.net.URI" value="urn:storageos:OrderParameter:fa4f29c7-f538-41fb-a9c2-2e871f23f73b:vdc1"/>
            </readOnlyField>
            <field name="creationTime" type="java.util.Calendar" value="java.util.GregorianCalendar[time=1435179394990,areFieldsSet=true,areAllFieldsSet=true,lenient=true,zone=sun.util.calendar.ZoneInfo[id=&quot;UTC&quot;,offset=0,dstSavings=0,useDaylight=false,transitions=0,lastRule=null],firstDayOfWeek=1,minimalDaysInFirstWeek=1,ERA=1,YEAR=2015,MONTH=5,WEEK_OF_YEAR=26,WEEK_OF_MONTH=4,DAY_OF_MONTH=24,DAY_OF_YEAR=175,DAY_OF_WEEK=4,DAY_OF_WEEK_IN_MONTH=4,AM_PM=1,HOUR=8,HOUR_OF_DAY=20,MINUTE=56,SECOND=34,MILLISECOND=990,ZONE_OFFSET=0,DST_OFFSET=0]"/>
            <field name="encrypted" type="java.lang.Boolean" value="false"/>
            <field name="friendlyLabel" type="java.lang.String" value="HLU"/>
            <field name="friendlyValue" type="java.lang.String" value="-1"/>
            <field name="inactive" type="java.lang.Boolean" value="false"/>
            <field name="internalFlags" type="java.lang.Long" value="0"/>
            <field name="label" type="java.lang.String" value="hlu"/>
            <field name="lastUpdated" type="java.util.Date" value="Wed Jun 24 20:56:34 UTC 2015"/>
            <field name="opStatus" type="com.emc.storageos.db.client.model.OpStatusMap">
                <wrapper>
                    <opStatusMap/>
                </wrapper>
            </field>
            <field name="orderId" type="java.net.URI" value="urn:storageos:Order:5347987e-2a09-48fa-836a-10e99a3932a1:vdc1"/>
            <field name="sortedIndex" type="java.lang.Integer" value="13"/>
            <field name="userInput" type="java.lang.Boolean" value="true"/>
            <field name="value" type="java.lang.String" value="-1"/>
        </record>
        <record id="urn:storageos:OrderParameter:fffe0f6b-1de9-4886-86b3-7d87af1ca2ab:vdc1">
            <readOnlyField>
                <field name="class" type="java.lang.Class" value="class com.emc.storageos.db.client.model.uimodels.OrderParameter"/>
                <field name="id" type="java.net.URI" value="urn:storageos:OrderParameter:fffe0f6b-1de9-4886-86b3-7d87af1ca2ab:vdc1"/>
            </readOnlyField>
            <field name="creationTime" type="java.util.Calendar" value="java.util.GregorianCalendar[time=1434738097244,areFieldsSet=true,areAllFieldsSet=true,lenient=true,zone=sun.util.calendar.ZoneInfo[id=&quot;UTC&quot;,offset=0,dstSavings=0,useDaylight=false,transitions=0,lastRule=null],firstDayOfWeek=1,minimalDaysInFirstWeek=1,ERA=1,YEAR=2015,MONTH=5,WEEK_OF_YEAR=25,WEEK_OF_MONTH=3,DAY_OF_MONTH=19,DAY_OF_YEAR=170,DAY_OF_WEEK=6,DAY_OF_WEEK_IN_MONTH=3,AM_PM=1,HOUR=6,HOUR_OF_DAY=18,MINUTE=21,SECOND=37,MILLISECOND=244,ZONE_OFFSET=0,DST_OFFSET=0]"/>
            <field name="encrypted" type="java.lang.Boolean" value="false"/>
            <field name="friendlyLabel" type="java.lang.String" value="Number Of Volumes"/>
            <field name="friendlyValue" type="java.lang.String" value="1"/>
            <field name="inactive" type="java.lang.Boolean" value="false"/>
            <field name="internalFlags" type="java.lang.Long" value="0"/>
            <field name="label" type="java.lang.String" value="numberOfVolumes"/>
            <field name="lastUpdated" type="java.util.Date" value="Fri Jun 19 18:21:37 UTC 2015"/>
            <field name="opStatus" type="com.emc.storageos.db.client.model.OpStatusMap">
                <wrapper>
                    <opStatusMap/>
                </wrapper>
            </field>
            <field name="orderId" type="java.net.URI" value="urn:storageos:Order:a301eaca-d840-4a7c-bf3d-ea6a0d3793a2:vdc1"/>
            <field name="sortedIndex" type="java.lang.Integer" value="5"/>
            <field name="userInput" type="java.lang.Boolean" value="true"/>
            <field name="value" type="java.lang.String" value="&quot;1&quot;"/>
        </record>
        <record id="urn:storageos:OrderParameter:fff2403b-9f94-4599-9463-372120402c12:vdc1">
            <readOnlyField>
                <field name="class" type="java.lang.Class" value="class com.emc.storageos.db.client.model.uimodels.OrderParameter"/>
                <field name="id" type="java.net.URI" value="urn:storageos:OrderParameter:fff2403b-9f94-4599-9463-372120402c12:vdc1"/>
            </readOnlyField>
            <field name="creationTime" type="java.util.Calendar" value="java.util.GregorianCalendar[time=1434061029923,areFieldsSet=true,areAllFieldsSet=true,lenient=true,zone=sun.util.calendar.ZoneInfo[id=&quot;UTC&quot;,offset=0,dstSavings=0,useDaylight=false,transitions=0,lastRule=null],firstDayOfWeek=1,minimalDaysInFirstWeek=1,ERA=1,YEAR=2015,MONTH=5,WEEK_OF_YEAR=24,WEEK_OF_MONTH=2,DAY_OF_MONTH=11,DAY_OF_YEAR=162,DAY_OF_WEEK=5,DAY_OF_WEEK_IN_MONTH=2,AM_PM=1,HOUR=10,HOUR_OF_DAY=22,MINUTE=17,SECOND=9,MILLISECOND=923,ZONE_OFFSET=0,DST_OFFSET=0]"/>
            <field name="encrypted" type="java.lang.Boolean" value="false"/>
            <field name="friendlyLabel" type="java.lang.String" value="Drive Label"/>
            <field name="friendlyValue" type="java.lang.String" value="Data"/>
            <field name="inactive" type="java.lang.Boolean" value="false"/>
            <field name="internalFlags" type="java.lang.Long" value="0"/>
            <field name="label" type="java.lang.String" value="label"/>
            <field name="lastUpdated" type="java.util.Date" value="Thu Jun 11 22:17:09 UTC 2015"/>
            <field name="opStatus" type="com.emc.storageos.db.client.model.OpStatusMap">
                <wrapper>
                    <opStatusMap/>
                </wrapper>
            </field>
            <field name="orderId" type="java.net.URI" value="urn:storageos:Order:476715a7-7339-42e3-a0c5-cf4decd37a81:vdc1"/>
            <field name="sortedIndex" type="java.lang.Integer" value="12"/>
            <field name="userInput" type="java.lang.Boolean" value="true"/>
            <field name="value" type="java.lang.String" value="&quot;Data&quot;"/>
        </record>
        <record id="urn:storageos:OrderParameter:faf07e05-7970-48ac-aadd-35b9b453941a:vdc1">
            <readOnlyField>
                <field name="class" type="java.lang.Class" value="class com.emc.storageos.db.client.model.uimodels.OrderParameter"/>
                <field name="id" type="java.net.URI" value="urn:storageos:OrderParameter:faf07e05-7970-48ac-aadd-35b9b453941a:vdc1"/>
            </readOnlyField>
            <field name="creationTime" type="java.util.Calendar" value="java.util.GregorianCalendar[time=1437711065006,areFieldsSet=true,areAllFieldsSet=true,lenient=true,zone=sun.util.calendar.ZoneInfo[id=&quot;UTC&quot;,offset=0,dstSavings=0,useDaylight=false,transitions=0,lastRule=null],firstDayOfWeek=1,minimalDaysInFirstWeek=1,ERA=1,YEAR=2015,MONTH=6,WEEK_OF_YEAR=30,WEEK_OF_MONTH=4,DAY_OF_MONTH=24,DAY_OF_YEAR=205,DAY_OF_WEEK=6,DAY_OF_WEEK_IN_MONTH=4,AM_PM=0,HOUR=4,HOUR_OF_DAY=4,MINUTE=11,SECOND=5,MILLISECOND=6,ZONE_OFFSET=0,DST_OFFSET=0]"/>
            <field name="encrypted" type="java.lang.Boolean" value="false"/>
            <field name="friendlyLabel" type="java.lang.String" value="Virtual Array"/>
            <field name="friendlyValue" type="java.lang.String" value="VMAX-VA"/>
            <field name="inactive" type="java.lang.Boolean" value="false"/>
            <field name="internalFlags" type="java.lang.Long" value="0"/>
            <field name="label" type="java.lang.String" value="virtualArray"/>
            <field name="lastUpdated" type="java.util.Date" value="Fri Jul 24 04:11:05 UTC 2015"/>
            <field name="opStatus" type="com.emc.storageos.db.client.model.OpStatusMap">
                <wrapper>
                    <opStatusMap/>
                </wrapper>
            </field>
            <field name="orderId" type="java.net.URI" value="urn:storageos:Order:453f2d48-dac8-4d8c-bcf8-2435e3857b4e:vdc1"/>
            <field name="sortedIndex" type="java.lang.Integer" value="19"/>
            <field name="userInput" type="java.lang.Boolean" value="true"/>
            <field name="value" type="java.lang.String" value="urn:storageos:VirtualArray:4b60b4fc-e59f-4ed4-839f-92c9932318ef:vdc1"/>
        </record>
        <record id="urn:storageos:OrderParameter:fb696d2e-bcef-4a16-958f-2cd7942e88f6:vdc1">
            <readOnlyField>
                <field name="class" type="java.lang.Class" value="class com.emc.storageos.db.client.model.uimodels.OrderParameter"/>
                <field name="id" type="java.net.URI" value="urn:storageos:OrderParameter:fb696d2e-bcef-4a16-958f-2cd7942e88f6:vdc1"/>
            </readOnlyField>
            <field name="creationTime" type="java.util.Calendar" value="java.util.GregorianCalendar[time=1442845534985,areFieldsSet=true,areAllFieldsSet=true,lenient=true,zone=sun.util.calendar.ZoneInfo[id=&quot;UTC&quot;,offset=0,dstSavings=0,useDaylight=false,transitions=0,lastRule=null],firstDayOfWeek=1,minimalDaysInFirstWeek=1,ERA=1,YEAR=2015,MONTH=8,WEEK_OF_YEAR=39,WEEK_OF_MONTH=4,DAY_OF_MONTH=21,DAY_OF_YEAR=264,DAY_OF_WEEK=2,DAY_OF_WEEK_IN_MONTH=3,AM_PM=1,HOUR=2,HOUR_OF_DAY=14,MINUTE=25,SECOND=34,MILLISECOND=985,ZONE_OFFSET=0,DST_OFFSET=0]"/>
            <field name="encrypted" type="java.lang.Boolean" value="false"/>
            <field name="friendlyLabel" type="java.lang.String" value="Virtual Array"/>
            <field name="friendlyValue" type="java.lang.String" value=""/>
            <field name="inactive" type="java.lang.Boolean" value="false"/>
            <field name="internalFlags" type="java.lang.Long" value="0"/>
            <field name="label" type="java.lang.String" value="virtualArray"/>
            <field name="lastUpdated" type="java.util.Date" value="Mon Sep 21 14:25:34 UTC 2015"/>
            <field name="opStatus" type="com.emc.storageos.db.client.model.OpStatusMap">
                <wrapper>
                    <opStatusMap/>
                </wrapper>
            </field>
            <field name="orderId" type="java.net.URI" value="urn:storageos:Order:db04b79e-e7ce-4239-a984-8fbde9e1f01c:vdc1"/>
            <field name="sortedIndex" type="java.lang.Integer" value="0"/>
            <field name="userInput" type="java.lang.Boolean" value="true"/>
        </record>
        <record id="urn:storageos:OrderParameter:fceedeaa-6d47-4156-b84f-5f162aa95bb4:vdc1">
            <readOnlyField>
                <field name="class" type="java.lang.Class" value="class com.emc.storageos.db.client.model.uimodels.OrderParameter"/>
                <field name="id" type="java.net.URI" value="urn:storageos:OrderParameter:fceedeaa-6d47-4156-b84f-5f162aa95bb4:vdc1"/>
            </readOnlyField>
            <field name="creationTime" type="java.util.Calendar" value="java.util.GregorianCalendar[time=1441163525816,areFieldsSet=true,areAllFieldsSet=true,lenient=true,zone=sun.util.calendar.ZoneInfo[id=&quot;UTC&quot;,offset=0,dstSavings=0,useDaylight=false,transitions=0,lastRule=null],firstDayOfWeek=1,minimalDaysInFirstWeek=1,ERA=1,YEAR=2015,MONTH=8,WEEK_OF_YEAR=36,WEEK_OF_MONTH=1,DAY_OF_MONTH=2,DAY_OF_YEAR=245,DAY_OF_WEEK=4,DAY_OF_WEEK_IN_MONTH=1,AM_PM=0,HOUR=3,HOUR_OF_DAY=3,MINUTE=12,SECOND=5,MILLISECOND=816,ZONE_OFFSET=0,DST_OFFSET=0]"/>
            <field name="encrypted" type="java.lang.Boolean" value="false"/>
            <field name="friendlyLabel" type="java.lang.String" value="Storage Type"/>
            <field name="friendlyValue" type="java.lang.String" value="Exclusive"/>
            <field name="inactive" type="java.lang.Boolean" value="false"/>
            <field name="internalFlags" type="java.lang.Long" value="0"/>
            <field name="label" type="java.lang.String" value="storageType"/>
            <field name="lastUpdated" type="java.util.Date" value="Wed Sep 02 03:12:05 UTC 2015"/>
            <field name="opStatus" type="com.emc.storageos.db.client.model.OpStatusMap">
                <wrapper>
                    <opStatusMap/>
                </wrapper>
            </field>
            <field name="orderId" type="java.net.URI" value="urn:storageos:Order:6be1b7d0-ff44-4564-ad1f-7c95b0f7ddc5:vdc1"/>
            <field name="sortedIndex" type="java.lang.Integer" value="0"/>
            <field name="userInput" type="java.lang.Boolean" value="true"/>
            <field name="value" type="java.lang.String" value="&quot;exclusive&quot;"/>
        </record>
        <record id="urn:storageos:OrderParameter:f8d32de5-fb05-4f75-8626-89179a95b39c:vdc1">
            <readOnlyField>
                <field name="class" type="java.lang.Class" value="class com.emc.storageos.db.client.model.uimodels.OrderParameter"/>
                <field name="id" type="java.net.URI" value="urn:storageos:OrderParameter:f8d32de5-fb05-4f75-8626-89179a95b39c:vdc1"/>
            </readOnlyField>
            <field name="creationTime" type="java.util.Calendar" value="java.util.GregorianCalendar[time=1437711064914,areFieldsSet=true,areAllFieldsSet=true,lenient=true,zone=sun.util.calendar.ZoneInfo[id=&quot;UTC&quot;,offset=0,dstSavings=0,useDaylight=false,transitions=0,lastRule=null],firstDayOfWeek=1,minimalDaysInFirstWeek=1,ERA=1,YEAR=2015,MONTH=6,WEEK_OF_YEAR=30,WEEK_OF_MONTH=4,DAY_OF_MONTH=24,DAY_OF_YEAR=205,DAY_OF_WEEK=6,DAY_OF_WEEK_IN_MONTH=4,AM_PM=0,HOUR=4,HOUR_OF_DAY=4,MINUTE=11,SECOND=4,MILLISECOND=914,ZONE_OFFSET=0,DST_OFFSET=0]"/>
            <field name="encrypted" type="java.lang.Boolean" value="false"/>
            <field name="friendlyLabel" type="java.lang.String" value="Virtual Array"/>
            <field name="friendlyValue" type="java.lang.String" value="VMAX-VA"/>
            <field name="inactive" type="java.lang.Boolean" value="false"/>
            <field name="internalFlags" type="java.lang.Long" value="0"/>
            <field name="label" type="java.lang.String" value="virtualArray"/>
            <field name="lastUpdated" type="java.util.Date" value="Fri Jul 24 04:11:04 UTC 2015"/>
            <field name="opStatus" type="com.emc.storageos.db.client.model.OpStatusMap">
                <wrapper>
                    <opStatusMap/>
                </wrapper>
            </field>
            <field name="orderId" type="java.net.URI" value="urn:storageos:Order:453f2d48-dac8-4d8c-bcf8-2435e3857b4e:vdc1"/>
            <field name="sortedIndex" type="java.lang.Integer" value="13"/>
            <field name="userInput" type="java.lang.Boolean" value="true"/>
            <field name="value" type="java.lang.String" value="urn:storageos:VirtualArray:4b60b4fc-e59f-4ed4-839f-92c9932318ef:vdc1"/>
        </record>
        <record id="urn:storageos:OrderParameter:fbc6d243-f671-465e-9ae1-b67eb6f05b86:vdc1">
            <readOnlyField>
                <field name="class" type="java.lang.Class" value="class com.emc.storageos.db.client.model.uimodels.OrderParameter"/>
                <field name="id" type="java.net.URI" value="urn:storageos:OrderParameter:fbc6d243-f671-465e-9ae1-b67eb6f05b86:vdc1"/>
            </readOnlyField>
            <field name="creationTime" type="java.util.Calendar" value="java.util.GregorianCalendar[time=1437711504089,areFieldsSet=true,areAllFieldsSet=true,lenient=true,zone=sun.util.calendar.ZoneInfo[id=&quot;UTC&quot;,offset=0,dstSavings=0,useDaylight=false,transitions=0,lastRule=null],firstDayOfWeek=1,minimalDaysInFirstWeek=1,ERA=1,YEAR=2015,MONTH=6,WEEK_OF_YEAR=30,WEEK_OF_MONTH=4,DAY_OF_MONTH=24,DAY_OF_YEAR=205,DAY_OF_WEEK=6,DAY_OF_WEEK_IN_MONTH=4,AM_PM=0,HOUR=4,HOUR_OF_DAY=4,MINUTE=18,SECOND=24,MILLISECOND=89,ZONE_OFFSET=0,DST_OFFSET=0]"/>
            <field name="encrypted" type="java.lang.Boolean" value="false"/>
            <field name="friendlyLabel" type="java.lang.String" value="Size (GB)"/>
            <field name="friendlyValue" type="java.lang.String" value="2"/>
            <field name="inactive" type="java.lang.Boolean" value="false"/>
            <field name="internalFlags" type="java.lang.Long" value="0"/>
            <field name="label" type="java.lang.String" value="size"/>
            <field name="lastUpdated" type="java.util.Date" value="Fri Jul 24 04:18:24 UTC 2015"/>
            <field name="opStatus" type="com.emc.storageos.db.client.model.OpStatusMap">
                <wrapper>
                    <opStatusMap/>
                </wrapper>
            </field>
            <field name="orderId" type="java.net.URI" value="urn:storageos:Order:ffb0b108-65de-4ac8-b565-8f4f5ee2a965:vdc1"/>
            <field name="sortedIndex" type="java.lang.Integer" value="15"/>
            <field name="userInput" type="java.lang.Boolean" value="true"/>
            <field name="value" type="java.lang.String" value="2"/>
        </record>
        <record id="urn:storageos:OrderParameter:fca3c436-9796-4f5c-b185-f531c1446631:vdc1">
            <readOnlyField>
                <field name="class" type="java.lang.Class" value="class com.emc.storageos.db.client.model.uimodels.OrderParameter"/>
                <field name="id" type="java.net.URI" value="urn:storageos:OrderParameter:fca3c436-9796-4f5c-b185-f531c1446631:vdc1"/>
            </readOnlyField>
            <field name="creationTime" type="java.util.Calendar" value="java.util.GregorianCalendar[time=1434462783773,areFieldsSet=true,areAllFieldsSet=true,lenient=true,zone=sun.util.calendar.ZoneInfo[id=&quot;UTC&quot;,offset=0,dstSavings=0,useDaylight=false,transitions=0,lastRule=null],firstDayOfWeek=1,minimalDaysInFirstWeek=1,ERA=1,YEAR=2015,MONTH=5,WEEK_OF_YEAR=25,WEEK_OF_MONTH=3,DAY_OF_MONTH=16,DAY_OF_YEAR=167,DAY_OF_WEEK=3,DAY_OF_WEEK_IN_MONTH=3,AM_PM=1,HOUR=1,HOUR_OF_DAY=13,MINUTE=53,SECOND=3,MILLISECOND=773,ZONE_OFFSET=0,DST_OFFSET=0]"/>
            <field name="encrypted" type="java.lang.Boolean" value="false"/>
            <field name="friendlyLabel" type="java.lang.String" value="Multipath Policy"/>
            <field name="friendlyValue" type="java.lang.String" value="Default"/>
            <field name="inactive" type="java.lang.Boolean" value="false"/>
            <field name="internalFlags" type="java.lang.Long" value="0"/>
            <field name="label" type="java.lang.String" value="multipathPolicy"/>
            <field name="lastUpdated" type="java.util.Date" value="Tue Jun 16 13:53:03 UTC 2015"/>
            <field name="opStatus" type="com.emc.storageos.db.client.model.OpStatusMap">
                <wrapper>
                    <opStatusMap/>
                </wrapper>
            </field>
            <field name="orderId" type="java.net.URI" value="urn:storageos:Order:3de182f6-cabc-4dd1-b835-aeb0fa6dd410:vdc1"/>
            <field name="sortedIndex" type="java.lang.Integer" value="11"/>
            <field name="userInput" type="java.lang.Boolean" value="true"/>
            <field name="value" type="java.lang.String" value="&quot;DEFAULT&quot;"/>
        </record>
        <record id="urn:storageos:OrderParameter:fa16fa6e-053b-491e-b5a7-c759a055c25b:vdc1">
            <readOnlyField>
                <field name="class" type="java.lang.Class" value="class com.emc.storageos.db.client.model.uimodels.OrderParameter"/>
                <field name="id" type="java.net.URI" value="urn:storageos:OrderParameter:fa16fa6e-053b-491e-b5a7-c759a055c25b:vdc1"/>
            </readOnlyField>
            <field name="creationTime" type="java.util.Calendar" value="java.util.GregorianCalendar[time=1444169599137,areFieldsSet=true,areAllFieldsSet=true,lenient=true,zone=sun.util.calendar.ZoneInfo[id=&quot;UTC&quot;,offset=0,dstSavings=0,useDaylight=false,transitions=0,lastRule=null],firstDayOfWeek=1,minimalDaysInFirstWeek=1,ERA=1,YEAR=2015,MONTH=9,WEEK_OF_YEAR=41,WEEK_OF_MONTH=2,DAY_OF_MONTH=6,DAY_OF_YEAR=279,DAY_OF_WEEK=3,DAY_OF_WEEK_IN_MONTH=1,AM_PM=1,HOUR=10,HOUR_OF_DAY=22,MINUTE=13,SECOND=19,MILLISECOND=137,ZONE_OFFSET=0,DST_OFFSET=0]"/>
            <field name="encrypted" type="java.lang.Boolean" value="false"/>
            <field name="friendlyLabel" type="java.lang.String" value="Name"/>
            <field name="friendlyValue" type="java.lang.String" value="test234"/>
            <field name="inactive" type="java.lang.Boolean" value="false"/>
            <field name="internalFlags" type="java.lang.Long" value="0"/>
            <field name="label" type="java.lang.String" value="name"/>
            <field name="lastUpdated" type="java.util.Date" value="Tue Oct 06 22:13:19 UTC 2015"/>
            <field name="opStatus" type="com.emc.storageos.db.client.model.OpStatusMap">
                <wrapper>
                    <opStatusMap/>
                </wrapper>
            </field>
            <field name="orderId" type="java.net.URI" value="urn:storageos:Order:d0d5fc8a-5036-4c9a-aaf3-66efafc5a74f:vdc1"/>
            <field name="sortedIndex" type="java.lang.Integer" value="3"/>
            <field name="userInput" type="java.lang.Boolean" value="true"/>
            <field name="value" type="java.lang.String" value="&quot;test234&quot;"/>
        </record>
        <record id="urn:storageos:OrderParameter:fb42c581-a302-4c1f-9d92-e14b754978a1:vdc1">
            <readOnlyField>
                <field name="class" type="java.lang.Class" value="class com.emc.storageos.db.client.model.uimodels.OrderParameter"/>
                <field name="id" type="java.net.URI" value="urn:storageos:OrderParameter:fb42c581-a302-4c1f-9d92-e14b754978a1:vdc1"/>
            </readOnlyField>
            <field name="creationTime" type="java.util.Calendar" value="java.util.GregorianCalendar[time=1437665236418,areFieldsSet=true,areAllFieldsSet=true,lenient=true,zone=sun.util.calendar.ZoneInfo[id=&quot;UTC&quot;,offset=0,dstSavings=0,useDaylight=false,transitions=0,lastRule=null],firstDayOfWeek=1,minimalDaysInFirstWeek=1,ERA=1,YEAR=2015,MONTH=6,WEEK_OF_YEAR=30,WEEK_OF_MONTH=4,DAY_OF_MONTH=23,DAY_OF_YEAR=204,DAY_OF_WEEK=5,DAY_OF_WEEK_IN_MONTH=4,AM_PM=1,HOUR=3,HOUR_OF_DAY=15,MINUTE=27,SECOND=16,MILLISECOND=418,ZONE_OFFSET=0,DST_OFFSET=0]"/>
            <field name="encrypted" type="java.lang.Boolean" value="false"/>
            <field name="friendlyLabel" type="java.lang.String" value="Name"/>
            <field name="friendlyValue" type="java.lang.String" value="amadeus-VMAX-VA"/>
            <field name="inactive" type="java.lang.Boolean" value="false"/>
            <field name="internalFlags" type="java.lang.Long" value="0"/>
            <field name="label" type="java.lang.String" value="name"/>
            <field name="lastUpdated" type="java.util.Date" value="Thu Jul 23 15:27:16 UTC 2015"/>
            <field name="opStatus" type="com.emc.storageos.db.client.model.OpStatusMap">
                <wrapper>
                    <opStatusMap/>
                </wrapper>
            </field>
            <field name="orderId" type="java.net.URI" value="urn:storageos:Order:1aca47ad-6f61-45c2-bb2b-a38a34d6bfab:vdc1"/>
            <field name="sortedIndex" type="java.lang.Integer" value="5"/>
            <field name="userInput" type="java.lang.Boolean" value="true"/>
            <field name="value" type="java.lang.String" value="amadeus-VMAX-VA"/>
        </record>
        <record id="urn:storageos:OrderParameter:fcae9ad5-1249-4b82-aa70-476dddabff92:vdc1">
            <readOnlyField>
                <field name="class" type="java.lang.Class" value="class com.emc.storageos.db.client.model.uimodels.OrderParameter"/>
                <field name="id" type="java.net.URI" value="urn:storageos:OrderParameter:fcae9ad5-1249-4b82-aa70-476dddabff92:vdc1"/>
            </readOnlyField>
            <field name="creationTime" type="java.util.Calendar" value="java.util.GregorianCalendar[time=1447390021892,areFieldsSet=true,areAllFieldsSet=true,lenient=true,zone=sun.util.calendar.ZoneInfo[id=&quot;UTC&quot;,offset=0,dstSavings=0,useDaylight=false,transitions=0,lastRule=null],firstDayOfWeek=1,minimalDaysInFirstWeek=1,ERA=1,YEAR=2015,MONTH=10,WEEK_OF_YEAR=46,WEEK_OF_MONTH=2,DAY_OF_MONTH=13,DAY_OF_YEAR=317,DAY_OF_WEEK=6,DAY_OF_WEEK_IN_MONTH=2,AM_PM=0,HOUR=4,HOUR_OF_DAY=4,MINUTE=47,SECOND=1,MILLISECOND=892,ZONE_OFFSET=0,DST_OFFSET=0]"/>
            <field name="encrypted" type="java.lang.Boolean" value="false"/>
            <field name="friendlyLabel" type="java.lang.String" value="Name"/>
            <field name="friendlyValue" type="java.lang.String" value="test11121146"/>
            <field name="inactive" type="java.lang.Boolean" value="false"/>
            <field name="internalFlags" type="java.lang.Long" value="0"/>
            <field name="label" type="java.lang.String" value="name"/>
            <field name="lastUpdated" type="java.util.Date" value="Fri Nov 13 04:47:01 UTC 2015"/>
            <field name="opStatus" type="com.emc.storageos.db.client.model.OpStatusMap">
                <wrapper>
                    <opStatusMap/>
                </wrapper>
            </field>
            <field name="orderId" type="java.net.URI" value="urn:storageos:Order:f9e59e22-1e37-40cc-8ba8-dce693829136:vdc1"/>
            <field name="sortedIndex" type="java.lang.Integer" value="4"/>
            <field name="userInput" type="java.lang.Boolean" value="true"/>
            <field name="value" type="java.lang.String" value="test11121146"/>
        </record>
        <record id="urn:storageos:OrderParameter:f9c89617-270f-4aad-85cd-fa9ddccf2b9d:vdc1">
            <readOnlyField>
                <field name="class" type="java.lang.Class" value="class com.emc.storageos.db.client.model.uimodels.OrderParameter"/>
                <field name="id" type="java.net.URI" value="urn:storageos:OrderParameter:f9c89617-270f-4aad-85cd-fa9ddccf2b9d:vdc1"/>
            </readOnlyField>
            <field name="creationTime" type="java.util.Calendar" value="java.util.GregorianCalendar[time=1437422728890,areFieldsSet=true,areAllFieldsSet=true,lenient=true,zone=sun.util.calendar.ZoneInfo[id=&quot;UTC&quot;,offset=0,dstSavings=0,useDaylight=false,transitions=0,lastRule=null],firstDayOfWeek=1,minimalDaysInFirstWeek=1,ERA=1,YEAR=2015,MONTH=6,WEEK_OF_YEAR=30,WEEK_OF_MONTH=4,DAY_OF_MONTH=20,DAY_OF_YEAR=201,DAY_OF_WEEK=2,DAY_OF_WEEK_IN_MONTH=3,AM_PM=1,HOUR=8,HOUR_OF_DAY=20,MINUTE=5,SECOND=28,MILLISECOND=890,ZONE_OFFSET=0,DST_OFFSET=0]"/>
            <field name="encrypted" type="java.lang.Boolean" value="false"/>
            <field name="friendlyLabel" type="java.lang.String" value="Project"/>
            <field name="friendlyValue" type="java.lang.String" value="StateStreet project"/>
            <field name="inactive" type="java.lang.Boolean" value="false"/>
            <field name="internalFlags" type="java.lang.Long" value="0"/>
            <field name="label" type="java.lang.String" value="project"/>
            <field name="lastUpdated" type="java.util.Date" value="Mon Jul 20 20:05:28 UTC 2015"/>
            <field name="opStatus" type="com.emc.storageos.db.client.model.OpStatusMap">
                <wrapper>
                    <opStatusMap/>
                </wrapper>
            </field>
            <field name="orderId" type="java.net.URI" value="urn:storageos:Order:58a463e4-0a52-44dc-9d04-a687c59f9633:vdc1"/>
            <field name="sortedIndex" type="java.lang.Integer" value="0"/>
            <field name="userInput" type="java.lang.Boolean" value="true"/>
            <field name="value" type="java.lang.String" value="urn:storageos:Project:ed280a9d-43fe-443b-be0a-9a1af84a32e8:global"/>
        </record>
        <record id="urn:storageos:OrderParameter:fb3cb513-d034-4584-9da0-aef86f518627:vdc1">
            <readOnlyField>
                <field name="class" type="java.lang.Class" value="class com.emc.storageos.db.client.model.uimodels.OrderParameter"/>
                <field name="id" type="java.net.URI" value="urn:storageos:OrderParameter:fb3cb513-d034-4584-9da0-aef86f518627:vdc1"/>
            </readOnlyField>
            <field name="creationTime" type="java.util.Calendar" value="java.util.GregorianCalendar[time=1437424460453,areFieldsSet=true,areAllFieldsSet=true,lenient=true,zone=sun.util.calendar.ZoneInfo[id=&quot;UTC&quot;,offset=0,dstSavings=0,useDaylight=false,transitions=0,lastRule=null],firstDayOfWeek=1,minimalDaysInFirstWeek=1,ERA=1,YEAR=2015,MONTH=6,WEEK_OF_YEAR=30,WEEK_OF_MONTH=4,DAY_OF_MONTH=20,DAY_OF_YEAR=201,DAY_OF_WEEK=2,DAY_OF_WEEK_IN_MONTH=3,AM_PM=1,HOUR=8,HOUR_OF_DAY=20,MINUTE=34,SECOND=20,MILLISECOND=453,ZONE_OFFSET=0,DST_OFFSET=0]"/>
            <field name="encrypted" type="java.lang.Boolean" value="false"/>
            <field name="friendlyLabel" type="java.lang.String" value="Mount Point"/>
            <field name="friendlyValue" type="java.lang.String" value=""/>
            <field name="inactive" type="java.lang.Boolean" value="false"/>
            <field name="internalFlags" type="java.lang.Long" value="0"/>
            <field name="label" type="java.lang.String" value="mountPoint"/>
            <field name="lastUpdated" type="java.util.Date" value="Mon Jul 20 20:34:20 UTC 2015"/>
            <field name="opStatus" type="com.emc.storageos.db.client.model.OpStatusMap">
                <wrapper>
                    <opStatusMap/>
                </wrapper>
            </field>
            <field name="orderId" type="java.net.URI" value="urn:storageos:Order:2c8d184a-fd88-4cd7-bd28-b6a22de53291:vdc1"/>
            <field name="sortedIndex" type="java.lang.Integer" value="8"/>
            <field name="userInput" type="java.lang.Boolean" value="true"/>
            <field name="value" type="java.lang.String" value="&quot;&quot;"/>
        </record>
        <record id="urn:storageos:OrderParameter:ff54f710-b0af-43cb-b446-09b777d8868e:vdc1">
            <readOnlyField>
                <field name="class" type="java.lang.Class" value="class com.emc.storageos.db.client.model.uimodels.OrderParameter"/>
                <field name="id" type="java.net.URI" value="urn:storageos:OrderParameter:ff54f710-b0af-43cb-b446-09b777d8868e:vdc1"/>
            </readOnlyField>
            <field name="creationTime" type="java.util.Calendar" value="java.util.GregorianCalendar[time=1442845535048,areFieldsSet=true,areAllFieldsSet=true,lenient=true,zone=sun.util.calendar.ZoneInfo[id=&quot;UTC&quot;,offset=0,dstSavings=0,useDaylight=false,transitions=0,lastRule=null],firstDayOfWeek=1,minimalDaysInFirstWeek=1,ERA=1,YEAR=2015,MONTH=8,WEEK_OF_YEAR=39,WEEK_OF_MONTH=4,DAY_OF_MONTH=21,DAY_OF_YEAR=264,DAY_OF_WEEK=2,DAY_OF_WEEK_IN_MONTH=3,AM_PM=1,HOUR=2,HOUR_OF_DAY=14,MINUTE=25,SECOND=35,MILLISECOND=48,ZONE_OFFSET=0,DST_OFFSET=0]"/>
            <field name="encrypted" type="java.lang.Boolean" value="false"/>
            <field name="friendlyLabel" type="java.lang.String" value="Virtual Pool"/>
            <field name="friendlyValue" type="java.lang.String" value="urn:storageos:VirtualPool:613a811c-0248-4e83-a35e-b04c973e840f:vdc1"/>
            <field name="inactive" type="java.lang.Boolean" value="false"/>
            <field name="internalFlags" type="java.lang.Long" value="0"/>
            <field name="label" type="java.lang.String" value="virtualPool"/>
            <field name="lastUpdated" type="java.util.Date" value="Mon Sep 21 14:25:35 UTC 2015"/>
            <field name="opStatus" type="com.emc.storageos.db.client.model.OpStatusMap">
                <wrapper>
                    <opStatusMap/>
                </wrapper>
            </field>
            <field name="orderId" type="java.net.URI" value="urn:storageos:Order:db04b79e-e7ce-4239-a984-8fbde9e1f01c:vdc1"/>
            <field name="sortedIndex" type="java.lang.Integer" value="1"/>
            <field name="userInput" type="java.lang.Boolean" value="true"/>
            <field name="value" type="java.lang.String" value="urn:storageos:VirtualPool:613a811c-0248-4e83-a35e-b04c973e840f:vdc1"/>
        </record>
        <record id="urn:storageos:OrderParameter:ff0c8c62-2f52-4588-83ca-19e33261297f:vdc1">
            <readOnlyField>
                <field name="class" type="java.lang.Class" value="class com.emc.storageos.db.client.model.uimodels.OrderParameter"/>
                <field name="id" type="java.net.URI" value="urn:storageos:OrderParameter:ff0c8c62-2f52-4588-83ca-19e33261297f:vdc1"/>
            </readOnlyField>
            <field name="creationTime" type="java.util.Calendar" value="java.util.GregorianCalendar[time=1447351694749,areFieldsSet=true,areAllFieldsSet=true,lenient=true,zone=sun.util.calendar.ZoneInfo[id=&quot;UTC&quot;,offset=0,dstSavings=0,useDaylight=false,transitions=0,lastRule=null],firstDayOfWeek=1,minimalDaysInFirstWeek=1,ERA=1,YEAR=2015,MONTH=10,WEEK_OF_YEAR=46,WEEK_OF_MONTH=2,DAY_OF_MONTH=12,DAY_OF_YEAR=316,DAY_OF_WEEK=5,DAY_OF_WEEK_IN_MONTH=2,AM_PM=1,HOUR=6,HOUR_OF_DAY=18,MINUTE=8,SECOND=14,MILLISECOND=749,ZONE_OFFSET=0,DST_OFFSET=0]"/>
            <field name="encrypted" type="java.lang.Boolean" value="false"/>
            <field name="friendlyLabel" type="java.lang.String" value="Project"/>
            <field name="friendlyValue" type="java.lang.String" value="ServiceNow"/>
            <field name="inactive" type="java.lang.Boolean" value="false"/>
            <field name="internalFlags" type="java.lang.Long" value="0"/>
            <field name="label" type="java.lang.String" value="project"/>
            <field name="lastUpdated" type="java.util.Date" value="Thu Nov 12 18:08:14 UTC 2015"/>
            <field name="opStatus" type="com.emc.storageos.db.client.model.OpStatusMap">
                <wrapper>
                    <opStatusMap/>
                </wrapper>
            </field>
            <field name="orderId" type="java.net.URI" value="urn:storageos:Order:49d8909a-9ba5-4e5a-8941-40710f17467f:vdc1"/>
            <field name="sortedIndex" type="java.lang.Integer" value="0"/>
            <field name="userInput" type="java.lang.Boolean" value="true"/>
            <field name="value" type="java.lang.String" value="urn:storageos:Project:8c86eea8-b761-467e-b9fa-bed080701b20:global"/>
        </record>
        <record id="urn:storageos:OrderParameter:f9122149-7e56-4f3d-ba31-db63bafa9b60:vdc1">
            <readOnlyField>
                <field name="class" type="java.lang.Class" value="class com.emc.storageos.db.client.model.uimodels.OrderParameter"/>
                <field name="id" type="java.net.URI" value="urn:storageos:OrderParameter:f9122149-7e56-4f3d-ba31-db63bafa9b60:vdc1"/>
            </readOnlyField>
            <field name="creationTime" type="java.util.Calendar" value="java.util.GregorianCalendar[time=1447345230771,areFieldsSet=true,areAllFieldsSet=true,lenient=true,zone=sun.util.calendar.ZoneInfo[id=&quot;UTC&quot;,offset=0,dstSavings=0,useDaylight=false,transitions=0,lastRule=null],firstDayOfWeek=1,minimalDaysInFirstWeek=1,ERA=1,YEAR=2015,MONTH=10,WEEK_OF_YEAR=46,WEEK_OF_MONTH=2,DAY_OF_MONTH=12,DAY_OF_YEAR=316,DAY_OF_WEEK=5,DAY_OF_WEEK_IN_MONTH=2,AM_PM=1,HOUR=4,HOUR_OF_DAY=16,MINUTE=20,SECOND=30,MILLISECOND=771,ZONE_OFFSET=0,DST_OFFSET=0]"/>
            <field name="encrypted" type="java.lang.Boolean" value="false"/>
            <field name="friendlyLabel" type="java.lang.String" value="Storage Type"/>
            <field name="friendlyValue" type="java.lang.String" value="Exclusive"/>
            <field name="inactive" type="java.lang.Boolean" value="false"/>
            <field name="internalFlags" type="java.lang.Long" value="0"/>
            <field name="label" type="java.lang.String" value="storageType"/>
            <field name="lastUpdated" type="java.util.Date" value="Thu Nov 12 16:20:30 UTC 2015"/>
            <field name="opStatus" type="com.emc.storageos.db.client.model.OpStatusMap">
                <wrapper>
                    <opStatusMap/>
                </wrapper>
            </field>
            <field name="orderId" type="java.net.URI" value="urn:storageos:Order:de1f9c26-0b21-41e7-860e-769d785b5950:vdc1"/>
            <field name="sortedIndex" type="java.lang.Integer" value="6"/>
            <field name="userInput" type="java.lang.Boolean" value="true"/>
            <field name="value" type="java.lang.String" value="exclusive"/>
        </record>
        <record id="urn:storageos:OrderParameter:fe07cae6-e4a3-4988-bb21-60f2109293ab:vdc1">
            <readOnlyField>
                <field name="class" type="java.lang.Class" value="class com.emc.storageos.db.client.model.uimodels.OrderParameter"/>
                <field name="id" type="java.net.URI" value="urn:storageos:OrderParameter:fe07cae6-e4a3-4988-bb21-60f2109293ab:vdc1"/>
            </readOnlyField>
            <field name="creationTime" type="java.util.Calendar" value="java.util.GregorianCalendar[time=1434645963162,areFieldsSet=true,areAllFieldsSet=true,lenient=true,zone=sun.util.calendar.ZoneInfo[id=&quot;UTC&quot;,offset=0,dstSavings=0,useDaylight=false,transitions=0,lastRule=null],firstDayOfWeek=1,minimalDaysInFirstWeek=1,ERA=1,YEAR=2015,MONTH=5,WEEK_OF_YEAR=25,WEEK_OF_MONTH=3,DAY_OF_MONTH=18,DAY_OF_YEAR=169,DAY_OF_WEEK=5,DAY_OF_WEEK_IN_MONTH=3,AM_PM=1,HOUR=4,HOUR_OF_DAY=16,MINUTE=46,SECOND=3,MILLISECOND=162,ZONE_OFFSET=0,DST_OFFSET=0]"/>
            <field name="encrypted" type="java.lang.Boolean" value="false"/>
            <field name="friendlyLabel" type="java.lang.String" value="Project"/>
            <field name="friendlyValue" type="java.lang.String" value="StateStreet project"/>
            <field name="inactive" type="java.lang.Boolean" value="false"/>
            <field name="internalFlags" type="java.lang.Long" value="0"/>
            <field name="label" type="java.lang.String" value="project"/>
            <field name="lastUpdated" type="java.util.Date" value="Thu Jun 18 16:46:03 UTC 2015"/>
            <field name="opStatus" type="com.emc.storageos.db.client.model.OpStatusMap">
                <wrapper>
                    <opStatusMap/>
                </wrapper>
            </field>
            <field name="orderId" type="java.net.URI" value="urn:storageos:Order:38e49933-76c0-46b3-a1f7-bde6920d2c58:vdc1"/>
            <field name="sortedIndex" type="java.lang.Integer" value="2"/>
            <field name="userInput" type="java.lang.Boolean" value="true"/>
            <field name="value" type="java.lang.String" value="&quot;urn:storageos:Project:ed280a9d-43fe-443b-be0a-9a1af84a32e8:global&quot;"/>
        </record>
        <record id="urn:storageos:OrderParameter:fb67d6a8-ed87-4005-b6d6-f92a2eff5381:vdc1">
            <readOnlyField>
                <field name="class" type="java.lang.Class" value="class com.emc.storageos.db.client.model.uimodels.OrderParameter"/>
                <field name="id" type="java.net.URI" value="urn:storageos:OrderParameter:fb67d6a8-ed87-4005-b6d6-f92a2eff5381:vdc1"/>
            </readOnlyField>
            <field name="creationTime" type="java.util.Calendar" value="java.util.GregorianCalendar[time=1437710850434,areFieldsSet=true,areAllFieldsSet=true,lenient=true,zone=sun.util.calendar.ZoneInfo[id=&quot;UTC&quot;,offset=0,dstSavings=0,useDaylight=false,transitions=0,lastRule=null],firstDayOfWeek=1,minimalDaysInFirstWeek=1,ERA=1,YEAR=2015,MONTH=6,WEEK_OF_YEAR=30,WEEK_OF_MONTH=4,DAY_OF_MONTH=24,DAY_OF_YEAR=205,DAY_OF_WEEK=6,DAY_OF_WEEK_IN_MONTH=4,AM_PM=0,HOUR=4,HOUR_OF_DAY=4,MINUTE=7,SECOND=30,MILLISECOND=434,ZONE_OFFSET=0,DST_OFFSET=0]"/>
            <field name="encrypted" type="java.lang.Boolean" value="false"/>
            <field name="friendlyLabel" type="java.lang.String" value="Virtual Array"/>
            <field name="friendlyValue" type="java.lang.String" value="VNX-VA"/>
            <field name="inactive" type="java.lang.Boolean" value="false"/>
            <field name="internalFlags" type="java.lang.Long" value="0"/>
            <field name="label" type="java.lang.String" value="virtualArray"/>
            <field name="lastUpdated" type="java.util.Date" value="Fri Jul 24 04:07:30 UTC 2015"/>
            <field name="opStatus" type="com.emc.storageos.db.client.model.OpStatusMap">
                <wrapper>
                    <opStatusMap/>
                </wrapper>
            </field>
            <field name="orderId" type="java.net.URI" value="urn:storageos:Order:a9e31df9-854c-4f91-b7fe-b1e156356e45:vdc1"/>
            <field name="sortedIndex" type="java.lang.Integer" value="7"/>
            <field name="userInput" type="java.lang.Boolean" value="true"/>
            <field name="value" type="java.lang.String" value="urn:storageos:VirtualArray:6851742f-9267-4c66-a0a9-9de77c978b6a:vdc1"/>
        </record>
        <record id="urn:storageos:OrderParameter:ff82814d-771b-4088-8525-a4b066d35eb5:vdc1">
            <readOnlyField>
                <field name="class" type="java.lang.Class" value="class com.emc.storageos.db.client.model.uimodels.OrderParameter"/>
                <field name="id" type="java.net.URI" value="urn:storageos:OrderParameter:ff82814d-771b-4088-8525-a4b066d35eb5:vdc1"/>
            </readOnlyField>
            <field name="creationTime" type="java.util.Calendar" value="java.util.GregorianCalendar[time=1444169599173,areFieldsSet=true,areAllFieldsSet=true,lenient=true,zone=sun.util.calendar.ZoneInfo[id=&quot;UTC&quot;,offset=0,dstSavings=0,useDaylight=false,transitions=0,lastRule=null],firstDayOfWeek=1,minimalDaysInFirstWeek=1,ERA=1,YEAR=2015,MONTH=9,WEEK_OF_YEAR=41,WEEK_OF_MONTH=2,DAY_OF_MONTH=6,DAY_OF_YEAR=279,DAY_OF_WEEK=3,DAY_OF_WEEK_IN_MONTH=1,AM_PM=1,HOUR=10,HOUR_OF_DAY=22,MINUTE=13,SECOND=19,MILLISECOND=173,ZONE_OFFSET=0,DST_OFFSET=0]"/>
            <field name="encrypted" type="java.lang.Boolean" value="false"/>
            <field name="friendlyLabel" type="java.lang.String" value="Size (GB)"/>
            <field name="friendlyValue" type="java.lang.String" value="1"/>
            <field name="inactive" type="java.lang.Boolean" value="false"/>
            <field name="internalFlags" type="java.lang.Long" value="0"/>
            <field name="label" type="java.lang.String" value="size"/>
            <field name="lastUpdated" type="java.util.Date" value="Tue Oct 06 22:13:19 UTC 2015"/>
            <field name="opStatus" type="com.emc.storageos.db.client.model.OpStatusMap">
                <wrapper>
                    <opStatusMap/>
                </wrapper>
            </field>
            <field name="orderId" type="java.net.URI" value="urn:storageos:Order:d0d5fc8a-5036-4c9a-aaf3-66efafc5a74f:vdc1"/>
            <field name="sortedIndex" type="java.lang.Integer" value="6"/>
            <field name="userInput" type="java.lang.Boolean" value="true"/>
            <field name="value" type="java.lang.String" value="&quot;1&quot;"/>
        </record>
        <record id="urn:storageos:OrderParameter:fb85a2ca-c135-42fb-b4ff-1255c9f42b36:vdc1">
            <readOnlyField>
                <field name="class" type="java.lang.Class" value="class com.emc.storageos.db.client.model.uimodels.OrderParameter"/>
                <field name="id" type="java.net.URI" value="urn:storageos:OrderParameter:fb85a2ca-c135-42fb-b4ff-1255c9f42b36:vdc1"/>
            </readOnlyField>
            <field name="creationTime" type="java.util.Calendar" value="java.util.GregorianCalendar[time=1439830432286,areFieldsSet=true,areAllFieldsSet=true,lenient=true,zone=sun.util.calendar.ZoneInfo[id=&quot;UTC&quot;,offset=0,dstSavings=0,useDaylight=false,transitions=0,lastRule=null],firstDayOfWeek=1,minimalDaysInFirstWeek=1,ERA=1,YEAR=2015,MONTH=7,WEEK_OF_YEAR=34,WEEK_OF_MONTH=4,DAY_OF_MONTH=17,DAY_OF_YEAR=229,DAY_OF_WEEK=2,DAY_OF_WEEK_IN_MONTH=3,AM_PM=1,HOUR=4,HOUR_OF_DAY=16,MINUTE=53,SECOND=52,MILLISECOND=286,ZONE_OFFSET=0,DST_OFFSET=0]"/>
            <field name="encrypted" type="java.lang.Boolean" value="false"/>
            <field name="friendlyLabel" type="java.lang.String" value="Storage Type"/>
            <field name="friendlyValue" type="java.lang.String" value="Exclusive"/>
            <field name="inactive" type="java.lang.Boolean" value="false"/>
            <field name="internalFlags" type="java.lang.Long" value="0"/>
            <field name="label" type="java.lang.String" value="storageType"/>
            <field name="lastUpdated" type="java.util.Date" value="Mon Aug 17 16:53:52 UTC 2015"/>
            <field name="opStatus" type="com.emc.storageos.db.client.model.OpStatusMap">
                <wrapper>
                    <opStatusMap/>
                </wrapper>
            </field>
            <field name="orderId" type="java.net.URI" value="urn:storageos:Order:128e69f5-0038-46e6-9593-fab5b5b9790d:vdc1"/>
            <field name="sortedIndex" type="java.lang.Integer" value="0"/>
            <field name="userInput" type="java.lang.Boolean" value="true"/>
            <field name="value" type="java.lang.String" value="&quot;exclusive&quot;"/>
        </record>
        <record id="urn:storageos:OrderParameter:ff14d2af-8f6e-4085-b47d-28a88b739c48:vdc1">
            <readOnlyField>
                <field name="class" type="java.lang.Class" value="class com.emc.storageos.db.client.model.uimodels.OrderParameter"/>
                <field name="id" type="java.net.URI" value="urn:storageos:OrderParameter:ff14d2af-8f6e-4085-b47d-28a88b739c48:vdc1"/>
            </readOnlyField>
            <field name="creationTime" type="java.util.Calendar" value="java.util.GregorianCalendar[time=1444164065506,areFieldsSet=true,areAllFieldsSet=true,lenient=true,zone=sun.util.calendar.ZoneInfo[id=&quot;UTC&quot;,offset=0,dstSavings=0,useDaylight=false,transitions=0,lastRule=null],firstDayOfWeek=1,minimalDaysInFirstWeek=1,ERA=1,YEAR=2015,MONTH=9,WEEK_OF_YEAR=41,WEEK_OF_MONTH=2,DAY_OF_MONTH=6,DAY_OF_YEAR=279,DAY_OF_WEEK=3,DAY_OF_WEEK_IN_MONTH=1,AM_PM=1,HOUR=8,HOUR_OF_DAY=20,MINUTE=41,SECOND=5,MILLISECOND=506,ZONE_OFFSET=0,DST_OFFSET=0]"/>
            <field name="encrypted" type="java.lang.Boolean" value="false"/>
            <field name="friendlyLabel" type="java.lang.String" value="Name"/>
            <field name="friendlyValue" type="java.lang.String" value="Test"/>
            <field name="inactive" type="java.lang.Boolean" value="false"/>
            <field name="internalFlags" type="java.lang.Long" value="0"/>
            <field name="label" type="java.lang.String" value="name"/>
            <field name="lastUpdated" type="java.util.Date" value="Tue Oct 06 20:41:05 UTC 2015"/>
            <field name="opStatus" type="com.emc.storageos.db.client.model.OpStatusMap">
                <wrapper>
                    <opStatusMap/>
                </wrapper>
            </field>
            <field name="orderId" type="java.net.URI" value="urn:storageos:Order:ed9a5c08-d325-41c8-be85-672d190de622:vdc1"/>
            <field name="sortedIndex" type="java.lang.Integer" value="3"/>
            <field name="userInput" type="java.lang.Boolean" value="true"/>
            <field name="value" type="java.lang.String" value="Test"/>
        </record>
    </data_object_schema>
</dbschemas>
