<?xml version="1.0" encoding="utf-8" standalone="no"?>
<dbschemas>
    <data_object_schema name="PasswordHistory">
        <record id="urn:storageos:PasswordHistory:svcuser:vdc1">
            <readOnlyField>
                <field name="class" type="java.lang.Class" value="class com.emc.storageos.db.client.model.PasswordHistory"/>
                <field name="id" type="java.net.URI" value="urn:storageos:PasswordHistory:svcuser:vdc1"/>
            </readOnlyField>
            <field name="creationTime" type="java.util.Calendar" value="java.util.GregorianCalendar[time=1431403152312,areFieldsSet=true,areAllFieldsSet=true,lenient=true,zone=sun.util.calendar.ZoneInfo[id=&quot;UTC&quot;,offset=0,dstSavings=0,useDaylight=false,transitions=0,lastRule=null],firstDayOfWeek=1,minimalDaysInFirstWeek=1,ERA=1,YEAR=2015,MONTH=4,WEEK_OF_YEAR=20,WEEK_OF_MONTH=3,DAY_OF_MONTH=12,DAY_OF_YEAR=132,DAY_OF_WEEK=3,DAY_OF_WEEK_IN_MONTH=2,AM_PM=0,HOUR=3,HOUR_OF_DAY=3,MINUTE=59,SECOND=12,MILLISECOND=312,ZONE_OFFSET=0,DST_OFFSET=0]"/>
            <field name="inactive" type="java.lang.Boolean" value="false"/>
            <field name="internalFlags" type="java.lang.Long" value="0"/>
            <field name="label" type="java.lang.String" value=""/>
            <field name="opStatus" type="com.emc.storageos.db.client.model.OpStatusMap">
                <wrapper>
                    <opStatusMap/>
                </wrapper>
            </field>
        </record>
        <record id="urn:storageos:PasswordHistory:proxyuser:vdc1">
            <readOnlyField>
                <field name="class" type="java.lang.Class" value="class com.emc.storageos.db.client.model.PasswordHistory"/>
                <field name="id" type="java.net.URI" value="urn:storageos:PasswordHistory:proxyuser:vdc1"/>
            </readOnlyField>
            <field name="creationTime" type="java.util.Calendar" value="java.util.GregorianCalendar[time=1431403153418,areFieldsSet=true,areAllFieldsSet=true,lenient=true,zone=sun.util.calendar.ZoneInfo[id=&quot;UTC&quot;,offset=0,dstSavings=0,useDaylight=false,transitions=0,lastRule=null],firstDayOfWeek=1,minimalDaysInFirstWeek=1,ERA=1,YEAR=2015,MONTH=4,WEEK_OF_YEAR=20,WEEK_OF_MONTH=3,DAY_OF_MONTH=12,DAY_OF_YEAR=132,DAY_OF_WEEK=3,DAY_OF_WEEK_IN_MONTH=2,AM_PM=0,HOUR=3,HOUR_OF_DAY=3,MINUTE=59,SECOND=13,MILLISECOND=418,ZONE_OFFSET=0,DST_OFFSET=0]"/>
            <field name="inactive" type="java.lang.Boolean" value="false"/>
            <field name="internalFlags" type="java.lang.Long" value="0"/>
            <field name="label" type="java.lang.String" value=""/>
            <field name="opStatus" type="com.emc.storageos.db.client.model.OpStatusMap">
                <wrapper>
                    <opStatusMap/>
                </wrapper>
            </field>
        </record>
        <record id="urn:storageos:PasswordHistory:root:vdc1">
            <readOnlyField>
                <field name="class" type="java.lang.Class" value="class com.emc.storageos.db.client.model.PasswordHistory"/>
                <field name="id" type="java.net.URI" value="urn:storageos:PasswordHistory:root:vdc1"/>
            </readOnlyField>
            <field name="creationTime" type="java.util.Calendar" value="java.util.GregorianCalendar[time=1431403136472,areFieldsSet=true,areAllFieldsSet=true,lenient=true,zone=sun.util.calendar.ZoneInfo[id=&quot;UTC&quot;,offset=0,dstSavings=0,useDaylight=false,transitions=0,lastRule=null],firstDayOfWeek=1,minimalDaysInFirstWeek=1,ERA=1,YEAR=2015,MONTH=4,WEEK_OF_YEAR=20,WEEK_OF_MONTH=3,DAY_OF_MONTH=12,DAY_OF_YEAR=132,DAY_OF_WEEK=3,DAY_OF_WEEK_IN_MONTH=2,AM_PM=0,HOUR=3,HOUR_OF_DAY=3,MINUTE=58,SECOND=56,MILLISECOND=472,ZONE_OFFSET=0,DST_OFFSET=0]"/>
            <field name="inactive" type="java.lang.Boolean" value="false"/>
            <field name="internalFlags" type="java.lang.Long" value="0"/>
            <field name="label" type="java.lang.String" value=""/>
            <field name="opStatus" type="com.emc.storageos.db.client.model.OpStatusMap">
                <wrapper>
                    <opStatusMap/>
                </wrapper>
            </field>
        </record>
        <record id="urn:storageos:PasswordHistory:sysmonitor:vdc1">
            <readOnlyField>
                <field name="class" type="java.lang.Class" value="class com.emc.storageos.db.client.model.PasswordHistory"/>
                <field name="id" type="java.net.URI" value="urn:storageos:PasswordHistory:sysmonitor:vdc1"/>
            </readOnlyField>
            <field name="creationTime" type="java.util.Calendar" value="java.util.GregorianCalendar[time=1431403141554,areFieldsSet=true,areAllFieldsSet=true,lenient=true,zone=sun.util.calendar.ZoneInfo[id=&quot;UTC&quot;,offset=0,dstSavings=0,useDaylight=false,transitions=0,lastRule=null],firstDayOfWeek=1,minimalDaysInFirstWeek=1,ERA=1,YEAR=2015,MONTH=4,WEEK_OF_YEAR=20,WEEK_OF_MONTH=3,DAY_OF_MONTH=12,DAY_OF_YEAR=132,DAY_OF_WEEK=3,DAY_OF_WEEK_IN_MONTH=2,AM_PM=0,HOUR=3,HOUR_OF_DAY=3,MINUTE=59,SECOND=1,MILLISECOND=554,ZONE_OFFSET=0,DST_OFFSET=0]"/>
            <field name="inactive" type="java.lang.Boolean" value="false"/>
            <field name="internalFlags" type="java.lang.Long" value="0"/>
            <field name="label" type="java.lang.String" value=""/>
            <field name="opStatus" type="com.emc.storageos.db.client.model.OpStatusMap">
                <wrapper>
                    <opStatusMap/>
                </wrapper>
            </field>
        </record>
    </data_object_schema>
</dbschemas>
