<?xml version="1.0" encoding="utf-8" standalone="no"?>
<dbschemas>
    <data_object_schema name="Project">
        <record id="urn:storageos:Project:8c86eea8-b761-467e-b9fa-bed080701b20:global">
            <readOnlyField>
                <field name="class" type="java.lang.Class" value="class com.emc.storageos.db.client.model.Project"/>
                <field name="id" type="java.net.URI" value="urn:storageos:Project:8c86eea8-b761-467e-b9fa-bed080701b20:global"/>
            </readOnlyField>
            <field name="acls" type="com.emc.storageos.db.client.model.StringSetMap">
                <wrapper>
                    <stringSetMap>
                        <entry>
                            <key>SID,root,urn:storageos:TenantOrg:e8cc450f-4bbe-4018-ba5c-e7f79f7e6932:global</key>
                            <value>OWN</value>
                        </entry>
                    </stringSetMap>
                </wrapper>
            </field>
            <field name="assignedVNasServers" type="com.emc.storageos.db.client.model.StringSet">
                <wrapper/>
            </field>
            <field name="creationTime" type="java.util.Calendar" value="java.util.GregorianCalendar[time=1444170052164,areFieldsSet=true,areAllFieldsSet=true,lenient=true,zone=sun.util.calendar.ZoneInfo[id=&quot;UTC&quot;,offset=0,dstSavings=0,useDaylight=false,transitions=0,lastRule=null],firstDayOfWeek=1,minimalDaysInFirstWeek=1,ERA=1,YEAR=2015,MONTH=9,WEEK_OF_YEAR=41,WEEK_OF_MONTH=2,DAY_OF_MONTH=6,DAY_OF_YEAR=279,DAY_OF_WEEK=3,DAY_OF_WEEK_IN_MONTH=1,AM_PM=1,HOUR=10,HOUR_OF_DAY=22,MINUTE=20,SECOND=52,MILLISECOND=164,ZONE_OFFSET=0,DST_OFFSET=0]"/>
            <field name="inactive" type="java.lang.Boolean" value="false"/>
            <field name="internalFlags" type="java.lang.Long" value="0"/>
            <field name="label" type="java.lang.String" value="ServiceNow"/>
            <field name="opStatus" type="com.emc.storageos.db.client.model.OpStatusMap">
                <wrapper>
                    <opStatusMap/>
                </wrapper>
            </field>
            <field name="owner" type="java.lang.String" value="root"/>
            <field name="quota" type="java.lang.Long" value="0"/>
            <field name="quotaEnabled" type="java.lang.Boolean" value="false"/>
            <field name="tenantOrg" type="com.emc.storageos.db.client.model.NamedURI" value="urn:storageos:TenantOrg:e8cc450f-4bbe-4018-ba5c-e7f79f7e6932:global:ServiceNow"/>
        </record>
        <record id="urn:storageos:Project:45a0756d-3260-42df-902b-71175e9fd8d6:global">
            <readOnlyField>
                <field name="class" type="java.lang.Class" value="class com.emc.storageos.db.client.model.Project"/>
                <field name="id" type="java.net.URI" value="urn:storageos:Project:45a0756d-3260-42df-902b-71175e9fd8d6:global"/>
            </readOnlyField>
            <field name="acls" type="com.emc.storageos.db.client.model.StringSetMap">
                <wrapper>
                    <stringSetMap>
                        <entry>
                            <key>SID,root,urn:storageos:TenantOrg:e8cc450f-4bbe-4018-ba5c-e7f79f7e6932:global</key>
                            <value>OWN</value>
                        </entry>
                    </stringSetMap>
                </wrapper>
            </field>
            <field name="assignedVNasServers" type="com.emc.storageos.db.client.model.StringSet">
                <wrapper/>
            </field>
            <field name="creationTime" type="java.util.Calendar" value="java.util.GregorianCalendar[time=1443131036046,areFieldsSet=true,areAllFieldsSet=true,lenient=true,zone=sun.util.calendar.ZoneInfo[id=&quot;UTC&quot;,offset=0,dstSavings=0,useDaylight=false,transitions=0,lastRule=null],firstDayOfWeek=1,minimalDaysInFirstWeek=1,ERA=1,YEAR=2015,MONTH=8,WEEK_OF_YEAR=39,WEEK_OF_MONTH=4,DAY_OF_MONTH=24,DAY_OF_YEAR=267,DAY_OF_WEEK=5,DAY_OF_WEEK_IN_MONTH=4,AM_PM=1,HOUR=9,HOUR_OF_DAY=21,MINUTE=43,SECOND=56,MILLISECOND=46,ZONE_OFFSET=0,DST_OFFSET=0]"/>
            <field name="inactive" type="java.lang.Boolean" value="false"/>
            <field name="internalFlags" type="java.lang.Long" value="0"/>
            <field name="label" type="java.lang.String" value="Julien"/>
            <field name="opStatus" type="com.emc.storageos.db.client.model.OpStatusMap">
                <wrapper>
                    <opStatusMap/>
                </wrapper>
            </field>
            <field name="owner" type="java.lang.String" value="root"/>
            <field name="quota" type="java.lang.Long" value="0"/>
            <field name="quotaEnabled" type="java.lang.Boolean" value="false"/>
            <field name="tenantOrg" type="com.emc.storageos.db.client.model.NamedURI" value="urn:storageos:TenantOrg:e8cc450f-4bbe-4018-ba5c-e7f79f7e6932:global:Julien"/>
        </record>
        <record id="urn:storageos:Project:fb1727d6-2532-432f-a369-3579864f3bf3:global">
            <readOnlyField>
                <field name="class" type="java.lang.Class" value="class com.emc.storageos.db.client.model.Project"/>
                <field name="id" type="java.net.URI" value="urn:storageos:Project:fb1727d6-2532-432f-a369-3579864f3bf3:global"/>
            </readOnlyField>
            <field name="acls" type="com.emc.storageos.db.client.model.StringSetMap">
                <wrapper>
                    <stringSetMap>
                        <entry>
                            <key>SID,root,urn:storageos:TenantOrg:e8cc450f-4bbe-4018-ba5c-e7f79f7e6932:global</key>
                            <value>OWN</value>
                        </entry>
                    </stringSetMap>
                </wrapper>
            </field>
            <field name="assignedVNasServers" type="com.emc.storageos.db.client.model.StringSet">
                <wrapper/>
            </field>
            <field name="creationTime" type="java.util.Calendar" value="java.util.GregorianCalendar[time=1437665184225,areFieldsSet=true,areAllFieldsSet=true,lenient=true,zone=sun.util.calendar.ZoneInfo[id=&quot;UTC&quot;,offset=0,dstSavings=0,useDaylight=false,transitions=0,lastRule=null],firstDayOfWeek=1,minimalDaysInFirstWeek=1,ERA=1,YEAR=2015,MONTH=6,WEEK_OF_YEAR=30,WEEK_OF_MONTH=4,DAY_OF_MONTH=23,DAY_OF_YEAR=204,DAY_OF_WEEK=5,DAY_OF_WEEK_IN_MONTH=4,AM_PM=1,HOUR=3,HOUR_OF_DAY=15,MINUTE=26,SECOND=24,MILLISECOND=225,ZONE_OFFSET=0,DST_OFFSET=0]"/>
            <field name="inactive" type="java.lang.Boolean" value="false"/>
            <field name="internalFlags" type="java.lang.Long" value="0"/>
            <field name="label" type="java.lang.String" value="Santiago"/>
            <field name="opStatus" type="com.emc.storageos.db.client.model.OpStatusMap">
                <wrapper>
                    <opStatusMap/>
                </wrapper>
            </field>
            <field name="owner" type="java.lang.String" value="root"/>
            <field name="quota" type="java.lang.Long" value="0"/>
            <field name="quotaEnabled" type="java.lang.Boolean" value="false"/>
            <field name="tenantOrg" type="com.emc.storageos.db.client.model.NamedURI" value="urn:storageos:TenantOrg:e8cc450f-4bbe-4018-ba5c-e7f79f7e6932:global:Santiago"/>
        </record>
        <record id="urn:storageos:Project:d196c7db-e4da-49f7-bfe3-3d177a5c5b2e:global">
            <readOnlyField>
                <field name="class" type="java.lang.Class" value="class com.emc.storageos.db.client.model.Project"/>
                <field name="id" type="java.net.URI" value="urn:storageos:Project:d196c7db-e4da-49f7-bfe3-3d177a5c5b2e:global"/>
            </readOnlyField>
            <field name="acls" type="com.emc.storageos.db.client.model.StringSetMap">
                <wrapper>
                    <stringSetMap>
                        <entry>
                            <key>SID,root,urn:storageos:TenantOrg:e8cc450f-4bbe-4018-ba5c-e7f79f7e6932:global</key>
                            <value>OWN</value>
                        </entry>
                    </stringSetMap>
                </wrapper>
            </field>
            <field name="assignedVNasServers" type="com.emc.storageos.db.client.model.StringSet">
                <wrapper/>
            </field>
            <field name="creationTime" type="java.util.Calendar" value="java.util.GregorianCalendar[time=1434733003438,areFieldsSet=true,areAllFieldsSet=true,lenient=true,zone=sun.util.calendar.ZoneInfo[id=&quot;UTC&quot;,offset=0,dstSavings=0,useDaylight=false,transitions=0,lastRule=null],firstDayOfWeek=1,minimalDaysInFirstWeek=1,ERA=1,YEAR=2015,MONTH=5,WEEK_OF_YEAR=25,WEEK_OF_MONTH=3,DAY_OF_MONTH=19,DAY_OF_YEAR=170,DAY_OF_WEEK=6,DAY_OF_WEEK_IN_MONTH=3,AM_PM=1,HOUR=4,HOUR_OF_DAY=16,MINUTE=56,SECOND=43,MILLISECOND=438,ZONE_OFFSET=0,DST_OFFSET=0]"/>
            <field name="inactive" type="java.lang.Boolean" value="false"/>
            <field name="internalFlags" type="java.lang.Long" value="0"/>
            <field name="label" type="java.lang.String" value="Project1"/>
            <field name="opStatus" type="com.emc.storageos.db.client.model.OpStatusMap">
                <wrapper>
                    <opStatusMap/>
                </wrapper>
            </field>
            <field name="owner" type="java.lang.String" value="root"/>
            <field name="quota" type="java.lang.Long" value="0"/>
            <field name="quotaEnabled" type="java.lang.Boolean" value="false"/>
            <field name="tenantOrg" type="com.emc.storageos.db.client.model.NamedURI" value="urn:storageos:TenantOrg:e8cc450f-4bbe-4018-ba5c-e7f79f7e6932:global:Project1"/>
        </record>
        <record id="urn:storageos:Project:ed280a9d-43fe-443b-be0a-9a1af84a32e8:global">
            <readOnlyField>
                <field name="class" type="java.lang.Class" value="class com.emc.storageos.db.client.model.Project"/>
                <field name="id" type="java.net.URI" value="urn:storageos:Project:ed280a9d-43fe-443b-be0a-9a1af84a32e8:global"/>
            </readOnlyField>
            <field name="acls" type="com.emc.storageos.db.client.model.StringSetMap">
                <wrapper>
                    <stringSetMap>
                        <entry>
                            <key>SID,root,urn:storageos:TenantOrg:e8cc450f-4bbe-4018-ba5c-e7f79f7e6932:global</key>
                            <value>OWN</value>
                        </entry>
                    </stringSetMap>
                </wrapper>
            </field>
            <field name="assignedVNasServers" type="com.emc.storageos.db.client.model.StringSet">
                <wrapper/>
            </field>
            <field name="creationTime" type="java.util.Calendar" value="java.util.GregorianCalendar[time=1432841226704,areFieldsSet=true,areAllFieldsSet=true,lenient=true,zone=sun.util.calendar.ZoneInfo[id=&quot;UTC&quot;,offset=0,dstSavings=0,useDaylight=false,transitions=0,lastRule=null],firstDayOfWeek=1,minimalDaysInFirstWeek=1,ERA=1,YEAR=2015,MONTH=4,WEEK_OF_YEAR=22,WEEK_OF_MONTH=5,DAY_OF_MONTH=28,DAY_OF_YEAR=148,DAY_OF_WEEK=5,DAY_OF_WEEK_IN_MONTH=4,AM_PM=1,HOUR=7,HOUR_OF_DAY=19,MINUTE=27,SECOND=6,MILLISECOND=704,ZONE_OFFSET=0,DST_OFFSET=0]"/>
            <field name="inactive" type="java.lang.Boolean" value="false"/>
            <field name="internalFlags" type="java.lang.Long" value="0"/>
            <field name="label" type="java.lang.String" value="Bank Project"/>
            <field name="opStatus" type="com.emc.storageos.db.client.model.OpStatusMap">
                <wrapper>
                    <opStatusMap/>
                </wrapper>
            </field>
            <field name="owner" type="java.lang.String" value="root"/>
            <field name="quota" type="java.lang.Long" value="0"/>
            <field name="quotaEnabled" type="java.lang.Boolean" value="false"/>
            <field name="tenantOrg" type="com.emc.storageos.db.client.model.NamedURI" value="urn:storageos:TenantOrg:e8cc450f-4bbe-4018-ba5c-e7f79f7e6932:global:Bank+Project"/>
        </record>
    </data_object_schema>
</dbschemas>
