<?xml version="1.0" encoding="utf-8" standalone="no"?>
<dbschemas>
    <data_object_schema name="PropertyListDataObject">
        <record id="urn:storageos:PropertyListDataObject:948ac158-4df9-45f5-ad75-4dd9777e389e:vdc1">
            <readOnlyField>
                <field name="class" type="java.lang.Class" value="class com.emc.storageos.db.client.model.PropertyListDataObject"/>
                <field name="id" type="java.net.URI" value="urn:storageos:PropertyListDataObject:948ac158-4df9-45f5-ad75-4dd9777e389e:vdc1"/>
            </readOnlyField>
            <field name="creationTime" type="java.util.Calendar" value="java.util.GregorianCalendar[time=1449478843236,areFieldsSet=true,areAllFieldsSet=true,lenient=true,zone=sun.util.calendar.ZoneInfo[id=&quot;UTC&quot;,offset=0,dstSavings=0,useDaylight=false,transitions=0,lastRule=null],firstDayOfWeek=1,minimalDaysInFirstWeek=1,ERA=1,YEAR=2015,MONTH=11,WEEK_OF_YEAR=50,WEEK_OF_MONTH=2,DAY_OF_MONTH=7,DAY_OF_YEAR=341,DAY_OF_WEEK=2,DAY_OF_WEEK_IN_MONTH=1,AM_PM=0,HOUR=9,HOUR_OF_DAY=9,MINUTE=0,SECOND=43,MILLISECOND=236,ZONE_OFFSET=0,DST_OFFSET=0]"/>
            <field name="inactive" type="java.lang.Boolean" value="false"/>
            <field name="internalFlags" type="java.lang.Long" value="0"/>
            <field name="label" type="java.lang.String" value=""/>
            <field name="opStatus" type="com.emc.storageos.db.client.model.OpStatusMap">
                <wrapper>
                    <opStatusMap/>
                </wrapper>
            </field>
            <field name="resourceData" type="com.emc.storageos.db.client.model.StringMap">
                <wrapper>
                    <stringMap>
                        <entry>
                            <key>numResources</key>
                            <value>1</value>
                        </entry>
                        <entry>
                            <key>type</key>
                            <value>FILESHARE</value>
                        </entry>
                        <entry>
                            <key>resourceCapacity</key>
                            <value>2048.0</value>
                        </entry>
                    </stringMap>
                </wrapper>
            </field>
            <field name="resourceType" type="java.lang.String" value="FILE_MANAGED_CAPACITY"/>
        </record>
        <record id="urn:storageos:PropertyListDataObject:bdabf75c-17f7-4d5d-904d-2d7b952dc53e:vdc1">
            <readOnlyField>
                <field name="class" type="java.lang.Class" value="class com.emc.storageos.db.client.model.PropertyListDataObject"/>
                <field name="id" type="java.net.URI" value="urn:storageos:PropertyListDataObject:bdabf75c-17f7-4d5d-904d-2d7b952dc53e:vdc1"/>
            </readOnlyField>
            <field name="creationTime" type="java.util.Calendar" value="java.util.GregorianCalendar[time=1449478843204,areFieldsSet=true,areAllFieldsSet=true,lenient=true,zone=sun.util.calendar.ZoneInfo[id=&quot;UTC&quot;,offset=0,dstSavings=0,useDaylight=false,transitions=0,lastRule=null],firstDayOfWeek=1,minimalDaysInFirstWeek=1,ERA=1,YEAR=2015,MONTH=11,WEEK_OF_YEAR=50,WEEK_OF_MONTH=2,DAY_OF_MONTH=7,DAY_OF_YEAR=341,DAY_OF_WEEK=2,DAY_OF_WEEK_IN_MONTH=1,AM_PM=0,HOUR=9,HOUR_OF_DAY=9,MINUTE=0,SECOND=43,MILLISECOND=204,ZONE_OFFSET=0,DST_OFFSET=0]"/>
            <field name="inactive" type="java.lang.Boolean" value="false"/>
            <field name="internalFlags" type="java.lang.Long" value="0"/>
            <field name="label" type="java.lang.String" value=""/>
            <field name="opStatus" type="com.emc.storageos.db.client.model.OpStatusMap">
                <wrapper>
                    <opStatusMap/>
                </wrapper>
            </field>
            <field name="resourceData" type="com.emc.storageos.db.client.model.StringMap">
                <wrapper>
                    <stringMap>
                        <entry>
                            <key>numResources</key>
                            <value>8</value>
                        </entry>
                        <entry>
                            <key>type</key>
                            <value>VOLUME</value>
                        </entry>
                        <entry>
                            <key>resourceCapacity</key>
                            <value>4.8325722112E10</value>
                        </entry>
                    </stringMap>
                </wrapper>
            </field>
            <field name="resourceType" type="java.lang.String" value="VOLUME_MANAGED_CAPACITY"/>
        </record>
        <record id="urn:storageos:PropertyListDataObject:f8b2c91c-f878-4690-a053-bec4428fa2f0:vdc1">
            <readOnlyField>
                <field name="class" type="java.lang.Class" value="class com.emc.storageos.db.client.model.PropertyListDataObject"/>
                <field name="id" type="java.net.URI" value="urn:storageos:PropertyListDataObject:f8b2c91c-f878-4690-a053-bec4428fa2f0:vdc1"/>
            </readOnlyField>
            <field name="creationTime" type="java.util.Calendar" value="java.util.GregorianCalendar[time=1449478843378,areFieldsSet=true,areAllFieldsSet=true,lenient=true,zone=sun.util.calendar.ZoneInfo[id=&quot;UTC&quot;,offset=0,dstSavings=0,useDaylight=false,transitions=0,lastRule=null],firstDayOfWeek=1,minimalDaysInFirstWeek=1,ERA=1,YEAR=2015,MONTH=11,WEEK_OF_YEAR=50,WEEK_OF_MONTH=2,DAY_OF_MONTH=7,DAY_OF_YEAR=341,DAY_OF_WEEK=2,DAY_OF_WEEK_IN_MONTH=1,AM_PM=0,HOUR=9,HOUR_OF_DAY=9,MINUTE=0,SECOND=43,MILLISECOND=378,ZONE_OFFSET=0,DST_OFFSET=0]"/>
            <field name="inactive" type="java.lang.Boolean" value="false"/>
            <field name="internalFlags" type="java.lang.Long" value="0"/>
            <field name="label" type="java.lang.String" value=""/>
            <field name="opStatus" type="com.emc.storageos.db.client.model.OpStatusMap">
                <wrapper>
                    <opStatusMap/>
                </wrapper>
            </field>
            <field name="resourceData" type="com.emc.storageos.db.client.model.StringMap">
                <wrapper>
                    <stringMap>
                        <entry>
                            <key>numResources</key>
                            <value>0</value>
                        </entry>
                        <entry>
                            <key>type</key>
                            <value>BUCKET</value>
                        </entry>
                        <entry>
                            <key>resourceCapacity</key>
                            <value>0.0</value>
                        </entry>
                    </stringMap>
                </wrapper>
            </field>
            <field name="resourceType" type="java.lang.String" value="OBJECT_MANAGED_CAPACITY"/>
        </record>
        <record id="urn:storageos:PropertyListDataObject:a72ac179-c9c3-485c-920a-e0c7c38bb136:vdc1">
            <readOnlyField>
                <field name="class" type="java.lang.Class" value="class com.emc.storageos.db.client.model.PropertyListDataObject"/>
                <field name="id" type="java.net.URI" value="urn:storageos:PropertyListDataObject:a72ac179-c9c3-485c-920a-e0c7c38bb136:vdc1"/>
            </readOnlyField>
            <field name="creationTime" type="java.util.Calendar" value="java.util.GregorianCalendar[time=1449478843330,areFieldsSet=true,areAllFieldsSet=true,lenient=true,zone=sun.util.calendar.ZoneInfo[id=&quot;UTC&quot;,offset=0,dstSavings=0,useDaylight=false,transitions=0,lastRule=null],firstDayOfWeek=1,minimalDaysInFirstWeek=1,ERA=1,YEAR=2015,MONTH=11,WEEK_OF_YEAR=50,WEEK_OF_MONTH=2,DAY_OF_MONTH=7,DAY_OF_YEAR=341,DAY_OF_WEEK=2,DAY_OF_WEEK_IN_MONTH=1,AM_PM=0,HOUR=9,HOUR_OF_DAY=9,MINUTE=0,SECOND=43,MILLISECOND=330,ZONE_OFFSET=0,DST_OFFSET=0]"/>
            <field name="inactive" type="java.lang.Boolean" value="false"/>
            <field name="internalFlags" type="java.lang.Long" value="0"/>
            <field name="label" type="java.lang.String" value=""/>
            <field name="opStatus" type="com.emc.storageos.db.client.model.OpStatusMap">
                <wrapper>
                    <opStatusMap/>
                </wrapper>
            </field>
            <field name="resourceData" type="com.emc.storageos.db.client.model.StringMap">
                <wrapper>
                    <stringMap>
                        <entry>
                            <key>numResources</key>
                            <value>4</value>
                        </entry>
                        <entry>
                            <key>type</key>
                            <value>POOL</value>
                        </entry>
                        <entry>
                            <key>resourceCapacity</key>
                            <value>4.8636791964672E13</value>
                        </entry>
                    </stringMap>
                </wrapper>
            </field>
            <field name="resourceType" type="java.lang.String" value="POOL_MANAGED_CAPACITY"/>
        </record>
    </data_object_schema>
</dbschemas>
