<?xml version="1.0" encoding="utf-8" standalone="no"?>
<dbschemas>
    <data_object_schema name="StorageOSUserDAO">
        <record id="urn:storageos:StorageOSUserDAO:3b7d0f1a-dbb6-4e7c-a07c-e5724cffe92a:vdc1">
            <readOnlyField>
                <field name="class" type="java.lang.Class" value="class com.emc.storageos.db.client.model.StorageOSUserDAO"/>
                <field name="id" type="java.net.URI" value="urn:storageos:StorageOSUserDAO:3b7d0f1a-dbb6-4e7c-a07c-e5724cffe92a:vdc1"/>
            </readOnlyField>
            <field name="attributes" type="com.emc.storageos.db.client.model.StringSet">
                <wrapper/>
            </field>
            <field name="groups" type="com.emc.storageos.db.client.model.StringSet">
                <wrapper/>
            </field>
            <field name="inactive" type="java.lang.Boolean" value="false"/>
            <field name="internalFlags" type="java.lang.Long" value="0"/>
            <field name="isLocal" type="java.lang.Boolean" value="true"/>
            <field name="label" type="java.lang.String" value=""/>
            <field name="opStatus" type="com.emc.storageos.db.client.model.OpStatusMap">
                <wrapper>
                    <opStatusMap/>
                </wrapper>
            </field>
            <field name="tenantId" type="java.lang.String" value="urn:storageos:TenantOrg:e8cc450f-4bbe-4018-ba5c-e7f79f7e6932:global"/>
            <field name="userName" type="java.lang.String" value="root"/>
        </record>
    </data_object_schema>
</dbschemas>
