<?xml version="1.0" encoding="utf-8" standalone="no"?>
<dbschemas>
    <data_object_schema name="StorageTier">
        <record id="urn:storageos:StorageTier:413f7a48-cdba-40a6-809a-5b9dcc09b6cc:vdc1">
            <readOnlyField>
                <field name="class" type="java.lang.Class" value="class com.emc.storageos.db.client.model.StorageTier"/>
                <field name="id" type="java.net.URI" value="urn:storageos:StorageTier:413f7a48-cdba-40a6-809a-5b9dcc09b6cc:vdc1"/>
            </readOnlyField>
            <field name="autoTieringPolicies" type="com.emc.storageos.db.client.model.StringSet">
                <wrapper>
                    <stringSet>urn:storageos:AutoTieringPolicy:c8974065-3803-486d-a074-0b64f2467c6e:vdc1</stringSet>
                    <stringSet>urn:storageos:AutoTieringPolicy:061e3a07-78f1-4015-a062-e06795e76c4a:vdc1</stringSet>
                    <stringSet>urn:storageos:AutoTieringPolicy:efd1ffac-eabb-4f2f-93ba-2b17a8561446:vdc1</stringSet>
                </wrapper>
            </field>
            <field name="creationTime" type="java.util.Calendar" value="java.util.GregorianCalendar[time=1432752083595,areFieldsSet=true,areAllFieldsSet=true,lenient=true,zone=sun.util.calendar.ZoneInfo[id=&quot;UTC&quot;,offset=0,dstSavings=0,useDaylight=false,transitions=0,lastRule=null],firstDayOfWeek=1,minimalDaysInFirstWeek=1,ERA=1,YEAR=2015,MONTH=4,WEEK_OF_YEAR=22,WEEK_OF_MONTH=5,DAY_OF_MONTH=27,DAY_OF_YEAR=147,DAY_OF_WEEK=4,DAY_OF_WEEK_IN_MONTH=4,AM_PM=1,HOUR=6,HOUR_OF_DAY=18,MINUTE=41,SECOND=23,MILLISECOND=595,ZONE_OFFSET=0,DST_OFFSET=0]"/>
            <field name="diskDriveTechnology" type="java.lang.String" value="SATA"/>
            <field name="inactive" type="java.lang.Boolean" value="false"/>
            <field name="internalFlags" type="java.lang.Long" value="0"/>
            <field name="label" type="java.lang.String" value="SATATierQE"/>
            <field name="nativeGuid" type="java.lang.String" value="SYMMETRIX+000195702307+TIER+SATATierQE"/>
            <field name="opStatus" type="com.emc.storageos.db.client.model.OpStatusMap">
                <wrapper>
                    <opStatusMap/>
                </wrapper>
            </field>
            <field name="percentage" type="java.lang.String" value="100"/>
            <field name="totalCapacity" type="java.lang.Long" value="1"/>
        </record>
        <record id="urn:storageos:StorageTier:19b71f1d-4037-4b25-b5d2-58e55bcb2667:vdc1">
            <readOnlyField>
                <field name="class" type="java.lang.Class" value="class com.emc.storageos.db.client.model.StorageTier"/>
                <field name="id" type="java.net.URI" value="urn:storageos:StorageTier:19b71f1d-4037-4b25-b5d2-58e55bcb2667:vdc1"/>
            </readOnlyField>
            <field name="creationTime" type="java.util.Calendar" value="java.util.GregorianCalendar[time=1438290145862,areFieldsSet=true,areAllFieldsSet=true,lenient=true,zone=sun.util.calendar.ZoneInfo[id=&quot;UTC&quot;,offset=0,dstSavings=0,useDaylight=false,transitions=0,lastRule=null],firstDayOfWeek=1,minimalDaysInFirstWeek=1,ERA=1,YEAR=2015,MONTH=6,WEEK_OF_YEAR=31,WEEK_OF_MONTH=5,DAY_OF_MONTH=30,DAY_OF_YEAR=211,DAY_OF_WEEK=5,DAY_OF_WEEK_IN_MONTH=5,AM_PM=1,HOUR=9,HOUR_OF_DAY=21,MINUTE=2,SECOND=25,MILLISECOND=862,ZONE_OFFSET=0,DST_OFFSET=0]"/>
            <field name="diskDriveTechnology" type="java.lang.String" value="SATA"/>
            <field name="inactive" type="java.lang.Boolean" value="false"/>
            <field name="internalFlags" type="java.lang.Long" value="0"/>
            <field name="label" type="java.lang.String" value="Performance"/>
            <field name="nativeGuid" type="java.lang.String" value="CLARiiON+APM00141512903+TIER+VSE Cluster 2(2) - DO NOT DELETE+Performance"/>
            <field name="opStatus" type="com.emc.storageos.db.client.model.OpStatusMap">
                <wrapper>
                    <opStatusMap/>
                </wrapper>
            </field>
            <field name="percentage" type="java.lang.String" value="100"/>
            <field name="totalCapacity" type="java.lang.Long" value="3440535142"/>
        </record>
        <record id="urn:storageos:StorageTier:760c062e-c0bd-4287-820c-f5f4791c592b:vdc1">
            <readOnlyField>
                <field name="class" type="java.lang.Class" value="class com.emc.storageos.db.client.model.StorageTier"/>
                <field name="id" type="java.net.URI" value="urn:storageos:StorageTier:760c062e-c0bd-4287-820c-f5f4791c592b:vdc1"/>
            </readOnlyField>
            <field name="creationTime" type="java.util.Calendar" value="java.util.GregorianCalendar[time=1444174250325,areFieldsSet=true,areAllFieldsSet=true,lenient=true,zone=sun.util.calendar.ZoneInfo[id=&quot;UTC&quot;,offset=0,dstSavings=0,useDaylight=false,transitions=0,lastRule=null],firstDayOfWeek=1,minimalDaysInFirstWeek=1,ERA=1,YEAR=2015,MONTH=9,WEEK_OF_YEAR=41,WEEK_OF_MONTH=2,DAY_OF_MONTH=6,DAY_OF_YEAR=279,DAY_OF_WEEK=3,DAY_OF_WEEK_IN_MONTH=1,AM_PM=1,HOUR=11,HOUR_OF_DAY=23,MINUTE=30,SECOND=50,MILLISECOND=325,ZONE_OFFSET=0,DST_OFFSET=0]"/>
            <field name="diskDriveTechnology" type="java.lang.String" value="SSD"/>
            <field name="inactive" type="java.lang.Boolean" value="false"/>
            <field name="internalFlags" type="java.lang.Long" value="0"/>
            <field name="label" type="java.lang.String" value="Extreme Performance"/>
            <field name="nativeGuid" type="java.lang.String" value="CLARiiON+APM00140431582+TIER+Pool 0+Extreme Performance"/>
            <field name="opStatus" type="com.emc.storageos.db.client.model.OpStatusMap">
                <wrapper>
                    <opStatusMap/>
                </wrapper>
            </field>
            <field name="percentage" type="java.lang.String" value="100"/>
            <field name="totalCapacity" type="java.lang.Long" value="1153318257"/>
        </record>
        <record id="urn:storageos:StorageTier:272adc37-91e5-4b90-aeee-e9db14db491e:vdc1">
            <readOnlyField>
                <field name="class" type="java.lang.Class" value="class com.emc.storageos.db.client.model.StorageTier"/>
                <field name="id" type="java.net.URI" value="urn:storageos:StorageTier:272adc37-91e5-4b90-aeee-e9db14db491e:vdc1"/>
            </readOnlyField>
            <field name="autoTieringPolicies" type="com.emc.storageos.db.client.model.StringSet">
                <wrapper>
                    <stringSet>urn:storageos:AutoTieringPolicy:90748bde-e0bd-461f-b8e0-d330707b23c8:vdc1</stringSet>
                    <stringSet>urn:storageos:AutoTieringPolicy:c7229b0d-5af3-43d2-898b-91e38583c364:vdc1</stringSet>
                </wrapper>
            </field>
            <field name="creationTime" type="java.util.Calendar" value="java.util.GregorianCalendar[time=1432752083328,areFieldsSet=true,areAllFieldsSet=true,lenient=true,zone=sun.util.calendar.ZoneInfo[id=&quot;UTC&quot;,offset=0,dstSavings=0,useDaylight=false,transitions=0,lastRule=null],firstDayOfWeek=1,minimalDaysInFirstWeek=1,ERA=1,YEAR=2015,MONTH=4,WEEK_OF_YEAR=22,WEEK_OF_MONTH=5,DAY_OF_MONTH=27,DAY_OF_YEAR=147,DAY_OF_WEEK=4,DAY_OF_WEEK_IN_MONTH=4,AM_PM=1,HOUR=6,HOUR_OF_DAY=18,MINUTE=41,SECOND=23,MILLISECOND=328,ZONE_OFFSET=0,DST_OFFSET=0]"/>
            <field name="diskDriveTechnology" type="java.lang.String" value="FC"/>
            <field name="inactive" type="java.lang.Boolean" value="false"/>
            <field name="internalFlags" type="java.lang.Long" value="0"/>
            <field name="label" type="java.lang.String" value="FCTier1"/>
            <field name="nativeGuid" type="java.lang.String" value="SYMMETRIX+000195702307+TIER+FCTier1"/>
            <field name="opStatus" type="com.emc.storageos.db.client.model.OpStatusMap">
                <wrapper>
                    <opStatusMap/>
                </wrapper>
            </field>
            <field name="percentage" type="java.lang.String" value="100"/>
            <field name="totalCapacity" type="java.lang.Long" value="1"/>
        </record>
        <record id="urn:storageos:StorageTier:d386aa8d-1498-4377-8767-214c8fb11eb3:vdc1">
            <readOnlyField>
                <field name="class" type="java.lang.Class" value="class com.emc.storageos.db.client.model.StorageTier"/>
                <field name="id" type="java.net.URI" value="urn:storageos:StorageTier:d386aa8d-1498-4377-8767-214c8fb11eb3:vdc1"/>
            </readOnlyField>
            <field name="autoTieringPolicies" type="com.emc.storageos.db.client.model.StringSet">
                <wrapper>
                    <stringSet>urn:storageos:AutoTieringPolicy:05d6ebe5-e8fa-4b5a-be8d-f9c7e314b42a:vdc1</stringSet>
                    <stringSet>urn:storageos:AutoTieringPolicy:85369d0a-060a-4abd-aead-19b76fbdbcbb:vdc1</stringSet>
                    <stringSet>urn:storageos:AutoTieringPolicy:3b5ed9ae-0513-418c-a195-2db5ceab11eb:vdc1</stringSet>
                </wrapper>
            </field>
            <field name="creationTime" type="java.util.Calendar" value="java.util.GregorianCalendar[time=1432752082003,areFieldsSet=true,areAllFieldsSet=true,lenient=true,zone=sun.util.calendar.ZoneInfo[id=&quot;UTC&quot;,offset=0,dstSavings=0,useDaylight=false,transitions=0,lastRule=null],firstDayOfWeek=1,minimalDaysInFirstWeek=1,ERA=1,YEAR=2015,MONTH=4,WEEK_OF_YEAR=22,WEEK_OF_MONTH=5,DAY_OF_MONTH=27,DAY_OF_YEAR=147,DAY_OF_WEEK=4,DAY_OF_WEEK_IN_MONTH=4,AM_PM=1,HOUR=6,HOUR_OF_DAY=18,MINUTE=41,SECOND=22,MILLISECOND=3,ZONE_OFFSET=0,DST_OFFSET=0]"/>
            <field name="diskDriveTechnology" type="java.lang.String" value="SATA"/>
            <field name="inactive" type="java.lang.Boolean" value="false"/>
            <field name="internalFlags" type="java.lang.Long" value="0"/>
            <field name="label" type="java.lang.String" value="SATATierQE"/>
            <field name="nativeGuid" type="java.lang.String" value="SYMMETRIX+000195702258+TIER+SATATierQE"/>
            <field name="opStatus" type="com.emc.storageos.db.client.model.OpStatusMap">
                <wrapper>
                    <opStatusMap/>
                </wrapper>
            </field>
            <field name="percentage" type="java.lang.String" value="100"/>
            <field name="totalCapacity" type="java.lang.Long" value="1"/>
        </record>
        <record id="urn:storageos:StorageTier:dd5ae754-6610-4d71-b643-d270186499c5:vdc1">
            <readOnlyField>
                <field name="class" type="java.lang.Class" value="class com.emc.storageos.db.client.model.StorageTier"/>
                <field name="id" type="java.net.URI" value="urn:storageos:StorageTier:dd5ae754-6610-4d71-b643-d270186499c5:vdc1"/>
            </readOnlyField>
            <field name="creationTime" type="java.util.Calendar" value="java.util.GregorianCalendar[time=1432752075971,areFieldsSet=true,areAllFieldsSet=true,lenient=true,zone=sun.util.calendar.ZoneInfo[id=&quot;UTC&quot;,offset=0,dstSavings=0,useDaylight=false,transitions=0,lastRule=null],firstDayOfWeek=1,minimalDaysInFirstWeek=1,ERA=1,YEAR=2015,MONTH=4,WEEK_OF_YEAR=22,WEEK_OF_MONTH=5,DAY_OF_MONTH=27,DAY_OF_YEAR=147,DAY_OF_WEEK=4,DAY_OF_WEEK_IN_MONTH=4,AM_PM=1,HOUR=6,HOUR_OF_DAY=18,MINUTE=41,SECOND=15,MILLISECOND=971,ZONE_OFFSET=0,DST_OFFSET=0]"/>
            <field name="diskDriveTechnology" type="java.lang.String" value="SATA"/>
            <field name="inactive" type="java.lang.Boolean" value="false"/>
            <field name="internalFlags" type="java.lang.Long" value="0"/>
            <field name="label" type="java.lang.String" value="Capacity"/>
            <field name="nativeGuid" type="java.lang.String" value="CLARiiON+APM00141512903+TIER+VSE Cluster 2 - DO NOT DELETE+Capacity"/>
            <field name="opStatus" type="com.emc.storageos.db.client.model.OpStatusMap">
                <wrapper>
                    <opStatusMap/>
                </wrapper>
            </field>
            <field name="percentage" type="java.lang.String" value="100"/>
            <field name="totalCapacity" type="java.lang.Long" value="5757943419"/>
        </record>
        <record id="urn:storageos:StorageTier:e4e3d85f-0bae-4b32-af33-b39a901b0267:vdc1">
            <readOnlyField>
                <field name="class" type="java.lang.Class" value="class com.emc.storageos.db.client.model.StorageTier"/>
                <field name="id" type="java.net.URI" value="urn:storageos:StorageTier:e4e3d85f-0bae-4b32-af33-b39a901b0267:vdc1"/>
            </readOnlyField>
            <field name="creationTime" type="java.util.Calendar" value="java.util.GregorianCalendar[time=1438290145676,areFieldsSet=true,areAllFieldsSet=true,lenient=true,zone=sun.util.calendar.ZoneInfo[id=&quot;UTC&quot;,offset=0,dstSavings=0,useDaylight=false,transitions=0,lastRule=null],firstDayOfWeek=1,minimalDaysInFirstWeek=1,ERA=1,YEAR=2015,MONTH=6,WEEK_OF_YEAR=31,WEEK_OF_MONTH=5,DAY_OF_MONTH=30,DAY_OF_YEAR=211,DAY_OF_WEEK=5,DAY_OF_WEEK_IN_MONTH=5,AM_PM=1,HOUR=9,HOUR_OF_DAY=21,MINUTE=2,SECOND=25,MILLISECOND=676,ZONE_OFFSET=0,DST_OFFSET=0]"/>
            <field name="diskDriveTechnology" type="java.lang.String" value="SSD"/>
            <field name="inactive" type="java.lang.Boolean" value="false"/>
            <field name="internalFlags" type="java.lang.Long" value="0"/>
            <field name="label" type="java.lang.String" value="Extreme Performance"/>
            <field name="nativeGuid" type="java.lang.String" value="CLARiiON+APM00141512903+TIER+VSE Cluster 2 - DO NOT DELETE+Extreme Performance"/>
            <field name="opStatus" type="com.emc.storageos.db.client.model.OpStatusMap">
                <wrapper>
                    <opStatusMap/>
                </wrapper>
            </field>
            <field name="percentage" type="java.lang.String" value="100"/>
            <field name="totalCapacity" type="java.lang.Long" value="766959944"/>
        </record>
        <record id="urn:storageos:StorageTier:1028c13b-d7dd-46a9-b681-07abf5c0b726:vdc1">
            <readOnlyField>
                <field name="class" type="java.lang.Class" value="class com.emc.storageos.db.client.model.StorageTier"/>
                <field name="id" type="java.net.URI" value="urn:storageos:StorageTier:1028c13b-d7dd-46a9-b681-07abf5c0b726:vdc1"/>
            </readOnlyField>
            <field name="creationTime" type="java.util.Calendar" value="java.util.GregorianCalendar[time=1432752076080,areFieldsSet=true,areAllFieldsSet=true,lenient=true,zone=sun.util.calendar.ZoneInfo[id=&quot;UTC&quot;,offset=0,dstSavings=0,useDaylight=false,transitions=0,lastRule=null],firstDayOfWeek=1,minimalDaysInFirstWeek=1,ERA=1,YEAR=2015,MONTH=4,WEEK_OF_YEAR=22,WEEK_OF_MONTH=5,DAY_OF_MONTH=27,DAY_OF_YEAR=147,DAY_OF_WEEK=4,DAY_OF_WEEK_IN_MONTH=4,AM_PM=1,HOUR=6,HOUR_OF_DAY=18,MINUTE=41,SECOND=16,MILLISECOND=80,ZONE_OFFSET=0,DST_OFFSET=0]"/>
            <field name="diskDriveTechnology" type="java.lang.String" value="SATA"/>
            <field name="inactive" type="java.lang.Boolean" value="false"/>
            <field name="internalFlags" type="java.lang.Long" value="0"/>
            <field name="label" type="java.lang.String" value="Capacity"/>
            <field name="nativeGuid" type="java.lang.String" value="CLARiiON+APM00141512903+TIER+VSE Repository-Fdrive-DO NOT DELETE+Capacity"/>
            <field name="opStatus" type="com.emc.storageos.db.client.model.OpStatusMap">
                <wrapper>
                    <opStatusMap/>
                </wrapper>
            </field>
            <field name="percentage" type="java.lang.String" value="100"/>
            <field name="totalCapacity" type="java.lang.Long" value="1917116764"/>
        </record>
        <record id="urn:storageos:StorageTier:27c21206-8c0a-4636-a6f8-8f07e1a8c286:vdc1">
            <readOnlyField>
                <field name="class" type="java.lang.Class" value="class com.emc.storageos.db.client.model.StorageTier"/>
                <field name="id" type="java.net.URI" value="urn:storageos:StorageTier:27c21206-8c0a-4636-a6f8-8f07e1a8c286:vdc1"/>
            </readOnlyField>
            <field name="creationTime" type="java.util.Calendar" value="java.util.GregorianCalendar[time=1438290145683,areFieldsSet=true,areAllFieldsSet=true,lenient=true,zone=sun.util.calendar.ZoneInfo[id=&quot;UTC&quot;,offset=0,dstSavings=0,useDaylight=false,transitions=0,lastRule=null],firstDayOfWeek=1,minimalDaysInFirstWeek=1,ERA=1,YEAR=2015,MONTH=6,WEEK_OF_YEAR=31,WEEK_OF_MONTH=5,DAY_OF_MONTH=30,DAY_OF_YEAR=211,DAY_OF_WEEK=5,DAY_OF_WEEK_IN_MONTH=5,AM_PM=1,HOUR=9,HOUR_OF_DAY=21,MINUTE=2,SECOND=25,MILLISECOND=683,ZONE_OFFSET=0,DST_OFFSET=0]"/>
            <field name="diskDriveTechnology" type="java.lang.String" value="SATA"/>
            <field name="inactive" type="java.lang.Boolean" value="false"/>
            <field name="internalFlags" type="java.lang.Long" value="0"/>
            <field name="label" type="java.lang.String" value="Performance"/>
            <field name="nativeGuid" type="java.lang.String" value="CLARiiON+APM00141512903+TIER+VSE Cluster 2 - DO NOT DELETE+Performance"/>
            <field name="opStatus" type="com.emc.storageos.db.client.model.OpStatusMap">
                <wrapper>
                    <opStatusMap/>
                </wrapper>
            </field>
            <field name="percentage" type="java.lang.String" value="100"/>
            <field name="totalCapacity" type="java.lang.Long" value="2297540465"/>
        </record>
        <record id="urn:storageos:StorageTier:e3090188-f07c-4f3c-be12-3d0595efa387:vdc1">
            <readOnlyField>
                <field name="class" type="java.lang.Class" value="class com.emc.storageos.db.client.model.StorageTier"/>
                <field name="id" type="java.net.URI" value="urn:storageos:StorageTier:e3090188-f07c-4f3c-be12-3d0595efa387:vdc1"/>
            </readOnlyField>
            <field name="autoTieringPolicies" type="com.emc.storageos.db.client.model.StringSet">
                <wrapper>
                    <stringSet>urn:storageos:AutoTieringPolicy:90748bde-e0bd-461f-b8e0-d330707b23c8:vdc1</stringSet>
                    <stringSet>urn:storageos:AutoTieringPolicy:c7229b0d-5af3-43d2-898b-91e38583c364:vdc1</stringSet>
                </wrapper>
            </field>
            <field name="creationTime" type="java.util.Calendar" value="java.util.GregorianCalendar[time=1432752083290,areFieldsSet=true,areAllFieldsSet=true,lenient=true,zone=sun.util.calendar.ZoneInfo[id=&quot;UTC&quot;,offset=0,dstSavings=0,useDaylight=false,transitions=0,lastRule=null],firstDayOfWeek=1,minimalDaysInFirstWeek=1,ERA=1,YEAR=2015,MONTH=4,WEEK_OF_YEAR=22,WEEK_OF_MONTH=5,DAY_OF_MONTH=27,DAY_OF_YEAR=147,DAY_OF_WEEK=4,DAY_OF_WEEK_IN_MONTH=4,AM_PM=1,HOUR=6,HOUR_OF_DAY=18,MINUTE=41,SECOND=23,MILLISECOND=290,ZONE_OFFSET=0,DST_OFFSET=0]"/>
            <field name="diskDriveTechnology" type="java.lang.String" value="SSD"/>
            <field name="inactive" type="java.lang.Boolean" value="false"/>
            <field name="internalFlags" type="java.lang.Long" value="0"/>
            <field name="label" type="java.lang.String" value="EFDTier1"/>
            <field name="nativeGuid" type="java.lang.String" value="SYMMETRIX+000195702307+TIER+EFDTier1"/>
            <field name="opStatus" type="com.emc.storageos.db.client.model.OpStatusMap">
                <wrapper>
                    <opStatusMap/>
                </wrapper>
            </field>
            <field name="percentage" type="java.lang.String" value="50"/>
            <field name="totalCapacity" type="java.lang.Long" value="1"/>
        </record>
        <record id="urn:storageos:StorageTier:4983f5d4-d814-4530-933a-d17b317dd8d8:vdc1">
            <readOnlyField>
                <field name="class" type="java.lang.Class" value="class com.emc.storageos.db.client.model.StorageTier"/>
                <field name="id" type="java.net.URI" value="urn:storageos:StorageTier:4983f5d4-d814-4530-933a-d17b317dd8d8:vdc1"/>
            </readOnlyField>
            <field name="autoTieringPolicies" type="com.emc.storageos.db.client.model.StringSet">
                <wrapper>
                    <stringSet>urn:storageos:AutoTieringPolicy:eef3726f-77d9-47c8-9312-70033fb20203:vdc1</stringSet>
                    <stringSet>urn:storageos:AutoTieringPolicy:f2ad499b-4cdc-4a1a-914b-0c50878439e5:vdc1</stringSet>
                    <stringSet>urn:storageos:AutoTieringPolicy:4ac0eb3c-c158-4280-9b34-2e1a140707db:vdc1</stringSet>
                    <stringSet>urn:storageos:AutoTieringPolicy:8f1fb2c3-b977-49f4-a3f9-4e5a225d273d:vdc1</stringSet>
                </wrapper>
            </field>
            <field name="creationTime" type="java.util.Calendar" value="java.util.GregorianCalendar[time=1432752081805,areFieldsSet=true,areAllFieldsSet=true,lenient=true,zone=sun.util.calendar.ZoneInfo[id=&quot;UTC&quot;,offset=0,dstSavings=0,useDaylight=false,transitions=0,lastRule=null],firstDayOfWeek=1,minimalDaysInFirstWeek=1,ERA=1,YEAR=2015,MONTH=4,WEEK_OF_YEAR=22,WEEK_OF_MONTH=5,DAY_OF_MONTH=27,DAY_OF_YEAR=147,DAY_OF_WEEK=4,DAY_OF_WEEK_IN_MONTH=4,AM_PM=1,HOUR=6,HOUR_OF_DAY=18,MINUTE=41,SECOND=21,MILLISECOND=805,ZONE_OFFSET=0,DST_OFFSET=0]"/>
            <field name="diskDriveTechnology" type="java.lang.String" value="FC"/>
            <field name="inactive" type="java.lang.Boolean" value="false"/>
            <field name="internalFlags" type="java.lang.Long" value="0"/>
            <field name="label" type="java.lang.String" value="FCTier"/>
            <field name="nativeGuid" type="java.lang.String" value="SYMMETRIX+000195702258+TIER+FCTier"/>
            <field name="opStatus" type="com.emc.storageos.db.client.model.OpStatusMap">
                <wrapper>
                    <opStatusMap/>
                </wrapper>
            </field>
            <field name="percentage" type="java.lang.String" value="100"/>
            <field name="totalCapacity" type="java.lang.Long" value="1"/>
        </record>
        <record id="urn:storageos:StorageTier:e90ba4f4-f0c6-44f3-b776-c9ac0f012359:vdc1">
            <readOnlyField>
                <field name="class" type="java.lang.Class" value="class com.emc.storageos.db.client.model.StorageTier"/>
                <field name="id" type="java.net.URI" value="urn:storageos:StorageTier:e90ba4f4-f0c6-44f3-b776-c9ac0f012359:vdc1"/>
            </readOnlyField>
            <field name="autoTieringPolicies" type="com.emc.storageos.db.client.model.StringSet">
                <wrapper>
                    <stringSet>urn:storageos:AutoTieringPolicy:05d6ebe5-e8fa-4b5a-be8d-f9c7e314b42a:vdc1</stringSet>
                    <stringSet>urn:storageos:AutoTieringPolicy:85369d0a-060a-4abd-aead-19b76fbdbcbb:vdc1</stringSet>
                    <stringSet>urn:storageos:AutoTieringPolicy:3b5ed9ae-0513-418c-a195-2db5ceab11eb:vdc1</stringSet>
                </wrapper>
            </field>
            <field name="creationTime" type="java.util.Calendar" value="java.util.GregorianCalendar[time=1432752081934,areFieldsSet=true,areAllFieldsSet=true,lenient=true,zone=sun.util.calendar.ZoneInfo[id=&quot;UTC&quot;,offset=0,dstSavings=0,useDaylight=false,transitions=0,lastRule=null],firstDayOfWeek=1,minimalDaysInFirstWeek=1,ERA=1,YEAR=2015,MONTH=4,WEEK_OF_YEAR=22,WEEK_OF_MONTH=5,DAY_OF_MONTH=27,DAY_OF_YEAR=147,DAY_OF_WEEK=4,DAY_OF_WEEK_IN_MONTH=4,AM_PM=1,HOUR=6,HOUR_OF_DAY=18,MINUTE=41,SECOND=21,MILLISECOND=934,ZONE_OFFSET=0,DST_OFFSET=0]"/>
            <field name="diskDriveTechnology" type="java.lang.String" value="FC"/>
            <field name="inactive" type="java.lang.Boolean" value="false"/>
            <field name="internalFlags" type="java.lang.Long" value="0"/>
            <field name="label" type="java.lang.String" value="FCTierQE"/>
            <field name="nativeGuid" type="java.lang.String" value="SYMMETRIX+000195702258+TIER+FCTierQE"/>
            <field name="opStatus" type="com.emc.storageos.db.client.model.OpStatusMap">
                <wrapper>
                    <opStatusMap/>
                </wrapper>
            </field>
            <field name="percentage" type="java.lang.String" value="100"/>
            <field name="totalCapacity" type="java.lang.Long" value="1"/>
        </record>
        <record id="urn:storageos:StorageTier:29096b23-17aa-437f-bfae-578338eb5ca9:vdc1">
            <readOnlyField>
                <field name="class" type="java.lang.Class" value="class com.emc.storageos.db.client.model.StorageTier"/>
                <field name="id" type="java.net.URI" value="urn:storageos:StorageTier:29096b23-17aa-437f-bfae-578338eb5ca9:vdc1"/>
            </readOnlyField>
            <field name="autoTieringPolicies" type="com.emc.storageos.db.client.model.StringSet">
                <wrapper>
                    <stringSet>urn:storageos:AutoTieringPolicy:eef3726f-77d9-47c8-9312-70033fb20203:vdc1</stringSet>
                    <stringSet>urn:storageos:AutoTieringPolicy:f2ad499b-4cdc-4a1a-914b-0c50878439e5:vdc1</stringSet>
                    <stringSet>urn:storageos:AutoTieringPolicy:4ac0eb3c-c158-4280-9b34-2e1a140707db:vdc1</stringSet>
                    <stringSet>urn:storageos:AutoTieringPolicy:8f1fb2c3-b977-49f4-a3f9-4e5a225d273d:vdc1</stringSet>
                </wrapper>
            </field>
            <field name="creationTime" type="java.util.Calendar" value="java.util.GregorianCalendar[time=1432752081765,areFieldsSet=true,areAllFieldsSet=true,lenient=true,zone=sun.util.calendar.ZoneInfo[id=&quot;UTC&quot;,offset=0,dstSavings=0,useDaylight=false,transitions=0,lastRule=null],firstDayOfWeek=1,minimalDaysInFirstWeek=1,ERA=1,YEAR=2015,MONTH=4,WEEK_OF_YEAR=22,WEEK_OF_MONTH=5,DAY_OF_MONTH=27,DAY_OF_YEAR=147,DAY_OF_WEEK=4,DAY_OF_WEEK_IN_MONTH=4,AM_PM=1,HOUR=6,HOUR_OF_DAY=18,MINUTE=41,SECOND=21,MILLISECOND=765,ZONE_OFFSET=0,DST_OFFSET=0]"/>
            <field name="diskDriveTechnology" type="java.lang.String" value="SATA"/>
            <field name="inactive" type="java.lang.Boolean" value="false"/>
            <field name="internalFlags" type="java.lang.Long" value="0"/>
            <field name="label" type="java.lang.String" value="SATATier"/>
            <field name="nativeGuid" type="java.lang.String" value="SYMMETRIX+000195702258+TIER+SATATier"/>
            <field name="opStatus" type="com.emc.storageos.db.client.model.OpStatusMap">
                <wrapper>
                    <opStatusMap/>
                </wrapper>
            </field>
            <field name="percentage" type="java.lang.String" value="75"/>
            <field name="totalCapacity" type="java.lang.Long" value="1"/>
        </record>
        <record id="urn:storageos:StorageTier:cfa67cb8-2898-43bf-9700-3334e1dad1aa:vdc1">
            <readOnlyField>
                <field name="class" type="java.lang.Class" value="class com.emc.storageos.db.client.model.StorageTier"/>
                <field name="id" type="java.net.URI" value="urn:storageos:StorageTier:cfa67cb8-2898-43bf-9700-3334e1dad1aa:vdc1"/>
            </readOnlyField>
            <field name="autoTieringPolicies" type="com.emc.storageos.db.client.model.StringSet">
                <wrapper>
                    <stringSet>urn:storageos:AutoTieringPolicy:c8974065-3803-486d-a074-0b64f2467c6e:vdc1</stringSet>
                    <stringSet>urn:storageos:AutoTieringPolicy:061e3a07-78f1-4015-a062-e06795e76c4a:vdc1</stringSet>
                    <stringSet>urn:storageos:AutoTieringPolicy:efd1ffac-eabb-4f2f-93ba-2b17a8561446:vdc1</stringSet>
                </wrapper>
            </field>
            <field name="creationTime" type="java.util.Calendar" value="java.util.GregorianCalendar[time=1432752083487,areFieldsSet=true,areAllFieldsSet=true,lenient=true,zone=sun.util.calendar.ZoneInfo[id=&quot;UTC&quot;,offset=0,dstSavings=0,useDaylight=false,transitions=0,lastRule=null],firstDayOfWeek=1,minimalDaysInFirstWeek=1,ERA=1,YEAR=2015,MONTH=4,WEEK_OF_YEAR=22,WEEK_OF_MONTH=5,DAY_OF_MONTH=27,DAY_OF_YEAR=147,DAY_OF_WEEK=4,DAY_OF_WEEK_IN_MONTH=4,AM_PM=1,HOUR=6,HOUR_OF_DAY=18,MINUTE=41,SECOND=23,MILLISECOND=487,ZONE_OFFSET=0,DST_OFFSET=0]"/>
            <field name="diskDriveTechnology" type="java.lang.String" value="SSD"/>
            <field name="inactive" type="java.lang.Boolean" value="false"/>
            <field name="internalFlags" type="java.lang.Long" value="0"/>
            <field name="label" type="java.lang.String" value="EFDTierQE"/>
            <field name="nativeGuid" type="java.lang.String" value="SYMMETRIX+000195702307+TIER+EFDTierQE"/>
            <field name="opStatus" type="com.emc.storageos.db.client.model.OpStatusMap">
                <wrapper>
                    <opStatusMap/>
                </wrapper>
            </field>
            <field name="percentage" type="java.lang.String" value="100"/>
            <field name="totalCapacity" type="java.lang.Long" value="1"/>
        </record>
        <record id="urn:storageos:StorageTier:23e8ef7c-9099-4db2-a2ea-9cd55b5e0752:vdc1">
            <readOnlyField>
                <field name="class" type="java.lang.Class" value="class com.emc.storageos.db.client.model.StorageTier"/>
                <field name="id" type="java.net.URI" value="urn:storageos:StorageTier:23e8ef7c-9099-4db2-a2ea-9cd55b5e0752:vdc1"/>
            </readOnlyField>
            <field name="creationTime" type="java.util.Calendar" value="java.util.GregorianCalendar[time=1432752076021,areFieldsSet=true,areAllFieldsSet=true,lenient=true,zone=sun.util.calendar.ZoneInfo[id=&quot;UTC&quot;,offset=0,dstSavings=0,useDaylight=false,transitions=0,lastRule=null],firstDayOfWeek=1,minimalDaysInFirstWeek=1,ERA=1,YEAR=2015,MONTH=4,WEEK_OF_YEAR=22,WEEK_OF_MONTH=5,DAY_OF_MONTH=27,DAY_OF_YEAR=147,DAY_OF_WEEK=4,DAY_OF_WEEK_IN_MONTH=4,AM_PM=1,HOUR=6,HOUR_OF_DAY=18,MINUTE=41,SECOND=16,MILLISECOND=21,ZONE_OFFSET=0,DST_OFFSET=0]"/>
            <field name="diskDriveTechnology" type="java.lang.String" value="SATA"/>
            <field name="inactive" type="java.lang.Boolean" value="false"/>
            <field name="internalFlags" type="java.lang.Long" value="0"/>
            <field name="label" type="java.lang.String" value="Performance"/>
            <field name="nativeGuid" type="java.lang.String" value="CLARiiON+APM00141512903+TIER+FileStoragePool+Performance"/>
            <field name="opStatus" type="com.emc.storageos.db.client.model.OpStatusMap">
                <wrapper>
                    <opStatusMap/>
                </wrapper>
            </field>
            <field name="percentage" type="java.lang.String" value="100"/>
            <field name="totalCapacity" type="java.lang.Long" value="853893858"/>
        </record>
        <record id="urn:storageos:StorageTier:56a6a986-2575-4bb4-a181-9148efb70e43:vdc1">
            <readOnlyField>
                <field name="class" type="java.lang.Class" value="class com.emc.storageos.db.client.model.StorageTier"/>
                <field name="id" type="java.net.URI" value="urn:storageos:StorageTier:56a6a986-2575-4bb4-a181-9148efb70e43:vdc1"/>
            </readOnlyField>
            <field name="creationTime" type="java.util.Calendar" value="java.util.GregorianCalendar[time=1444174250379,areFieldsSet=true,areAllFieldsSet=true,lenient=true,zone=sun.util.calendar.ZoneInfo[id=&quot;UTC&quot;,offset=0,dstSavings=0,useDaylight=false,transitions=0,lastRule=null],firstDayOfWeek=1,minimalDaysInFirstWeek=1,ERA=1,YEAR=2015,MONTH=9,WEEK_OF_YEAR=41,WEEK_OF_MONTH=2,DAY_OF_MONTH=6,DAY_OF_YEAR=279,DAY_OF_WEEK=3,DAY_OF_WEEK_IN_MONTH=1,AM_PM=1,HOUR=11,HOUR_OF_DAY=23,MINUTE=30,SECOND=50,MILLISECOND=379,ZONE_OFFSET=0,DST_OFFSET=0]"/>
            <field name="diskDriveTechnology" type="java.lang.String" value="SATA"/>
            <field name="inactive" type="java.lang.Boolean" value="false"/>
            <field name="internalFlags" type="java.lang.Long" value="0"/>
            <field name="label" type="java.lang.String" value="Performance"/>
            <field name="nativeGuid" type="java.lang.String" value="CLARiiON+APM00140431582+TIER+Pool 0+Performance"/>
            <field name="opStatus" type="com.emc.storageos.db.client.model.OpStatusMap">
                <wrapper>
                    <opStatusMap/>
                </wrapper>
            </field>
            <field name="percentage" type="java.lang.String" value="100"/>
            <field name="totalCapacity" type="java.lang.Long" value="1817571779"/>
        </record>
        <record id="urn:storageos:StorageTier:fb174a01-de26-46bf-a6c3-8191f9ab5b28:vdc1">
            <readOnlyField>
                <field name="class" type="java.lang.Class" value="class com.emc.storageos.db.client.model.StorageTier"/>
                <field name="id" type="java.net.URI" value="urn:storageos:StorageTier:fb174a01-de26-46bf-a6c3-8191f9ab5b28:vdc1"/>
            </readOnlyField>
            <field name="creationTime" type="java.util.Calendar" value="java.util.GregorianCalendar[time=1432752076603,areFieldsSet=true,areAllFieldsSet=true,lenient=true,zone=sun.util.calendar.ZoneInfo[id=&quot;UTC&quot;,offset=0,dstSavings=0,useDaylight=false,transitions=0,lastRule=null],firstDayOfWeek=1,minimalDaysInFirstWeek=1,ERA=1,YEAR=2015,MONTH=4,WEEK_OF_YEAR=22,WEEK_OF_MONTH=5,DAY_OF_MONTH=27,DAY_OF_YEAR=147,DAY_OF_WEEK=4,DAY_OF_WEEK_IN_MONTH=4,AM_PM=1,HOUR=6,HOUR_OF_DAY=18,MINUTE=41,SECOND=16,MILLISECOND=603,ZONE_OFFSET=0,DST_OFFSET=0]"/>
            <field name="diskDriveTechnology" type="java.lang.String" value="SATA"/>
            <field name="inactive" type="java.lang.Boolean" value="false"/>
            <field name="internalFlags" type="java.lang.Long" value="0"/>
            <field name="label" type="java.lang.String" value="Capacity"/>
            <field name="nativeGuid" type="java.lang.String" value="CLARiiON+APM00141512903+TIER+BlockStoragePool+Capacity"/>
            <field name="opStatus" type="com.emc.storageos.db.client.model.OpStatusMap">
                <wrapper>
                    <opStatusMap/>
                </wrapper>
            </field>
            <field name="percentage" type="java.lang.String" value="100"/>
            <field name="totalCapacity" type="java.lang.Long" value="3838721393"/>
        </record>
        <record id="urn:storageos:StorageTier:1f77f32f-4e36-4594-ad16-4a9d33eea2f4:vdc1">
            <readOnlyField>
                <field name="class" type="java.lang.Class" value="class com.emc.storageos.db.client.model.StorageTier"/>
                <field name="id" type="java.net.URI" value="urn:storageos:StorageTier:1f77f32f-4e36-4594-ad16-4a9d33eea2f4:vdc1"/>
            </readOnlyField>
            <field name="creationTime" type="java.util.Calendar" value="java.util.GregorianCalendar[time=1444174250447,areFieldsSet=true,areAllFieldsSet=true,lenient=true,zone=sun.util.calendar.ZoneInfo[id=&quot;UTC&quot;,offset=0,dstSavings=0,useDaylight=false,transitions=0,lastRule=null],firstDayOfWeek=1,minimalDaysInFirstWeek=1,ERA=1,YEAR=2015,MONTH=9,WEEK_OF_YEAR=41,WEEK_OF_MONTH=2,DAY_OF_MONTH=6,DAY_OF_YEAR=279,DAY_OF_WEEK=3,DAY_OF_WEEK_IN_MONTH=1,AM_PM=1,HOUR=11,HOUR_OF_DAY=23,MINUTE=30,SECOND=50,MILLISECOND=447,ZONE_OFFSET=0,DST_OFFSET=0]"/>
            <field name="diskDriveTechnology" type="java.lang.String" value="SATA"/>
            <field name="inactive" type="java.lang.Boolean" value="false"/>
            <field name="internalFlags" type="java.lang.Long" value="0"/>
            <field name="label" type="java.lang.String" value="Performance"/>
            <field name="nativeGuid" type="java.lang.String" value="CLARiiON+APM00140431582+TIER+clarsas_archive+Performance"/>
            <field name="opStatus" type="com.emc.storageos.db.client.model.OpStatusMap">
                <wrapper>
                    <opStatusMap/>
                </wrapper>
            </field>
            <field name="percentage" type="java.lang.String" value="100"/>
            <field name="totalCapacity" type="java.lang.Long" value="3930646037"/>
        </record>
        <record id="urn:storageos:StorageTier:07874df1-ddda-46c1-a732-e5f2353f7e8a:vdc1">
            <readOnlyField>
                <field name="class" type="java.lang.Class" value="class com.emc.storageos.db.client.model.StorageTier"/>
                <field name="id" type="java.net.URI" value="urn:storageos:StorageTier:07874df1-ddda-46c1-a732-e5f2353f7e8a:vdc1"/>
            </readOnlyField>
            <field name="autoTieringPolicies" type="com.emc.storageos.db.client.model.StringSet">
                <wrapper>
                    <stringSet>urn:storageos:AutoTieringPolicy:eef3726f-77d9-47c8-9312-70033fb20203:vdc1</stringSet>
                    <stringSet>urn:storageos:AutoTieringPolicy:f2ad499b-4cdc-4a1a-914b-0c50878439e5:vdc1</stringSet>
                    <stringSet>urn:storageos:AutoTieringPolicy:4ac0eb3c-c158-4280-9b34-2e1a140707db:vdc1</stringSet>
                    <stringSet>urn:storageos:AutoTieringPolicy:8f1fb2c3-b977-49f4-a3f9-4e5a225d273d:vdc1</stringSet>
                </wrapper>
            </field>
            <field name="creationTime" type="java.util.Calendar" value="java.util.GregorianCalendar[time=1432752081842,areFieldsSet=true,areAllFieldsSet=true,lenient=true,zone=sun.util.calendar.ZoneInfo[id=&quot;UTC&quot;,offset=0,dstSavings=0,useDaylight=false,transitions=0,lastRule=null],firstDayOfWeek=1,minimalDaysInFirstWeek=1,ERA=1,YEAR=2015,MONTH=4,WEEK_OF_YEAR=22,WEEK_OF_MONTH=5,DAY_OF_MONTH=27,DAY_OF_YEAR=147,DAY_OF_WEEK=4,DAY_OF_WEEK_IN_MONTH=4,AM_PM=1,HOUR=6,HOUR_OF_DAY=18,MINUTE=41,SECOND=21,MILLISECOND=842,ZONE_OFFSET=0,DST_OFFSET=0]"/>
            <field name="diskDriveTechnology" type="java.lang.String" value="SSD"/>
            <field name="inactive" type="java.lang.Boolean" value="false"/>
            <field name="internalFlags" type="java.lang.Long" value="0"/>
            <field name="label" type="java.lang.String" value="EFDTier"/>
            <field name="nativeGuid" type="java.lang.String" value="SYMMETRIX+000195702258+TIER+EFDTier"/>
            <field name="opStatus" type="com.emc.storageos.db.client.model.OpStatusMap">
                <wrapper>
                    <opStatusMap/>
                </wrapper>
            </field>
            <field name="percentage" type="java.lang.String" value="50"/>
            <field name="totalCapacity" type="java.lang.Long" value="1"/>
        </record>
        <record id="urn:storageos:StorageTier:70b144e6-3213-4b36-ba1d-c2d90dfbb7e6:vdc1">
            <readOnlyField>
                <field name="class" type="java.lang.Class" value="class com.emc.storageos.db.client.model.StorageTier"/>
                <field name="id" type="java.net.URI" value="urn:storageos:StorageTier:70b144e6-3213-4b36-ba1d-c2d90dfbb7e6:vdc1"/>
            </readOnlyField>
            <field name="autoTieringPolicies" type="com.emc.storageos.db.client.model.StringSet">
                <wrapper>
                    <stringSet>urn:storageos:AutoTieringPolicy:05d6ebe5-e8fa-4b5a-be8d-f9c7e314b42a:vdc1</stringSet>
                    <stringSet>urn:storageos:AutoTieringPolicy:85369d0a-060a-4abd-aead-19b76fbdbcbb:vdc1</stringSet>
                    <stringSet>urn:storageos:AutoTieringPolicy:3b5ed9ae-0513-418c-a195-2db5ceab11eb:vdc1</stringSet>
                </wrapper>
            </field>
            <field name="creationTime" type="java.util.Calendar" value="java.util.GregorianCalendar[time=1432752081882,areFieldsSet=true,areAllFieldsSet=true,lenient=true,zone=sun.util.calendar.ZoneInfo[id=&quot;UTC&quot;,offset=0,dstSavings=0,useDaylight=false,transitions=0,lastRule=null],firstDayOfWeek=1,minimalDaysInFirstWeek=1,ERA=1,YEAR=2015,MONTH=4,WEEK_OF_YEAR=22,WEEK_OF_MONTH=5,DAY_OF_MONTH=27,DAY_OF_YEAR=147,DAY_OF_WEEK=4,DAY_OF_WEEK_IN_MONTH=4,AM_PM=1,HOUR=6,HOUR_OF_DAY=18,MINUTE=41,SECOND=21,MILLISECOND=882,ZONE_OFFSET=0,DST_OFFSET=0]"/>
            <field name="diskDriveTechnology" type="java.lang.String" value="SSD"/>
            <field name="inactive" type="java.lang.Boolean" value="false"/>
            <field name="internalFlags" type="java.lang.Long" value="0"/>
            <field name="label" type="java.lang.String" value="EFDTierQE"/>
            <field name="nativeGuid" type="java.lang.String" value="SYMMETRIX+000195702258+TIER+EFDTierQE"/>
            <field name="opStatus" type="com.emc.storageos.db.client.model.OpStatusMap">
                <wrapper>
                    <opStatusMap/>
                </wrapper>
            </field>
            <field name="percentage" type="java.lang.String" value="100"/>
            <field name="totalCapacity" type="java.lang.Long" value="1"/>
        </record>
        <record id="urn:storageos:StorageTier:beab99b7-54c2-45a7-b748-129d4f17990f:vdc1">
            <readOnlyField>
                <field name="class" type="java.lang.Class" value="class com.emc.storageos.db.client.model.StorageTier"/>
                <field name="id" type="java.net.URI" value="urn:storageos:StorageTier:beab99b7-54c2-45a7-b748-129d4f17990f:vdc1"/>
            </readOnlyField>
            <field name="creationTime" type="java.util.Calendar" value="java.util.GregorianCalendar[time=1432752076584,areFieldsSet=true,areAllFieldsSet=true,lenient=true,zone=sun.util.calendar.ZoneInfo[id=&quot;UTC&quot;,offset=0,dstSavings=0,useDaylight=false,transitions=0,lastRule=null],firstDayOfWeek=1,minimalDaysInFirstWeek=1,ERA=1,YEAR=2015,MONTH=4,WEEK_OF_YEAR=22,WEEK_OF_MONTH=5,DAY_OF_MONTH=27,DAY_OF_YEAR=147,DAY_OF_WEEK=4,DAY_OF_WEEK_IN_MONTH=4,AM_PM=1,HOUR=6,HOUR_OF_DAY=18,MINUTE=41,SECOND=16,MILLISECOND=584,ZONE_OFFSET=0,DST_OFFSET=0]"/>
            <field name="diskDriveTechnology" type="java.lang.String" value="SATA"/>
            <field name="inactive" type="java.lang.Boolean" value="false"/>
            <field name="internalFlags" type="java.lang.Long" value="0"/>
            <field name="label" type="java.lang.String" value="Performance"/>
            <field name="nativeGuid" type="java.lang.String" value="CLARiiON+APM00141512903+TIER+BlockStoragePool+Performance"/>
            <field name="opStatus" type="com.emc.storageos.db.client.model.OpStatusMap">
                <wrapper>
                    <opStatusMap/>
                </wrapper>
            </field>
            <field name="percentage" type="java.lang.String" value="100"/>
            <field name="totalCapacity" type="java.lang.Long" value="1715669566"/>
        </record>
        <record id="urn:storageos:StorageTier:b9a9870f-a710-4327-be1b-820a3e8fe966:vdc1">
            <readOnlyField>
                <field name="class" type="java.lang.Class" value="class com.emc.storageos.db.client.model.StorageTier"/>
                <field name="id" type="java.net.URI" value="urn:storageos:StorageTier:b9a9870f-a710-4327-be1b-820a3e8fe966:vdc1"/>
            </readOnlyField>
            <field name="creationTime" type="java.util.Calendar" value="java.util.GregorianCalendar[time=1438290145841,areFieldsSet=true,areAllFieldsSet=true,lenient=true,zone=sun.util.calendar.ZoneInfo[id=&quot;UTC&quot;,offset=0,dstSavings=0,useDaylight=false,transitions=0,lastRule=null],firstDayOfWeek=1,minimalDaysInFirstWeek=1,ERA=1,YEAR=2015,MONTH=6,WEEK_OF_YEAR=31,WEEK_OF_MONTH=5,DAY_OF_MONTH=30,DAY_OF_YEAR=211,DAY_OF_WEEK=5,DAY_OF_WEEK_IN_MONTH=5,AM_PM=1,HOUR=9,HOUR_OF_DAY=21,MINUTE=2,SECOND=25,MILLISECOND=841,ZONE_OFFSET=0,DST_OFFSET=0]"/>
            <field name="diskDriveTechnology" type="java.lang.String" value="SATA"/>
            <field name="inactive" type="java.lang.Boolean" value="false"/>
            <field name="internalFlags" type="java.lang.Long" value="0"/>
            <field name="label" type="java.lang.String" value="Performance"/>
            <field name="nativeGuid" type="java.lang.String" value="CLARiiON+APM00141512903+TIER+BlockStoragePool1+Performance"/>
            <field name="opStatus" type="com.emc.storageos.db.client.model.OpStatusMap">
                <wrapper>
                    <opStatusMap/>
                </wrapper>
            </field>
            <field name="percentage" type="java.lang.String" value="100"/>
            <field name="totalCapacity" type="java.lang.Long" value="3440535142"/>
        </record>
        <record id="urn:storageos:StorageTier:5e597d48-69ca-4067-93db-4887bd9a8866:vdc1">
            <readOnlyField>
                <field name="class" type="java.lang.Class" value="class com.emc.storageos.db.client.model.StorageTier"/>
                <field name="id" type="java.net.URI" value="urn:storageos:StorageTier:5e597d48-69ca-4067-93db-4887bd9a8866:vdc1"/>
            </readOnlyField>
            <field name="creationTime" type="java.util.Calendar" value="java.util.GregorianCalendar[time=1432752076131,areFieldsSet=true,areAllFieldsSet=true,lenient=true,zone=sun.util.calendar.ZoneInfo[id=&quot;UTC&quot;,offset=0,dstSavings=0,useDaylight=false,transitions=0,lastRule=null],firstDayOfWeek=1,minimalDaysInFirstWeek=1,ERA=1,YEAR=2015,MONTH=4,WEEK_OF_YEAR=22,WEEK_OF_MONTH=5,DAY_OF_MONTH=27,DAY_OF_YEAR=147,DAY_OF_WEEK=4,DAY_OF_WEEK_IN_MONTH=4,AM_PM=1,HOUR=6,HOUR_OF_DAY=18,MINUTE=41,SECOND=16,MILLISECOND=131,ZONE_OFFSET=0,DST_OFFSET=0]"/>
            <field name="diskDriveTechnology" type="java.lang.String" value="SSD"/>
            <field name="inactive" type="java.lang.Boolean" value="false"/>
            <field name="internalFlags" type="java.lang.Long" value="0"/>
            <field name="label" type="java.lang.String" value="Extreme Performance"/>
            <field name="nativeGuid" type="java.lang.String" value="CLARiiON+APM00141512903+TIER+BlockStoragePool+Extreme Performance"/>
            <field name="opStatus" type="com.emc.storageos.db.client.model.OpStatusMap">
                <wrapper>
                    <opStatusMap/>
                </wrapper>
            </field>
            <field name="percentage" type="java.lang.String" value="100"/>
            <field name="totalCapacity" type="java.lang.Long" value="384256614"/>
        </record>
        <record id="urn:storageos:StorageTier:0d651834-4481-4a83-8ca3-91a9bc7f975f:vdc1">
            <readOnlyField>
                <field name="class" type="java.lang.Class" value="class com.emc.storageos.db.client.model.StorageTier"/>
                <field name="id" type="java.net.URI" value="urn:storageos:StorageTier:0d651834-4481-4a83-8ca3-91a9bc7f975f:vdc1"/>
            </readOnlyField>
            <field name="creationTime" type="java.util.Calendar" value="java.util.GregorianCalendar[time=1444174250526,areFieldsSet=true,areAllFieldsSet=true,lenient=true,zone=sun.util.calendar.ZoneInfo[id=&quot;UTC&quot;,offset=0,dstSavings=0,useDaylight=false,transitions=0,lastRule=null],firstDayOfWeek=1,minimalDaysInFirstWeek=1,ERA=1,YEAR=2015,MONTH=9,WEEK_OF_YEAR=41,WEEK_OF_MONTH=2,DAY_OF_MONTH=6,DAY_OF_YEAR=279,DAY_OF_WEEK=3,DAY_OF_WEEK_IN_MONTH=1,AM_PM=1,HOUR=11,HOUR_OF_DAY=23,MINUTE=30,SECOND=50,MILLISECOND=526,ZONE_OFFSET=0,DST_OFFSET=0]"/>
            <field name="diskDriveTechnology" type="java.lang.String" value="SATA"/>
            <field name="inactive" type="java.lang.Boolean" value="false"/>
            <field name="internalFlags" type="java.lang.Long" value="0"/>
            <field name="label" type="java.lang.String" value="Capacity"/>
            <field name="nativeGuid" type="java.lang.String" value="CLARiiON+APM00140431582+TIER+Pool 2+Capacity"/>
            <field name="opStatus" type="com.emc.storageos.db.client.model.OpStatusMap">
                <wrapper>
                    <opStatusMap/>
                </wrapper>
            </field>
            <field name="percentage" type="java.lang.String" value="100"/>
            <field name="totalCapacity" type="java.lang.Long" value="3838080736"/>
        </record>
        <record id="urn:storageos:StorageTier:763251be-5ab3-4846-aa6f-6c8d51768c8c:vdc1">
            <readOnlyField>
                <field name="class" type="java.lang.Class" value="class com.emc.storageos.db.client.model.StorageTier"/>
                <field name="id" type="java.net.URI" value="urn:storageos:StorageTier:763251be-5ab3-4846-aa6f-6c8d51768c8c:vdc1"/>
            </readOnlyField>
            <field name="autoTieringPolicies" type="com.emc.storageos.db.client.model.StringSet">
                <wrapper>
                    <stringSet>urn:storageos:AutoTieringPolicy:c8974065-3803-486d-a074-0b64f2467c6e:vdc1</stringSet>
                    <stringSet>urn:storageos:AutoTieringPolicy:061e3a07-78f1-4015-a062-e06795e76c4a:vdc1</stringSet>
                    <stringSet>urn:storageos:AutoTieringPolicy:efd1ffac-eabb-4f2f-93ba-2b17a8561446:vdc1</stringSet>
                </wrapper>
            </field>
            <field name="creationTime" type="java.util.Calendar" value="java.util.GregorianCalendar[time=1432752083538,areFieldsSet=true,areAllFieldsSet=true,lenient=true,zone=sun.util.calendar.ZoneInfo[id=&quot;UTC&quot;,offset=0,dstSavings=0,useDaylight=false,transitions=0,lastRule=null],firstDayOfWeek=1,minimalDaysInFirstWeek=1,ERA=1,YEAR=2015,MONTH=4,WEEK_OF_YEAR=22,WEEK_OF_MONTH=5,DAY_OF_MONTH=27,DAY_OF_YEAR=147,DAY_OF_WEEK=4,DAY_OF_WEEK_IN_MONTH=4,AM_PM=1,HOUR=6,HOUR_OF_DAY=18,MINUTE=41,SECOND=23,MILLISECOND=538,ZONE_OFFSET=0,DST_OFFSET=0]"/>
            <field name="diskDriveTechnology" type="java.lang.String" value="FC"/>
            <field name="inactive" type="java.lang.Boolean" value="false"/>
            <field name="internalFlags" type="java.lang.Long" value="0"/>
            <field name="label" type="java.lang.String" value="FCTierQE"/>
            <field name="nativeGuid" type="java.lang.String" value="SYMMETRIX+000195702307+TIER+FCTierQE"/>
            <field name="opStatus" type="com.emc.storageos.db.client.model.OpStatusMap">
                <wrapper>
                    <opStatusMap/>
                </wrapper>
            </field>
            <field name="percentage" type="java.lang.String" value="100"/>
            <field name="totalCapacity" type="java.lang.Long" value="1"/>
        </record>
    </data_object_schema>
</dbschemas>
