<?xml version="1.0" encoding="utf-8" standalone="no"?>
<dbschemas>
    <data_object_schema name="StorageHADomain">
        <record id="urn:storageos:StorageHADomain:9421faf1-8f4a-4f14-bb5c-7129c1963a26:vdc1">
            <readOnlyField>
                <field name="class" type="java.lang.Class" value="class com.emc.storageos.db.client.model.StorageHADomain"/>
                <field name="id" type="java.net.URI" value="urn:storageos:StorageHADomain:9421faf1-8f4a-4f14-bb5c-7129c1963a26:vdc1"/>
            </readOnlyField>
            <field name="adapterName" type="java.lang.String" value="X2-SC2"/>
            <field name="creationTime" type="java.util.Calendar" value="java.util.GregorianCalendar[time=1447968605017,areFieldsSet=true,areAllFieldsSet=true,lenient=true,zone=sun.util.calendar.ZoneInfo[id=&quot;UTC&quot;,offset=0,dstSavings=0,useDaylight=false,transitions=0,lastRule=null],firstDayOfWeek=1,minimalDaysInFirstWeek=1,ERA=1,YEAR=2015,MONTH=10,WEEK_OF_YEAR=47,WEEK_OF_MONTH=3,DAY_OF_MONTH=19,DAY_OF_YEAR=323,DAY_OF_WEEK=5,DAY_OF_WEEK_IN_MONTH=3,AM_PM=1,HOUR=9,HOUR_OF_DAY=21,MINUTE=30,SECOND=5,MILLISECOND=17,ZONE_OFFSET=0,DST_OFFSET=0]"/>
            <field name="inactive" type="java.lang.Boolean" value="false"/>
            <field name="internalFlags" type="java.lang.Long" value="0"/>
            <field name="label" type="java.lang.String" value=""/>
            <field name="metrics" type="com.emc.storageos.db.client.model.StringMap">
                <wrapper>
                    <stringMap/>
                </wrapper>
            </field>
            <field name="name" type="java.lang.String" value="X2-SC2"/>
            <field name="nativeGuid" type="java.lang.String" value="XTREMIO+APM00141017919+ADAPTER+X2-SC2"/>
            <field name="numberofPorts" type="java.lang.String" value="4"/>
            <field name="opStatus" type="com.emc.storageos.db.client.model.OpStatusMap">
                <wrapper>
                    <opStatusMap/>
                </wrapper>
            </field>
            <field name="storageDeviceURI" type="java.net.URI" value="urn:storageos:StorageSystem:82745a16-21bc-4848-bbcf-6f03f82cf902:vdc1"/>
            <field name="virtual" type="java.lang.Boolean" value="false"/>
        </record>
        <record id="urn:storageos:StorageHADomain:fce6bf3e-82b7-4052-a063-e4a38613ef1b:vdc1">
            <readOnlyField>
                <field name="class" type="java.lang.Class" value="class com.emc.storageos.db.client.model.StorageHADomain"/>
                <field name="id" type="java.net.URI" value="urn:storageos:StorageHADomain:fce6bf3e-82b7-4052-a063-e4a38613ef1b:vdc1"/>
            </readOnlyField>
            <field name="adapterName" type="java.lang.String" value="xtremio-portgroup"/>
            <field name="creationTime" type="java.util.Calendar" value="java.util.GregorianCalendar[time=1434737873883,areFieldsSet=true,areAllFieldsSet=true,lenient=true,zone=sun.util.calendar.ZoneInfo[id=&quot;UTC&quot;,offset=0,dstSavings=0,useDaylight=false,transitions=0,lastRule=null],firstDayOfWeek=1,minimalDaysInFirstWeek=1,ERA=1,YEAR=2015,MONTH=5,WEEK_OF_YEAR=25,WEEK_OF_MONTH=3,DAY_OF_MONTH=19,DAY_OF_YEAR=170,DAY_OF_WEEK=6,DAY_OF_WEEK_IN_MONTH=3,AM_PM=1,HOUR=6,HOUR_OF_DAY=18,MINUTE=17,SECOND=53,MILLISECOND=883,ZONE_OFFSET=0,DST_OFFSET=0]"/>
            <field name="inactive" type="java.lang.Boolean" value="false"/>
            <field name="internalFlags" type="java.lang.Long" value="0"/>
            <field name="label" type="java.lang.String" value=""/>
            <field name="metrics" type="com.emc.storageos.db.client.model.StringMap">
                <wrapper>
                    <stringMap/>
                </wrapper>
            </field>
            <field name="name" type="java.lang.String" value="xtremio-portgroup"/>
            <field name="nativeGuid" type="java.lang.String" value="XTREMIO+APM00144756665+ADAPTER+APM00144756665"/>
            <field name="numberofPorts" type="java.lang.String" value="16"/>
            <field name="opStatus" type="com.emc.storageos.db.client.model.OpStatusMap">
                <wrapper>
                    <opStatusMap/>
                </wrapper>
            </field>
            <field name="storageDeviceURI" type="java.net.URI" value="urn:storageos:StorageSystem:43c1a4c3-d50c-490f-bde4-02b37868acc1:vdc1"/>
            <field name="virtual" type="java.lang.Boolean" value="false"/>
        </record>
        <record id="urn:storageos:StorageHADomain:b456eafb-f12c-4e7c-aa7a-7f40917962a0:vdc1">
            <readOnlyField>
                <field name="class" type="java.lang.Class" value="class com.emc.storageos.db.client.model.StorageHADomain"/>
                <field name="id" type="java.net.URI" value="urn:storageos:StorageHADomain:b456eafb-f12c-4e7c-aa7a-7f40917962a0:vdc1"/>
            </readOnlyField>
            <field name="adapterName" type="java.lang.String" value="X2-SC1"/>
            <field name="creationTime" type="java.util.Calendar" value="java.util.GregorianCalendar[time=1447968571122,areFieldsSet=true,areAllFieldsSet=true,lenient=true,zone=sun.util.calendar.ZoneInfo[id=&quot;UTC&quot;,offset=0,dstSavings=0,useDaylight=false,transitions=0,lastRule=null],firstDayOfWeek=1,minimalDaysInFirstWeek=1,ERA=1,YEAR=2015,MONTH=10,WEEK_OF_YEAR=47,WEEK_OF_MONTH=3,DAY_OF_MONTH=19,DAY_OF_YEAR=323,DAY_OF_WEEK=5,DAY_OF_WEEK_IN_MONTH=3,AM_PM=1,HOUR=9,HOUR_OF_DAY=21,MINUTE=29,SECOND=31,MILLISECOND=122,ZONE_OFFSET=0,DST_OFFSET=0]"/>
            <field name="inactive" type="java.lang.Boolean" value="false"/>
            <field name="internalFlags" type="java.lang.Long" value="0"/>
            <field name="label" type="java.lang.String" value=""/>
            <field name="metrics" type="com.emc.storageos.db.client.model.StringMap">
                <wrapper>
                    <stringMap/>
                </wrapper>
            </field>
            <field name="name" type="java.lang.String" value="X2-SC1"/>
            <field name="nativeGuid" type="java.lang.String" value="XTREMIO+APM00144756665+ADAPTER+X2-SC1"/>
            <field name="numberofPorts" type="java.lang.String" value="4"/>
            <field name="opStatus" type="com.emc.storageos.db.client.model.OpStatusMap">
                <wrapper>
                    <opStatusMap/>
                </wrapper>
            </field>
            <field name="storageDeviceURI" type="java.net.URI" value="urn:storageos:StorageSystem:43c1a4c3-d50c-490f-bde4-02b37868acc1:vdc1"/>
            <field name="virtual" type="java.lang.Boolean" value="false"/>
        </record>
        <record id="urn:storageos:StorageHADomain:72cbf073-8b15-48b3-9fb6-eba92656254b:vdc1">
            <readOnlyField>
                <field name="class" type="java.lang.Class" value="class com.emc.storageos.db.client.model.StorageHADomain"/>
                <field name="id" type="java.net.URI" value="urn:storageos:StorageHADomain:72cbf073-8b15-48b3-9fb6-eba92656254b:vdc1"/>
            </readOnlyField>
            <field name="adapterName" type="java.lang.String" value="X1-SC2"/>
            <field name="creationTime" type="java.util.Calendar" value="java.util.GregorianCalendar[time=1447968568949,areFieldsSet=true,areAllFieldsSet=true,lenient=true,zone=sun.util.calendar.ZoneInfo[id=&quot;UTC&quot;,offset=0,dstSavings=0,useDaylight=false,transitions=0,lastRule=null],firstDayOfWeek=1,minimalDaysInFirstWeek=1,ERA=1,YEAR=2015,MONTH=10,WEEK_OF_YEAR=47,WEEK_OF_MONTH=3,DAY_OF_MONTH=19,DAY_OF_YEAR=323,DAY_OF_WEEK=5,DAY_OF_WEEK_IN_MONTH=3,AM_PM=1,HOUR=9,HOUR_OF_DAY=21,MINUTE=29,SECOND=28,MILLISECOND=949,ZONE_OFFSET=0,DST_OFFSET=0]"/>
            <field name="inactive" type="java.lang.Boolean" value="false"/>
            <field name="internalFlags" type="java.lang.Long" value="0"/>
            <field name="label" type="java.lang.String" value=""/>
            <field name="metrics" type="com.emc.storageos.db.client.model.StringMap">
                <wrapper>
                    <stringMap/>
                </wrapper>
            </field>
            <field name="name" type="java.lang.String" value="X1-SC2"/>
            <field name="nativeGuid" type="java.lang.String" value="XTREMIO+APM00144756665+ADAPTER+X1-SC2"/>
            <field name="numberofPorts" type="java.lang.String" value="4"/>
            <field name="opStatus" type="com.emc.storageos.db.client.model.OpStatusMap">
                <wrapper>
                    <opStatusMap/>
                </wrapper>
            </field>
            <field name="storageDeviceURI" type="java.net.URI" value="urn:storageos:StorageSystem:43c1a4c3-d50c-490f-bde4-02b37868acc1:vdc1"/>
            <field name="virtual" type="java.lang.Boolean" value="false"/>
        </record>
        <record id="urn:storageos:StorageHADomain:14ae2443-22ce-476f-b4c9-01a36b95d72e:vdc1">
            <readOnlyField>
                <field name="class" type="java.lang.Class" value="class com.emc.storageos.db.client.model.StorageHADomain"/>
                <field name="id" type="java.net.URI" value="urn:storageos:StorageHADomain:14ae2443-22ce-476f-b4c9-01a36b95d72e:vdc1"/>
            </readOnlyField>
            <field name="adapterName" type="java.lang.String" value="director-2-2-A"/>
            <field name="creationTime" type="java.util.Calendar" value="java.util.GregorianCalendar[time=1434038951397,areFieldsSet=true,areAllFieldsSet=true,lenient=true,zone=sun.util.calendar.ZoneInfo[id=&quot;UTC&quot;,offset=0,dstSavings=0,useDaylight=false,transitions=0,lastRule=null],firstDayOfWeek=1,minimalDaysInFirstWeek=1,ERA=1,YEAR=2015,MONTH=5,WEEK_OF_YEAR=24,WEEK_OF_MONTH=2,DAY_OF_MONTH=11,DAY_OF_YEAR=162,DAY_OF_WEEK=5,DAY_OF_WEEK_IN_MONTH=2,AM_PM=1,HOUR=4,HOUR_OF_DAY=16,MINUTE=9,SECOND=11,MILLISECOND=397,ZONE_OFFSET=0,DST_OFFSET=0]"/>
            <field name="inactive" type="java.lang.Boolean" value="false"/>
            <field name="internalFlags" type="java.lang.Long" value="0"/>
            <field name="label" type="java.lang.String" value=""/>
            <field name="metrics" type="com.emc.storageos.db.client.model.StringMap">
                <wrapper>
                    <stringMap/>
                </wrapper>
            </field>
            <field name="name" type="java.lang.String" value="director-2-2-A"/>
            <field name="nativeGuid" type="java.lang.String" value="VPLEX+FNM00141900418:FNM00141200360+ADAPTER+CF23K141000087"/>
            <field name="numberofPorts" type="java.lang.String" value="8"/>
            <field name="opStatus" type="com.emc.storageos.db.client.model.OpStatusMap">
                <wrapper>
                    <opStatusMap/>
                </wrapper>
            </field>
            <field name="protocol" type="java.lang.String" value="FC"/>
            <field name="serialNumber" type="java.lang.String" value="CF23K141000087"/>
            <field name="slotNumber" type="java.lang.String" value="10"/>
            <field name="storageDeviceURI" type="java.net.URI" value="urn:storageos:StorageSystem:cbb9cf9a-432e-4be9-b1e4-b80fd7b955aa:vdc1"/>
            <field name="virtual" type="java.lang.Boolean" value="false"/>
        </record>
        <record id="urn:storageos:StorageHADomain:e949e3d9-a065-4933-aaa1-73501d2b32e7:vdc1">
            <readOnlyField>
                <field name="class" type="java.lang.Class" value="class com.emc.storageos.db.client.model.StorageHADomain"/>
                <field name="id" type="java.net.URI" value="urn:storageos:StorageHADomain:e949e3d9-a065-4933-aaa1-73501d2b32e7:vdc1"/>
            </readOnlyField>
            <field name="adapterName" type="java.lang.String" value="xtremio-portgroup"/>
            <field name="creationTime" type="java.util.Calendar" value="java.util.GregorianCalendar[time=1437771887527,areFieldsSet=true,areAllFieldsSet=true,lenient=true,zone=sun.util.calendar.ZoneInfo[id=&quot;UTC&quot;,offset=0,dstSavings=0,useDaylight=false,transitions=0,lastRule=null],firstDayOfWeek=1,minimalDaysInFirstWeek=1,ERA=1,YEAR=2015,MONTH=6,WEEK_OF_YEAR=30,WEEK_OF_MONTH=4,DAY_OF_MONTH=24,DAY_OF_YEAR=205,DAY_OF_WEEK=6,DAY_OF_WEEK_IN_MONTH=4,AM_PM=1,HOUR=9,HOUR_OF_DAY=21,MINUTE=4,SECOND=47,MILLISECOND=527,ZONE_OFFSET=0,DST_OFFSET=0]"/>
            <field name="inactive" type="java.lang.Boolean" value="false"/>
            <field name="internalFlags" type="java.lang.Long" value="0"/>
            <field name="label" type="java.lang.String" value=""/>
            <field name="metrics" type="com.emc.storageos.db.client.model.StringMap">
                <wrapper>
                    <stringMap/>
                </wrapper>
            </field>
            <field name="name" type="java.lang.String" value="xtremio-portgroup"/>
            <field name="nativeGuid" type="java.lang.String" value="XTREMIO+APM00141017919+ADAPTER+APM00141017919"/>
            <field name="numberofPorts" type="java.lang.String" value="16"/>
            <field name="opStatus" type="com.emc.storageos.db.client.model.OpStatusMap">
                <wrapper>
                    <opStatusMap/>
                </wrapper>
            </field>
            <field name="storageDeviceURI" type="java.net.URI" value="urn:storageos:StorageSystem:82745a16-21bc-4848-bbcf-6f03f82cf902:vdc1"/>
            <field name="virtual" type="java.lang.Boolean" value="false"/>
        </record>
        <record id="urn:storageos:StorageHADomain:d9735163-0f4a-489e-86c8-028624828b2c:vdc1">
            <readOnlyField>
                <field name="class" type="java.lang.Class" value="class com.emc.storageos.db.client.model.StorageHADomain"/>
                <field name="id" type="java.net.URI" value="urn:storageos:StorageHADomain:d9735163-0f4a-489e-86c8-028624828b2c:vdc1"/>
            </readOnlyField>
            <field name="adapterName" type="java.lang.String" value="director-2-1-A"/>
            <field name="creationTime" type="java.util.Calendar" value="java.util.GregorianCalendar[time=1434038950808,areFieldsSet=true,areAllFieldsSet=true,lenient=true,zone=sun.util.calendar.ZoneInfo[id=&quot;UTC&quot;,offset=0,dstSavings=0,useDaylight=false,transitions=0,lastRule=null],firstDayOfWeek=1,minimalDaysInFirstWeek=1,ERA=1,YEAR=2015,MONTH=5,WEEK_OF_YEAR=24,WEEK_OF_MONTH=2,DAY_OF_MONTH=11,DAY_OF_YEAR=162,DAY_OF_WEEK=5,DAY_OF_WEEK_IN_MONTH=2,AM_PM=1,HOUR=4,HOUR_OF_DAY=16,MINUTE=9,SECOND=10,MILLISECOND=808,ZONE_OFFSET=0,DST_OFFSET=0]"/>
            <field name="inactive" type="java.lang.Boolean" value="false"/>
            <field name="internalFlags" type="java.lang.Long" value="0"/>
            <field name="label" type="java.lang.String" value=""/>
            <field name="metrics" type="com.emc.storageos.db.client.model.StringMap">
                <wrapper>
                    <stringMap/>
                </wrapper>
            </field>
            <field name="name" type="java.lang.String" value="director-2-1-A"/>
            <field name="nativeGuid" type="java.lang.String" value="VPLEX+FNM00141900418:FNM00141200360+ADAPTER+CF23K141000047"/>
            <field name="numberofPorts" type="java.lang.String" value="8"/>
            <field name="opStatus" type="com.emc.storageos.db.client.model.OpStatusMap">
                <wrapper>
                    <opStatusMap/>
                </wrapper>
            </field>
            <field name="protocol" type="java.lang.String" value="FC"/>
            <field name="serialNumber" type="java.lang.String" value="CF23K141000047"/>
            <field name="slotNumber" type="java.lang.String" value="8"/>
            <field name="storageDeviceURI" type="java.net.URI" value="urn:storageos:StorageSystem:cbb9cf9a-432e-4be9-b1e4-b80fd7b955aa:vdc1"/>
            <field name="virtual" type="java.lang.Boolean" value="false"/>
        </record>
        <record id="urn:storageos:StorageHADomain:f87d3e19-ce3d-4d5b-ad80-2dd28b306c63:vdc1">
            <readOnlyField>
                <field name="class" type="java.lang.Class" value="class com.emc.storageos.db.client.model.StorageHADomain"/>
                <field name="id" type="java.net.URI" value="urn:storageos:StorageHADomain:f87d3e19-ce3d-4d5b-ad80-2dd28b306c63:vdc1"/>
            </readOnlyField>
            <field name="adapterName" type="java.lang.String" value="X1-SC1"/>
            <field name="creationTime" type="java.util.Calendar" value="java.util.GregorianCalendar[time=1447968565478,areFieldsSet=true,areAllFieldsSet=true,lenient=true,zone=sun.util.calendar.ZoneInfo[id=&quot;UTC&quot;,offset=0,dstSavings=0,useDaylight=false,transitions=0,lastRule=null],firstDayOfWeek=1,minimalDaysInFirstWeek=1,ERA=1,YEAR=2015,MONTH=10,WEEK_OF_YEAR=47,WEEK_OF_MONTH=3,DAY_OF_MONTH=19,DAY_OF_YEAR=323,DAY_OF_WEEK=5,DAY_OF_WEEK_IN_MONTH=3,AM_PM=1,HOUR=9,HOUR_OF_DAY=21,MINUTE=29,SECOND=25,MILLISECOND=478,ZONE_OFFSET=0,DST_OFFSET=0]"/>
            <field name="inactive" type="java.lang.Boolean" value="false"/>
            <field name="internalFlags" type="java.lang.Long" value="0"/>
            <field name="label" type="java.lang.String" value=""/>
            <field name="metrics" type="com.emc.storageos.db.client.model.StringMap">
                <wrapper>
                    <stringMap/>
                </wrapper>
            </field>
            <field name="name" type="java.lang.String" value="X1-SC1"/>
            <field name="nativeGuid" type="java.lang.String" value="XTREMIO+APM00144756665+ADAPTER+X1-SC1"/>
            <field name="numberofPorts" type="java.lang.String" value="4"/>
            <field name="opStatus" type="com.emc.storageos.db.client.model.OpStatusMap">
                <wrapper>
                    <opStatusMap/>
                </wrapper>
            </field>
            <field name="storageDeviceURI" type="java.net.URI" value="urn:storageos:StorageSystem:43c1a4c3-d50c-490f-bde4-02b37868acc1:vdc1"/>
            <field name="virtual" type="java.lang.Boolean" value="false"/>
        </record>
        <record id="urn:storageos:StorageHADomain:105804b1-fc2c-4c0a-9cd7-ff0e826640aa:vdc1">
            <readOnlyField>
                <field name="class" type="java.lang.Class" value="class com.emc.storageos.db.client.model.StorageHADomain"/>
                <field name="id" type="java.net.URI" value="urn:storageos:StorageHADomain:105804b1-fc2c-4c0a-9cd7-ff0e826640aa:vdc1"/>
            </readOnlyField>
            <field name="adapterName" type="java.lang.String" value="X1-SC2"/>
            <field name="creationTime" type="java.util.Calendar" value="java.util.GregorianCalendar[time=1447968597319,areFieldsSet=true,areAllFieldsSet=true,lenient=true,zone=sun.util.calendar.ZoneInfo[id=&quot;UTC&quot;,offset=0,dstSavings=0,useDaylight=false,transitions=0,lastRule=null],firstDayOfWeek=1,minimalDaysInFirstWeek=1,ERA=1,YEAR=2015,MONTH=10,WEEK_OF_YEAR=47,WEEK_OF_MONTH=3,DAY_OF_MONTH=19,DAY_OF_YEAR=323,DAY_OF_WEEK=5,DAY_OF_WEEK_IN_MONTH=3,AM_PM=1,HOUR=9,HOUR_OF_DAY=21,MINUTE=29,SECOND=57,MILLISECOND=319,ZONE_OFFSET=0,DST_OFFSET=0]"/>
            <field name="inactive" type="java.lang.Boolean" value="false"/>
            <field name="internalFlags" type="java.lang.Long" value="0"/>
            <field name="label" type="java.lang.String" value=""/>
            <field name="metrics" type="com.emc.storageos.db.client.model.StringMap">
                <wrapper>
                    <stringMap/>
                </wrapper>
            </field>
            <field name="name" type="java.lang.String" value="X1-SC2"/>
            <field name="nativeGuid" type="java.lang.String" value="XTREMIO+APM00141017919+ADAPTER+X1-SC2"/>
            <field name="numberofPorts" type="java.lang.String" value="4"/>
            <field name="opStatus" type="com.emc.storageos.db.client.model.OpStatusMap">
                <wrapper>
                    <opStatusMap/>
                </wrapper>
            </field>
            <field name="storageDeviceURI" type="java.net.URI" value="urn:storageos:StorageSystem:82745a16-21bc-4848-bbcf-6f03f82cf902:vdc1"/>
            <field name="virtual" type="java.lang.Boolean" value="false"/>
        </record>
        <record id="urn:storageos:StorageHADomain:36f3264d-c899-46e8-9a9b-a58622740d71:vdc1">
            <readOnlyField>
                <field name="class" type="java.lang.Class" value="class com.emc.storageos.db.client.model.StorageHADomain"/>
                <field name="id" type="java.net.URI" value="urn:storageos:StorageHADomain:36f3264d-c899-46e8-9a9b-a58622740d71:vdc1"/>
            </readOnlyField>
            <field name="adapterName" type="java.lang.String" value="director-1-1-B"/>
            <field name="creationTime" type="java.util.Calendar" value="java.util.GregorianCalendar[time=1434038948459,areFieldsSet=true,areAllFieldsSet=true,lenient=true,zone=sun.util.calendar.ZoneInfo[id=&quot;UTC&quot;,offset=0,dstSavings=0,useDaylight=false,transitions=0,lastRule=null],firstDayOfWeek=1,minimalDaysInFirstWeek=1,ERA=1,YEAR=2015,MONTH=5,WEEK_OF_YEAR=24,WEEK_OF_MONTH=2,DAY_OF_MONTH=11,DAY_OF_YEAR=162,DAY_OF_WEEK=5,DAY_OF_WEEK_IN_MONTH=2,AM_PM=1,HOUR=4,HOUR_OF_DAY=16,MINUTE=9,SECOND=8,MILLISECOND=459,ZONE_OFFSET=0,DST_OFFSET=0]"/>
            <field name="inactive" type="java.lang.Boolean" value="false"/>
            <field name="internalFlags" type="java.lang.Long" value="0"/>
            <field name="label" type="java.lang.String" value=""/>
            <field name="metrics" type="com.emc.storageos.db.client.model.StringMap">
                <wrapper>
                    <stringMap/>
                </wrapper>
            </field>
            <field name="name" type="java.lang.String" value="director-1-1-B"/>
            <field name="nativeGuid" type="java.lang.String" value="VPLEX+FNM00141900418:FNM00141200360+ADAPTER+CF23K141000102"/>
            <field name="numberofPorts" type="java.lang.String" value="8"/>
            <field name="opStatus" type="com.emc.storageos.db.client.model.OpStatusMap">
                <wrapper>
                    <opStatusMap/>
                </wrapper>
            </field>
            <field name="protocol" type="java.lang.String" value="FC"/>
            <field name="serialNumber" type="java.lang.String" value="CF23K141000102"/>
            <field name="slotNumber" type="java.lang.String" value="1"/>
            <field name="storageDeviceURI" type="java.net.URI" value="urn:storageos:StorageSystem:cbb9cf9a-432e-4be9-b1e4-b80fd7b955aa:vdc1"/>
            <field name="virtual" type="java.lang.Boolean" value="false"/>
        </record>
        <record id="urn:storageos:StorageHADomain:0b8263f9-530d-4ed6-bd10-412c5814e8a7:vdc1">
            <readOnlyField>
                <field name="class" type="java.lang.Class" value="class com.emc.storageos.db.client.model.StorageHADomain"/>
                <field name="id" type="java.net.URI" value="urn:storageos:StorageHADomain:0b8263f9-530d-4ed6-bd10-412c5814e8a7:vdc1"/>
            </readOnlyField>
            <field name="adapterName" type="java.lang.String" value="X1-SC1"/>
            <field name="creationTime" type="java.util.Calendar" value="java.util.GregorianCalendar[time=1447968591212,areFieldsSet=true,areAllFieldsSet=true,lenient=true,zone=sun.util.calendar.ZoneInfo[id=&quot;UTC&quot;,offset=0,dstSavings=0,useDaylight=false,transitions=0,lastRule=null],firstDayOfWeek=1,minimalDaysInFirstWeek=1,ERA=1,YEAR=2015,MONTH=10,WEEK_OF_YEAR=47,WEEK_OF_MONTH=3,DAY_OF_MONTH=19,DAY_OF_YEAR=323,DAY_OF_WEEK=5,DAY_OF_WEEK_IN_MONTH=3,AM_PM=1,HOUR=9,HOUR_OF_DAY=21,MINUTE=29,SECOND=51,MILLISECOND=212,ZONE_OFFSET=0,DST_OFFSET=0]"/>
            <field name="inactive" type="java.lang.Boolean" value="false"/>
            <field name="internalFlags" type="java.lang.Long" value="0"/>
            <field name="label" type="java.lang.String" value=""/>
            <field name="metrics" type="com.emc.storageos.db.client.model.StringMap">
                <wrapper>
                    <stringMap/>
                </wrapper>
            </field>
            <field name="name" type="java.lang.String" value="X1-SC1"/>
            <field name="nativeGuid" type="java.lang.String" value="XTREMIO+APM00141017919+ADAPTER+X1-SC1"/>
            <field name="numberofPorts" type="java.lang.String" value="4"/>
            <field name="opStatus" type="com.emc.storageos.db.client.model.OpStatusMap">
                <wrapper>
                    <opStatusMap/>
                </wrapper>
            </field>
            <field name="storageDeviceURI" type="java.net.URI" value="urn:storageos:StorageSystem:82745a16-21bc-4848-bbcf-6f03f82cf902:vdc1"/>
            <field name="virtual" type="java.lang.Boolean" value="false"/>
        </record>
        <record id="urn:storageos:StorageHADomain:e6008ad9-6f81-434d-a0b0-adaea516629a:vdc1">
            <readOnlyField>
                <field name="class" type="java.lang.Class" value="class com.emc.storageos.db.client.model.StorageHADomain"/>
                <field name="id" type="java.net.URI" value="urn:storageos:StorageHADomain:e6008ad9-6f81-434d-a0b0-adaea516629a:vdc1"/>
            </readOnlyField>
            <field name="adapterName" type="java.lang.String" value="X2-SC1"/>
            <field name="creationTime" type="java.util.Calendar" value="java.util.GregorianCalendar[time=1447968604194,areFieldsSet=true,areAllFieldsSet=true,lenient=true,zone=sun.util.calendar.ZoneInfo[id=&quot;UTC&quot;,offset=0,dstSavings=0,useDaylight=false,transitions=0,lastRule=null],firstDayOfWeek=1,minimalDaysInFirstWeek=1,ERA=1,YEAR=2015,MONTH=10,WEEK_OF_YEAR=47,WEEK_OF_MONTH=3,DAY_OF_MONTH=19,DAY_OF_YEAR=323,DAY_OF_WEEK=5,DAY_OF_WEEK_IN_MONTH=3,AM_PM=1,HOUR=9,HOUR_OF_DAY=21,MINUTE=30,SECOND=4,MILLISECOND=194,ZONE_OFFSET=0,DST_OFFSET=0]"/>
            <field name="inactive" type="java.lang.Boolean" value="false"/>
            <field name="internalFlags" type="java.lang.Long" value="0"/>
            <field name="label" type="java.lang.String" value=""/>
            <field name="metrics" type="com.emc.storageos.db.client.model.StringMap">
                <wrapper>
                    <stringMap/>
                </wrapper>
            </field>
            <field name="name" type="java.lang.String" value="X2-SC1"/>
            <field name="nativeGuid" type="java.lang.String" value="XTREMIO+APM00141017919+ADAPTER+X2-SC1"/>
            <field name="numberofPorts" type="java.lang.String" value="4"/>
            <field name="opStatus" type="com.emc.storageos.db.client.model.OpStatusMap">
                <wrapper>
                    <opStatusMap/>
                </wrapper>
            </field>
            <field name="storageDeviceURI" type="java.net.URI" value="urn:storageos:StorageSystem:82745a16-21bc-4848-bbcf-6f03f82cf902:vdc1"/>
            <field name="virtual" type="java.lang.Boolean" value="false"/>
        </record>
        <record id="urn:storageos:StorageHADomain:36ab4686-cec8-4e45-bf48-fb9182ae79f9:vdc1">
            <readOnlyField>
                <field name="class" type="java.lang.Class" value="class com.emc.storageos.db.client.model.StorageHADomain"/>
                <field name="id" type="java.net.URI" value="urn:storageos:StorageHADomain:36ab4686-cec8-4e45-bf48-fb9182ae79f9:vdc1"/>
            </readOnlyField>
            <field name="adapterName" type="java.lang.String" value="director-1-2-A"/>
            <field name="creationTime" type="java.util.Calendar" value="java.util.GregorianCalendar[time=1434038948737,areFieldsSet=true,areAllFieldsSet=true,lenient=true,zone=sun.util.calendar.ZoneInfo[id=&quot;UTC&quot;,offset=0,dstSavings=0,useDaylight=false,transitions=0,lastRule=null],firstDayOfWeek=1,minimalDaysInFirstWeek=1,ERA=1,YEAR=2015,MONTH=5,WEEK_OF_YEAR=24,WEEK_OF_MONTH=2,DAY_OF_MONTH=11,DAY_OF_YEAR=162,DAY_OF_WEEK=5,DAY_OF_WEEK_IN_MONTH=2,AM_PM=1,HOUR=4,HOUR_OF_DAY=16,MINUTE=9,SECOND=8,MILLISECOND=737,ZONE_OFFSET=0,DST_OFFSET=0]"/>
            <field name="inactive" type="java.lang.Boolean" value="false"/>
            <field name="internalFlags" type="java.lang.Long" value="0"/>
            <field name="label" type="java.lang.String" value=""/>
            <field name="metrics" type="com.emc.storageos.db.client.model.StringMap">
                <wrapper>
                    <stringMap/>
                </wrapper>
            </field>
            <field name="name" type="java.lang.String" value="director-1-2-A"/>
            <field name="nativeGuid" type="java.lang.String" value="VPLEX+FNM00141900418:FNM00141200360+ADAPTER+CF23K141000033"/>
            <field name="numberofPorts" type="java.lang.String" value="8"/>
            <field name="opStatus" type="com.emc.storageos.db.client.model.OpStatusMap">
                <wrapper>
                    <opStatusMap/>
                </wrapper>
            </field>
            <field name="protocol" type="java.lang.String" value="FC"/>
            <field name="serialNumber" type="java.lang.String" value="CF23K141000033"/>
            <field name="slotNumber" type="java.lang.String" value="2"/>
            <field name="storageDeviceURI" type="java.net.URI" value="urn:storageos:StorageSystem:cbb9cf9a-432e-4be9-b1e4-b80fd7b955aa:vdc1"/>
            <field name="virtual" type="java.lang.Boolean" value="false"/>
        </record>
        <record id="urn:storageos:StorageHADomain:14a1b903-9806-4e9e-9b3e-d4bef8ece8fd:vdc1">
            <readOnlyField>
                <field name="class" type="java.lang.Class" value="class com.emc.storageos.db.client.model.StorageHADomain"/>
                <field name="id" type="java.net.URI" value="urn:storageos:StorageHADomain:14a1b903-9806-4e9e-9b3e-d4bef8ece8fd:vdc1"/>
            </readOnlyField>
            <field name="adapterName" type="java.lang.String" value="director-1-2-B"/>
            <field name="creationTime" type="java.util.Calendar" value="java.util.GregorianCalendar[time=1434038950488,areFieldsSet=true,areAllFieldsSet=true,lenient=true,zone=sun.util.calendar.ZoneInfo[id=&quot;UTC&quot;,offset=0,dstSavings=0,useDaylight=false,transitions=0,lastRule=null],firstDayOfWeek=1,minimalDaysInFirstWeek=1,ERA=1,YEAR=2015,MONTH=5,WEEK_OF_YEAR=24,WEEK_OF_MONTH=2,DAY_OF_MONTH=11,DAY_OF_YEAR=162,DAY_OF_WEEK=5,DAY_OF_WEEK_IN_MONTH=2,AM_PM=1,HOUR=4,HOUR_OF_DAY=16,MINUTE=9,SECOND=10,MILLISECOND=488,ZONE_OFFSET=0,DST_OFFSET=0]"/>
            <field name="inactive" type="java.lang.Boolean" value="false"/>
            <field name="internalFlags" type="java.lang.Long" value="0"/>
            <field name="label" type="java.lang.String" value=""/>
            <field name="metrics" type="com.emc.storageos.db.client.model.StringMap">
                <wrapper>
                    <stringMap/>
                </wrapper>
            </field>
            <field name="name" type="java.lang.String" value="director-1-2-B"/>
            <field name="nativeGuid" type="java.lang.String" value="VPLEX+FNM00141900418:FNM00141200360+ADAPTER+CF23K141000032"/>
            <field name="numberofPorts" type="java.lang.String" value="8"/>
            <field name="opStatus" type="com.emc.storageos.db.client.model.OpStatusMap">
                <wrapper>
                    <opStatusMap/>
                </wrapper>
            </field>
            <field name="protocol" type="java.lang.String" value="FC"/>
            <field name="serialNumber" type="java.lang.String" value="CF23K141000032"/>
            <field name="slotNumber" type="java.lang.String" value="3"/>
            <field name="storageDeviceURI" type="java.net.URI" value="urn:storageos:StorageSystem:cbb9cf9a-432e-4be9-b1e4-b80fd7b955aa:vdc1"/>
            <field name="virtual" type="java.lang.Boolean" value="false"/>
        </record>
        <record id="urn:storageos:StorageHADomain:85dc7177-c8e0-4ff8-9f1a-1ba637fb6897:vdc1">
            <readOnlyField>
                <field name="class" type="java.lang.Class" value="class com.emc.storageos.db.client.model.StorageHADomain"/>
                <field name="id" type="java.net.URI" value="urn:storageos:StorageHADomain:85dc7177-c8e0-4ff8-9f1a-1ba637fb6897:vdc1"/>
            </readOnlyField>
            <field name="adapterName" type="java.lang.String" value="X2-SC2"/>
            <field name="creationTime" type="java.util.Calendar" value="java.util.GregorianCalendar[time=1447968578468,areFieldsSet=true,areAllFieldsSet=true,lenient=true,zone=sun.util.calendar.ZoneInfo[id=&quot;UTC&quot;,offset=0,dstSavings=0,useDaylight=false,transitions=0,lastRule=null],firstDayOfWeek=1,minimalDaysInFirstWeek=1,ERA=1,YEAR=2015,MONTH=10,WEEK_OF_YEAR=47,WEEK_OF_MONTH=3,DAY_OF_MONTH=19,DAY_OF_YEAR=323,DAY_OF_WEEK=5,DAY_OF_WEEK_IN_MONTH=3,AM_PM=1,HOUR=9,HOUR_OF_DAY=21,MINUTE=29,SECOND=38,MILLISECOND=468,ZONE_OFFSET=0,DST_OFFSET=0]"/>
            <field name="inactive" type="java.lang.Boolean" value="false"/>
            <field name="internalFlags" type="java.lang.Long" value="0"/>
            <field name="label" type="java.lang.String" value=""/>
            <field name="metrics" type="com.emc.storageos.db.client.model.StringMap">
                <wrapper>
                    <stringMap/>
                </wrapper>
            </field>
            <field name="name" type="java.lang.String" value="X2-SC2"/>
            <field name="nativeGuid" type="java.lang.String" value="XTREMIO+APM00144756665+ADAPTER+X2-SC2"/>
            <field name="numberofPorts" type="java.lang.String" value="4"/>
            <field name="opStatus" type="com.emc.storageos.db.client.model.OpStatusMap">
                <wrapper>
                    <opStatusMap/>
                </wrapper>
            </field>
            <field name="storageDeviceURI" type="java.net.URI" value="urn:storageos:StorageSystem:43c1a4c3-d50c-490f-bde4-02b37868acc1:vdc1"/>
            <field name="virtual" type="java.lang.Boolean" value="false"/>
        </record>
        <record id="urn:storageos:StorageHADomain:f5f8f874-bfab-4973-9e0e-ebef74f0041d:vdc1">
            <readOnlyField>
                <field name="class" type="java.lang.Class" value="class com.emc.storageos.db.client.model.StorageHADomain"/>
                <field name="id" type="java.net.URI" value="urn:storageos:StorageHADomain:f5f8f874-bfab-4973-9e0e-ebef74f0041d:vdc1"/>
            </readOnlyField>
            <field name="adapterName" type="java.lang.String" value="director-1-1-A"/>
            <field name="creationTime" type="java.util.Calendar" value="java.util.GregorianCalendar[time=1434038948036,areFieldsSet=true,areAllFieldsSet=true,lenient=true,zone=sun.util.calendar.ZoneInfo[id=&quot;UTC&quot;,offset=0,dstSavings=0,useDaylight=false,transitions=0,lastRule=null],firstDayOfWeek=1,minimalDaysInFirstWeek=1,ERA=1,YEAR=2015,MONTH=5,WEEK_OF_YEAR=24,WEEK_OF_MONTH=2,DAY_OF_MONTH=11,DAY_OF_YEAR=162,DAY_OF_WEEK=5,DAY_OF_WEEK_IN_MONTH=2,AM_PM=1,HOUR=4,HOUR_OF_DAY=16,MINUTE=9,SECOND=8,MILLISECOND=36,ZONE_OFFSET=0,DST_OFFSET=0]"/>
            <field name="inactive" type="java.lang.Boolean" value="false"/>
            <field name="internalFlags" type="java.lang.Long" value="0"/>
            <field name="label" type="java.lang.String" value=""/>
            <field name="metrics" type="com.emc.storageos.db.client.model.StringMap">
                <wrapper>
                    <stringMap/>
                </wrapper>
            </field>
            <field name="name" type="java.lang.String" value="director-1-1-A"/>
            <field name="nativeGuid" type="java.lang.String" value="VPLEX+FNM00141900418:FNM00141200360+ADAPTER+CF23K141000106"/>
            <field name="numberofPorts" type="java.lang.String" value="8"/>
            <field name="opStatus" type="com.emc.storageos.db.client.model.OpStatusMap">
                <wrapper>
                    <opStatusMap/>
                </wrapper>
            </field>
            <field name="protocol" type="java.lang.String" value="FC"/>
            <field name="serialNumber" type="java.lang.String" value="CF23K141000106"/>
            <field name="slotNumber" type="java.lang.String" value="0"/>
            <field name="storageDeviceURI" type="java.net.URI" value="urn:storageos:StorageSystem:cbb9cf9a-432e-4be9-b1e4-b80fd7b955aa:vdc1"/>
            <field name="virtual" type="java.lang.Boolean" value="false"/>
        </record>
        <record id="urn:storageos:StorageHADomain:63b55344-14b5-4945-b532-0c68fda9db0a:vdc1">
            <readOnlyField>
                <field name="class" type="java.lang.Class" value="class com.emc.storageos.db.client.model.StorageHADomain"/>
                <field name="id" type="java.net.URI" value="urn:storageos:StorageHADomain:63b55344-14b5-4945-b532-0c68fda9db0a:vdc1"/>
            </readOnlyField>
            <field name="adapterName" type="java.lang.String" value="director-2-1-B"/>
            <field name="creationTime" type="java.util.Calendar" value="java.util.GregorianCalendar[time=1434038951115,areFieldsSet=true,areAllFieldsSet=true,lenient=true,zone=sun.util.calendar.ZoneInfo[id=&quot;UTC&quot;,offset=0,dstSavings=0,useDaylight=false,transitions=0,lastRule=null],firstDayOfWeek=1,minimalDaysInFirstWeek=1,ERA=1,YEAR=2015,MONTH=5,WEEK_OF_YEAR=24,WEEK_OF_MONTH=2,DAY_OF_MONTH=11,DAY_OF_YEAR=162,DAY_OF_WEEK=5,DAY_OF_WEEK_IN_MONTH=2,AM_PM=1,HOUR=4,HOUR_OF_DAY=16,MINUTE=9,SECOND=11,MILLISECOND=115,ZONE_OFFSET=0,DST_OFFSET=0]"/>
            <field name="inactive" type="java.lang.Boolean" value="false"/>
            <field name="internalFlags" type="java.lang.Long" value="0"/>
            <field name="label" type="java.lang.String" value=""/>
            <field name="metrics" type="com.emc.storageos.db.client.model.StringMap">
                <wrapper>
                    <stringMap/>
                </wrapper>
            </field>
            <field name="name" type="java.lang.String" value="director-2-1-B"/>
            <field name="nativeGuid" type="java.lang.String" value="VPLEX+FNM00141900418:FNM00141200360+ADAPTER+CF23K141000041"/>
            <field name="numberofPorts" type="java.lang.String" value="8"/>
            <field name="opStatus" type="com.emc.storageos.db.client.model.OpStatusMap">
                <wrapper>
                    <opStatusMap/>
                </wrapper>
            </field>
            <field name="protocol" type="java.lang.String" value="FC"/>
            <field name="serialNumber" type="java.lang.String" value="CF23K141000041"/>
            <field name="slotNumber" type="java.lang.String" value="9"/>
            <field name="storageDeviceURI" type="java.net.URI" value="urn:storageos:StorageSystem:cbb9cf9a-432e-4be9-b1e4-b80fd7b955aa:vdc1"/>
            <field name="virtual" type="java.lang.Boolean" value="false"/>
        </record>
        <record id="urn:storageos:StorageHADomain:aa0330a2-bfeb-4404-ab05-3d22ff9b71fc:vdc1">
            <readOnlyField>
                <field name="class" type="java.lang.Class" value="class com.emc.storageos.db.client.model.StorageHADomain"/>
                <field name="id" type="java.net.URI" value="urn:storageos:StorageHADomain:aa0330a2-bfeb-4404-ab05-3d22ff9b71fc:vdc1"/>
            </readOnlyField>
            <field name="adapterName" type="java.lang.String" value="director-2-2-B"/>
            <field name="creationTime" type="java.util.Calendar" value="java.util.GregorianCalendar[time=1434038956370,areFieldsSet=true,areAllFieldsSet=true,lenient=true,zone=sun.util.calendar.ZoneInfo[id=&quot;UTC&quot;,offset=0,dstSavings=0,useDaylight=false,transitions=0,lastRule=null],firstDayOfWeek=1,minimalDaysInFirstWeek=1,ERA=1,YEAR=2015,MONTH=5,WEEK_OF_YEAR=24,WEEK_OF_MONTH=2,DAY_OF_MONTH=11,DAY_OF_YEAR=162,DAY_OF_WEEK=5,DAY_OF_WEEK_IN_MONTH=2,AM_PM=1,HOUR=4,HOUR_OF_DAY=16,MINUTE=9,SECOND=16,MILLISECOND=370,ZONE_OFFSET=0,DST_OFFSET=0]"/>
            <field name="inactive" type="java.lang.Boolean" value="false"/>
            <field name="internalFlags" type="java.lang.Long" value="0"/>
            <field name="label" type="java.lang.String" value=""/>
            <field name="metrics" type="com.emc.storageos.db.client.model.StringMap">
                <wrapper>
                    <stringMap/>
                </wrapper>
            </field>
            <field name="name" type="java.lang.String" value="director-2-2-B"/>
            <field name="nativeGuid" type="java.lang.String" value="VPLEX+FNM00141900418:FNM00141200360+ADAPTER+CF23K141000146"/>
            <field name="numberofPorts" type="java.lang.String" value="8"/>
            <field name="opStatus" type="com.emc.storageos.db.client.model.OpStatusMap">
                <wrapper>
                    <opStatusMap/>
                </wrapper>
            </field>
            <field name="protocol" type="java.lang.String" value="FC"/>
            <field name="serialNumber" type="java.lang.String" value="CF23K141000146"/>
            <field name="slotNumber" type="java.lang.String" value="11"/>
            <field name="storageDeviceURI" type="java.net.URI" value="urn:storageos:StorageSystem:cbb9cf9a-432e-4be9-b1e4-b80fd7b955aa:vdc1"/>
            <field name="virtual" type="java.lang.Boolean" value="false"/>
        </record>
    </data_object_schema>
</dbschemas>
