<?xml version="1.0" encoding="utf-8" standalone="no"?>
<dbschemas>
    <data_object_schema name="StorageSystem">
        <record id="urn:storageos:StorageSystem:15f5b815-a165-4f42-848d-c258c5c9e137:vdc1">
            <readOnlyField>
                <field name="class" type="java.lang.Class" value="class com.emc.storageos.db.client.model.StorageSystem"/>
                <field name="id" type="java.net.URI" value="urn:storageos:StorageSystem:15f5b815-a165-4f42-848d-c258c5c9e137:vdc1"/>
            </readOnlyField>
            <field name="associatedStorageSystems" type="com.emc.storageos.db.client.model.StringSet">
                <wrapper/>
            </field>
            <field name="autoDiscovered" type="java.lang.Boolean" value="false"/>
            <field name="autoTieringEnabled" type="java.lang.Boolean" value="false"/>
            <field name="compatibilityStatus" type="java.lang.String" value="COMPATIBLE"/>
            <field name="creationTime" type="java.util.Calendar" value="java.util.GregorianCalendar[time=1442523636428,areFieldsSet=true,areAllFieldsSet=true,lenient=true,zone=sun.util.calendar.ZoneInfo[id=&quot;UTC&quot;,offset=0,dstSavings=0,useDaylight=false,transitions=0,lastRule=null],firstDayOfWeek=1,minimalDaysInFirstWeek=1,ERA=1,YEAR=2015,MONTH=8,WEEK_OF_YEAR=38,WEEK_OF_MONTH=3,DAY_OF_MONTH=17,DAY_OF_YEAR=260,DAY_OF_WEEK=5,DAY_OF_WEEK_IN_MONTH=3,AM_PM=1,HOUR=9,HOUR_OF_DAY=21,MINUTE=0,SECOND=36,MILLISECOND=428,ZONE_OFFSET=0,DST_OFFSET=0]"/>
            <field name="discoveryStatus" type="java.lang.String" value="ERROR"/>
            <field name="firmwareVersion" type="java.lang.String" value="8.0.0.BETA.0"/>
            <field name="inactive" type="java.lang.Boolean" value="false"/>
            <field name="internalFlags" type="java.lang.Long" value="0"/>
            <field name="ipAddress" type="java.lang.String" value="10.247.96.120"/>
            <field name="isResourceLimitSet" type="java.lang.Boolean" value="false"/>
            <field name="label" type="java.lang.String" value="LGLW6120"/>
            <field name="lastDiscoveryRunTime" type="java.lang.Long" value="1449479100123"/>
            <field name="lastDiscoveryStatusMessage" type="java.lang.String" value="Discovery failed for Isilon urn:storageos:StorageSystem:15f5b815-a165-4f42-848d-c258c5c9e137:vdc1 because Can't overwrite cause with com.emc.storageos.isilon.restapi.IsilonException: HTTP response from Isilon: list diskpools failed, status 500 from https://10.247.96.120:8080/, message [{&quot;code&quot;:&quot;AEC_EXCEPTION&quot;,&quot;message&quot;:&quot;External command returned invalid JSON&quot;}]"/>
            <field name="lastMeteringRunTime" type="java.lang.Long" value="1449479093392"/>
            <field name="lastRefresh" type="java.lang.Long" value="0"/>
            <field name="maxResources" type="java.lang.Integer" value="-1"/>
            <field name="meteringStatus" type="java.lang.String" value="COMPLETE"/>
            <field name="mgmtAccessPoint" type="java.lang.String" value="10.247.96.120-8080"/>
            <field name="nativeGuid" type="java.lang.String" value="ISILON+001b21c257e2b51633536402be32a23d4a4e"/>
            <field name="nextDiscoveryRunTime" type="java.lang.Long" value="1449482695496"/>
            <field name="nextMeteringRunTime" type="java.lang.Long" value="1449482680669"/>
            <field name="opStatus" type="com.emc.storageos.db.client.model.OpStatusMap">
                <wrapper>
                    <opStatusMap>
                        <entry>
                            <key>18dd2812-08f1-49fe-9f72-210a5bfca154</key>
                            <value>
                                <description>obtain metering information on a storage system</description>
                                <endTime>2015-12-07T09:04:55.030Z</endTime>
                                <message>Operation completed successfully</message>
                                <name>METERING STORAGE SYSTEM</name>
                                <progress>100</progress>
                                <startTime>2015-12-07T09:04:38.824Z</startTime>
                                <status>ready</status>
                            </value>
                        </entry>
                        <entry>
                            <key>036dabf5-dac0-4e18-a6d7-f89536a5cc6a</key>
                            <value>
                                <description>discover a storage systems</description>
                                <endTime>2015-12-07T07:04:51.682Z</endTime>
                                <message>Discovery failed for Isilon urn:storageos:StorageSystem:15f5b815-a165-4f42-848d-c258c5c9e137:vdc1 because Cant overwrite cause with com.emc.storageos.isilon.restapi.IsilonException: HTTP response from Isilon: list diskpools failed, status 500 from https://10.247.96.120:8080/, message [{"code":"AEC_EXCEPTION","message":"External command returned invalid JSON"}]</message>
                                <name>DISCOVER STORAGESYSTEM</name>
                                <serviceCode>12001</serviceCode>
                                <startTime>2015-12-07T07:04:43.178Z</startTime>
                                <status>error</status>
                            </value>
                        </entry>
                        <entry>
                            <key>f500a11b-e372-4a2f-b17c-0013c6a0ada1</key>
                            <value>
                                <description>obtain metering information on a storage system</description>
                                <endTime>2015-12-07T06:04:39.375Z</endTime>
                                <message>Operation completed successfully</message>
                                <name>METERING STORAGE SYSTEM</name>
                                <progress>100</progress>
                                <startTime>2015-12-07T06:04:35.989Z</startTime>
                                <status>ready</status>
                            </value>
                        </entry>
                        <entry>
                            <key>dddf7299-c389-4788-9ce3-647179204cf7</key>
                            <value>
                                <description>obtain metering information on a storage system</description>
                                <endTime>2015-12-07T08:04:41.372Z</endTime>
                                <message>Operation completed successfully</message>
                                <name>METERING STORAGE SYSTEM</name>
                                <progress>100</progress>
                                <startTime>2015-12-07T08:04:37.718Z</startTime>
                                <status>ready</status>
                            </value>
                        </entry>
                        <entry>
                            <key>d7a60ea9-3909-4cb2-a1bd-807a1233dc35</key>
                            <value>
                                <description>discover a storage systems</description>
                                <endTime>2015-12-07T05:04:50.332Z</endTime>
                                <message>Discovery failed for Isilon urn:storageos:StorageSystem:15f5b815-a165-4f42-848d-c258c5c9e137:vdc1 because Cant overwrite cause with com.emc.storageos.isilon.restapi.IsilonException: HTTP response from Isilon: list diskpools failed, status 500 from https://10.247.96.120:8080/, message [{"code":"AEC_EXCEPTION","message":"External command returned invalid JSON"}]</message>
                                <name>DISCOVER STORAGESYSTEM</name>
                                <serviceCode>12001</serviceCode>
                                <startTime>2015-12-07T05:04:42.643Z</startTime>
                                <status>error</status>
                            </value>
                        </entry>
                        <entry>
                            <key>a5b2d9f7-da87-41be-b1aa-c31da805a511</key>
                            <value>
                                <description>obtain metering information on a storage system</description>
                                <endTime>2015-12-07T05:04:42.144Z</endTime>
                                <message>Operation completed successfully</message>
                                <name>METERING STORAGE SYSTEM</name>
                                <progress>100</progress>
                                <startTime>2015-12-07T05:04:37.100Z</startTime>
                                <status>ready</status>
                            </value>
                        </entry>
                        <entry>
                            <key>1b8ee990-48eb-49a4-89cc-b227af8f2f2d</key>
                            <value>
                                <description>obtain metering information on a storage system</description>
                                <endTime>2015-12-07T04:04:41.963Z</endTime>
                                <message>Operation completed successfully</message>
                                <name>METERING STORAGE SYSTEM</name>
                                <progress>100</progress>
                                <startTime>2015-12-07T04:04:37.252Z</startTime>
                                <status>ready</status>
                            </value>
                        </entry>
                        <entry>
                            <key>94836059-967d-4e02-be95-923cc7679752</key>
                            <value>
                                <description>discover a storage systems</description>
                                <endTime>2015-12-07T04:04:44.125Z</endTime>
                                <message>Discovery failed for Isilon urn:storageos:StorageSystem:15f5b815-a165-4f42-848d-c258c5c9e137:vdc1 because Cant overwrite cause with com.emc.storageos.isilon.restapi.IsilonException: HTTP response from Isilon: list diskpools failed, status 500 from https://10.247.96.120:8080/, message [{"code":"AEC_EXCEPTION","message":"External command returned invalid JSON"}]</message>
                                <name>DISCOVER STORAGESYSTEM</name>
                                <serviceCode>12001</serviceCode>
                                <startTime>2015-12-07T04:04:42.066Z</startTime>
                                <status>error</status>
                            </value>
                        </entry>
                        <entry>
                            <key>76dcbf57-0314-4587-b375-2e60a0aa4b09</key>
                            <value>
                                <description>discover a storage systems</description>
                                <endTime>2015-12-07T09:05:00.472Z</endTime>
                                <message>Discovery failed for Isilon urn:storageos:StorageSystem:15f5b815-a165-4f42-848d-c258c5c9e137:vdc1 because Cant overwrite cause with com.emc.storageos.isilon.restapi.IsilonException: HTTP response from Isilon: list diskpools failed, status 500 from https://10.247.96.120:8080/, message [{"code":"AEC_EXCEPTION","message":"External command returned invalid JSON"}]</message>
                                <name>DISCOVER STORAGESYSTEM</name>
                                <serviceCode>12001</serviceCode>
                                <startTime>2015-12-07T09:04:55.182Z</startTime>
                                <status>error</status>
                            </value>
                        </entry>
                        <entry>
                            <key>2ebde691-37e4-47c2-97c9-d4f6b3a29a3c</key>
                            <value>
                                <description>obtain metering information on a storage system</description>
                                <endTime>2015-12-07T07:04:45.395Z</endTime>
                                <message>Operation completed successfully</message>
                                <name>METERING STORAGE SYSTEM</name>
                                <progress>100</progress>
                                <startTime>2015-12-07T07:04:38.227Z</startTime>
                                <status>ready</status>
                            </value>
                        </entry>
                        <entry>
                            <key>ba3dc4db-4114-4621-a30d-a685076fb327</key>
                            <value>
                                <description>discover a storage systems</description>
                                <endTime>2015-12-07T08:04:43.958Z</endTime>
                                <message>Discovery failed for Isilon urn:storageos:StorageSystem:15f5b815-a165-4f42-848d-c258c5c9e137:vdc1 because Cant overwrite cause with com.emc.storageos.isilon.restapi.IsilonException: HTTP response from Isilon: list diskpools failed, status 500 from https://10.247.96.120:8080/, message [{"code":"AEC_EXCEPTION","message":"External command returned invalid JSON"}]</message>
                                <name>DISCOVER STORAGESYSTEM</name>
                                <serviceCode>12001</serviceCode>
                                <startTime>2015-12-07T08:04:41.860Z</startTime>
                                <status>error</status>
                            </value>
                        </entry>
                        <entry>
                            <key>0e3f6a17-8c3b-4afe-864d-86655cb51f12</key>
                            <value>
                                <description>discover a storage systems</description>
                                <endTime>2015-12-07T06:04:42.267Z</endTime>
                                <message>Discovery failed for Isilon urn:storageos:StorageSystem:15f5b815-a165-4f42-848d-c258c5c9e137:vdc1 because Cant overwrite cause with com.emc.storageos.isilon.restapi.IsilonException: HTTP response from Isilon: list diskpools failed, status 500 from https://10.247.96.120:8080/, message [{"code":"AEC_EXCEPTION","message":"External command returned invalid JSON"}]</message>
                                <name>DISCOVER STORAGESYSTEM</name>
                                <serviceCode>12001</serviceCode>
                                <startTime>2015-12-07T06:04:39.833Z</startTime>
                                <status>error</status>
                            </value>
                        </entry>
                    </opStatusMap>
                </wrapper>
            </field>
            <field name="portNumber" type="java.lang.Integer" value="8080"/>
            <field name="reachableStatus" type="java.lang.Boolean" value="false"/>
            <field name="registrationStatus" type="java.lang.String" value="REGISTERED"/>
            <field name="serialNumber" type="java.lang.String" value="001b21c257e2b51633536402be32a23d4a4e"/>
            <field name="smisUseSSL" type="java.lang.Boolean" value="false"/>
            <field name="successDiscoveryTime" type="java.lang.Long" value="1447825705568"/>
            <field name="successMeteringTime" type="java.lang.Long" value="1449479093392"/>
            <field name="systemType" type="java.lang.String" value="isilon"/>
            <field name="username" type="java.lang.String" value="root"/>
            <field name="usingSmis80" type="java.lang.Boolean" value="false"/>
        </record>
        <record id="urn:storageos:StorageSystem:82745a16-21bc-4848-bbcf-6f03f82cf902:vdc1">
            <readOnlyField>
                <field name="class" type="java.lang.Class" value="class com.emc.storageos.db.client.model.StorageSystem"/>
                <field name="id" type="java.net.URI" value="urn:storageos:StorageSystem:82745a16-21bc-4848-bbcf-6f03f82cf902:vdc1"/>
            </readOnlyField>
            <field name="activeProviderURI" type="java.net.URI" value="urn:storageos:StorageProvider:2c8f1252-aa86-48ba-95ed-428faf1895cc:vdc1"/>
            <field name="associatedStorageSystems" type="com.emc.storageos.db.client.model.StringSet">
                <wrapper/>
            </field>
            <field name="autoDiscovered" type="java.lang.Boolean" value="false"/>
            <field name="autoTieringEnabled" type="java.lang.Boolean" value="false"/>
            <field name="compatibilityStatus" type="java.lang.String" value="COMPATIBLE"/>
            <field name="creationTime" type="java.util.Calendar" value="java.util.GregorianCalendar[time=1437771886095,areFieldsSet=true,areAllFieldsSet=true,lenient=true,zone=sun.util.calendar.ZoneInfo[id=&quot;UTC&quot;,offset=0,dstSavings=0,useDaylight=false,transitions=0,lastRule=null],firstDayOfWeek=1,minimalDaysInFirstWeek=1,ERA=1,YEAR=2015,MONTH=6,WEEK_OF_YEAR=30,WEEK_OF_MONTH=4,DAY_OF_MONTH=24,DAY_OF_YEAR=205,DAY_OF_WEEK=6,DAY_OF_WEEK_IN_MONTH=4,AM_PM=1,HOUR=9,HOUR_OF_DAY=21,MINUTE=4,SECOND=46,MILLISECOND=95,ZONE_OFFSET=0,DST_OFFSET=0]"/>
            <field name="discoveryStatus" type="java.lang.String" value="COMPLETE"/>
            <field name="firmwareVersion" type="java.lang.String" value="3.0.3-11_hotfix_7_ndu"/>
            <field name="inactive" type="java.lang.Boolean" value="false"/>
            <field name="internalFlags" type="java.lang.Long" value="0"/>
            <field name="ipAddress" type="java.lang.String" value="10.247.63.50"/>
            <field name="isResourceLimitSet" type="java.lang.Boolean" value="false"/>
            <field name="label" type="java.lang.String" value="XIO_QE"/>
            <field name="lastDiscoveryRunTime" type="java.lang.Long" value="1449479128608"/>
            <field name="lastDiscoveryStatusMessage" type="java.lang.String" value=""/>
            <field name="lastMeteringRunTime" type="java.lang.Long" value="1449479085516"/>
            <field name="lastRefresh" type="java.lang.Long" value="0"/>
            <field name="maxResources" type="java.lang.Integer" value="-1"/>
            <field name="meteringStatus" type="java.lang.String" value="COMPLETE"/>
            <field name="mgmtAccessPoint" type="java.lang.String" value="10.247.63.50-443"/>
            <field name="nativeGuid" type="java.lang.String" value="XTREMIO+APM00141017919"/>
            <field name="nextDiscoveryRunTime" type="java.lang.Long" value="1449482700210"/>
            <field name="nextMeteringRunTime" type="java.lang.Long" value="1449482683065"/>
            <field name="opStatus" type="com.emc.storageos.db.client.model.OpStatusMap">
                <wrapper>
                    <opStatusMap>
                        <entry>
                            <key>ac2b5e84-4c09-4277-87bf-871c929ad494</key>
                            <value>
                                <description>discover a storage systems</description>
                                <endTime>2015-12-07T05:05:02.803Z</endTime>
                                <message>Operation completed successfully</message>
                                <name>DISCOVER STORAGESYSTEM</name>
                                <progress>100</progress>
                                <startTime>2015-12-07T05:04:47.856Z</startTime>
                                <status>ready</status>
                            </value>
                        </entry>
                        <entry>
                            <key>b2a7adee-b493-468b-9f54-7769da3f481f</key>
                            <value>
                                <description>obtain metering information on a storage system</description>
                                <endTime>2015-12-07T06:04:38.553Z</endTime>
                                <message>Operation completed successfully</message>
                                <name>METERING STORAGE SYSTEM</name>
                                <progress>100</progress>
                                <startTime>2015-12-07T06:04:37.169Z</startTime>
                                <status>ready</status>
                            </value>
                        </entry>
                        <entry>
                            <key>d6ee5412-53a5-4fc6-8d12-7388da8b7694</key>
                            <value>
                                <description>discover a storage systems</description>
                                <endTime>2015-12-07T09:05:28.906Z</endTime>
                                <message>Operation completed successfully</message>
                                <name>DISCOVER STORAGESYSTEM</name>
                                <progress>100</progress>
                                <startTime>2015-12-07T09:04:57.411Z</startTime>
                                <status>ready</status>
                            </value>
                        </entry>
                        <entry>
                            <key>16aa0b75-c3f1-4d7e-9d34-45865e4856ca</key>
                            <value>
                                <description>discover a storage systems</description>
                                <endTime>2015-12-07T07:05:05.561Z</endTime>
                                <message>Operation completed successfully</message>
                                <name>DISCOVER STORAGESYSTEM</name>
                                <progress>100</progress>
                                <startTime>2015-12-07T07:04:47.105Z</startTime>
                                <status>ready</status>
                            </value>
                        </entry>
                        <entry>
                            <key>cf913dc1-d65f-40f3-a1de-84426b9463d9</key>
                            <value>
                                <description>obtain metering information on a storage system</description>
                                <endTime>2015-12-07T05:04:39.504Z</endTime>
                                <message>Operation completed successfully</message>
                                <name>METERING STORAGE SYSTEM</name>
                                <progress>100</progress>
                                <startTime>2015-12-07T05:04:37.983Z</startTime>
                                <status>ready</status>
                            </value>
                        </entry>
                        <entry>
                            <key>6ac420f8-3ba9-403f-b058-8e2fe66cf44f</key>
                            <value>
                                <description>obtain metering information on a storage system</description>
                                <endTime>2015-12-07T08:04:40.475Z</endTime>
                                <message>Operation completed successfully</message>
                                <name>METERING STORAGE SYSTEM</name>
                                <progress>100</progress>
                                <startTime>2015-12-07T08:04:38.709Z</startTime>
                                <status>ready</status>
                            </value>
                        </entry>
                        <entry>
                            <key>45270678-0bf1-4c3f-bf00-ce86f056e49d</key>
                            <value>
                                <description>discover a storage systems</description>
                                <endTime>2015-12-07T06:04:54.795Z</endTime>
                                <message>Operation completed successfully</message>
                                <name>DISCOVER STORAGESYSTEM</name>
                                <progress>100</progress>
                                <startTime>2015-12-07T06:04:41.570Z</startTime>
                                <status>ready</status>
                            </value>
                        </entry>
                        <entry>
                            <key>2d77b9d6-0e37-4739-9ef1-85425c56eeef</key>
                            <value>
                                <description>discover a storage systems</description>
                                <endTime>2015-12-07T04:04:59.060Z</endTime>
                                <message>Operation completed successfully</message>
                                <name>DISCOVER STORAGESYSTEM</name>
                                <progress>100</progress>
                                <startTime>2015-12-07T04:04:43.221Z</startTime>
                                <status>ready</status>
                            </value>
                        </entry>
                        <entry>
                            <key>686bc06c-08fc-4fb6-b306-9a06c9d5be00</key>
                            <value>
                                <description>obtain metering information on a storage system</description>
                                <endTime>2015-12-07T09:04:45.810Z</endTime>
                                <message>Operation completed successfully</message>
                                <name>METERING STORAGE SYSTEM</name>
                                <progress>100</progress>
                                <startTime>2015-12-07T09:04:42.767Z</startTime>
                                <status>ready</status>
                            </value>
                        </entry>
                        <entry>
                            <key>a4dfacd9-1e40-4de9-ba3e-ebf5106b1f78</key>
                            <value>
                                <description>discover a storage systems</description>
                                <endTime>2015-12-07T08:05:03.058Z</endTime>
                                <message>Operation completed successfully</message>
                                <name>DISCOVER STORAGESYSTEM</name>
                                <progress>100</progress>
                                <startTime>2015-12-07T08:04:42.763Z</startTime>
                                <status>ready</status>
                            </value>
                        </entry>
                        <entry>
                            <key>26c55a69-322a-4143-be8d-3962a8d844be</key>
                            <value>
                                <description>obtain metering information on a storage system</description>
                                <endTime>2015-12-07T07:04:40.573Z</endTime>
                                <message>Operation completed successfully</message>
                                <name>METERING STORAGE SYSTEM</name>
                                <progress>100</progress>
                                <startTime>2015-12-07T07:04:39.137Z</startTime>
                                <status>ready</status>
                            </value>
                        </entry>
                        <entry>
                            <key>926d574c-0708-41bf-8088-5543b352e970</key>
                            <value>
                                <description>obtain metering information on a storage system</description>
                                <endTime>2015-12-07T04:04:40.209Z</endTime>
                                <message>Operation completed successfully</message>
                                <name>METERING STORAGE SYSTEM</name>
                                <progress>100</progress>
                                <startTime>2015-12-07T04:04:38.428Z</startTime>
                                <status>ready</status>
                            </value>
                        </entry>
                    </opStatusMap>
                </wrapper>
            </field>
            <field name="portNumber" type="java.lang.Integer" value="443"/>
            <field name="providers" type="com.emc.storageos.db.client.model.StringSet">
                <wrapper>
                    <stringSet>urn:storageos:StorageProvider:2c8f1252-aa86-48ba-95ed-428faf1895cc:vdc1</stringSet>
                </wrapper>
            </field>
            <field name="reachableStatus" type="java.lang.Boolean" value="true"/>
            <field name="registrationStatus" type="java.lang.String" value="REGISTERED"/>
            <field name="serialNumber" type="java.lang.String" value="APM00141017919"/>
            <field name="smisPortNumber" type="java.lang.Integer" value="443"/>
            <field name="smisProviderIP" type="java.lang.String" value="10.247.63.50"/>
            <field name="smisUseSSL" type="java.lang.Boolean" value="false"/>
            <field name="smisUserName" type="java.lang.String" value="Vipradmin"/>
            <field name="successDiscoveryTime" type="java.lang.Long" value="1449479128608"/>
            <field name="successMeteringTime" type="java.lang.Long" value="1449479085516"/>
            <field name="systemType" type="java.lang.String" value="xtremio"/>
            <field name="username" type="java.lang.String" value="Vipradmin"/>
            <field name="usingSmis80" type="java.lang.Boolean" value="false"/>
        </record>
        <record id="urn:storageos:StorageSystem:43c1a4c3-d50c-490f-bde4-02b37868acc1:vdc1">
            <readOnlyField>
                <field name="class" type="java.lang.Class" value="class com.emc.storageos.db.client.model.StorageSystem"/>
                <field name="id" type="java.net.URI" value="urn:storageos:StorageSystem:43c1a4c3-d50c-490f-bde4-02b37868acc1:vdc1"/>
            </readOnlyField>
            <field name="activeProviderURI" type="java.net.URI" value="urn:storageos:StorageProvider:618dc437-7725-4128-81ba-ebec1b20cdcc:vdc1"/>
            <field name="associatedStorageSystems" type="com.emc.storageos.db.client.model.StringSet">
                <wrapper/>
            </field>
            <field name="autoDiscovered" type="java.lang.Boolean" value="false"/>
            <field name="autoTieringEnabled" type="java.lang.Boolean" value="false"/>
            <field name="compatibilityStatus" type="java.lang.String" value="COMPATIBLE"/>
            <field name="creationTime" type="java.util.Calendar" value="java.util.GregorianCalendar[time=1434737869665,areFieldsSet=true,areAllFieldsSet=true,lenient=true,zone=sun.util.calendar.ZoneInfo[id=&quot;UTC&quot;,offset=0,dstSavings=0,useDaylight=false,transitions=0,lastRule=null],firstDayOfWeek=1,minimalDaysInFirstWeek=1,ERA=1,YEAR=2015,MONTH=5,WEEK_OF_YEAR=25,WEEK_OF_MONTH=3,DAY_OF_MONTH=19,DAY_OF_YEAR=170,DAY_OF_WEEK=6,DAY_OF_WEEK_IN_MONTH=3,AM_PM=1,HOUR=6,HOUR_OF_DAY=18,MINUTE=17,SECOND=49,MILLISECOND=665,ZONE_OFFSET=0,DST_OFFSET=0]"/>
            <field name="discoveryStatus" type="java.lang.String" value="COMPLETE"/>
            <field name="firmwareVersion" type="java.lang.String" value="4.0.1-41"/>
            <field name="inactive" type="java.lang.Boolean" value="false"/>
            <field name="internalFlags" type="java.lang.Long" value="0"/>
            <field name="ipAddress" type="java.lang.String" value="10.247.144.220"/>
            <field name="isResourceLimitSet" type="java.lang.Boolean" value="false"/>
            <field name="label" type="java.lang.String" value="VSE XIO"/>
            <field name="lastDiscoveryRunTime" type="java.lang.Long" value="1449479121666"/>
            <field name="lastDiscoveryStatusMessage" type="java.lang.String" value=""/>
            <field name="lastMeteringRunTime" type="java.lang.Long" value="1449479085168"/>
            <field name="lastRefresh" type="java.lang.Long" value="0"/>
            <field name="maxResources" type="java.lang.Integer" value="-1"/>
            <field name="meteringStatus" type="java.lang.String" value="COMPLETE"/>
            <field name="mgmtAccessPoint" type="java.lang.String" value="10.247.144.220-443"/>
            <field name="nativeGuid" type="java.lang.String" value="XTREMIO+APM00144756665"/>
            <field name="nextDiscoveryRunTime" type="java.lang.Long" value="1449482696291"/>
            <field name="nextMeteringRunTime" type="java.lang.Long" value="1449482682166"/>
            <field name="opStatus" type="com.emc.storageos.db.client.model.OpStatusMap">
                <wrapper>
                    <opStatusMap>
                        <entry>
                            <key>fd172f1e-a58d-400e-852b-30ea30f5b466</key>
                            <value>
                                <description>discover a storage systems</description>
                                <endTime>2015-12-07T05:05:00.986Z</endTime>
                                <message>Operation completed successfully</message>
                                <name>DISCOVER STORAGESYSTEM</name>
                                <progress>100</progress>
                                <startTime>2015-12-07T05:04:43.955Z</startTime>
                                <status>ready</status>
                            </value>
                        </entry>
                        <entry>
                            <key>36da5d67-1dbb-4e21-9686-c64c20bf74d8</key>
                            <value>
                                <description>obtain metering information on a storage system</description>
                                <endTime>2015-12-07T09:04:45.877Z</endTime>
                                <message>Operation completed successfully</message>
                                <name>METERING STORAGE SYSTEM</name>
                                <progress>100</progress>
                                <startTime>2015-12-07T09:04:42.099Z</startTime>
                                <status>ready</status>
                            </value>
                        </entry>
                        <entry>
                            <key>7daf4244-bd21-48f5-988d-02575dae2122</key>
                            <value>
                                <description>discover a storage systems</description>
                                <endTime>2015-12-07T09:05:22.061Z</endTime>
                                <message>Operation completed successfully</message>
                                <name>DISCOVER STORAGESYSTEM</name>
                                <progress>100</progress>
                                <startTime>2015-12-07T09:04:55.956Z</startTime>
                                <status>ready</status>
                            </value>
                        </entry>
                        <entry>
                            <key>f0cc39c9-2911-48ac-9f21-b15d82f13f7e</key>
                            <value>
                                <description>obtain metering information on a storage system</description>
                                <endTime>2015-12-07T06:04:37.654Z</endTime>
                                <message>Operation completed successfully</message>
                                <name>METERING STORAGE SYSTEM</name>
                                <progress>100</progress>
                                <startTime>2015-12-07T06:04:36.212Z</startTime>
                                <status>ready</status>
                            </value>
                        </entry>
                        <entry>
                            <key>62a4fa87-3ae0-4e85-be5d-5102307792ac</key>
                            <value>
                                <description>obtain metering information on a storage system</description>
                                <endTime>2015-12-07T08:04:39.260Z</endTime>
                                <message>Operation completed successfully</message>
                                <name>METERING STORAGE SYSTEM</name>
                                <progress>100</progress>
                                <startTime>2015-12-07T08:04:38.204Z</startTime>
                                <status>ready</status>
                            </value>
                        </entry>
                        <entry>
                            <key>601ea5f5-ba95-44d0-b209-e5cbc585156c</key>
                            <value>
                                <description>obtain metering information on a storage system</description>
                                <endTime>2015-12-07T05:04:38.676Z</endTime>
                                <message>Operation completed successfully</message>
                                <name>METERING STORAGE SYSTEM</name>
                                <progress>100</progress>
                                <startTime>2015-12-07T05:04:37.451Z</startTime>
                                <status>ready</status>
                            </value>
                        </entry>
                        <entry>
                            <key>ed8e2324-6b61-44e6-a300-f9df45f25829</key>
                            <value>
                                <description>obtain metering information on a storage system</description>
                                <endTime>2015-12-07T04:04:39.262Z</endTime>
                                <message>Operation completed successfully</message>
                                <name>METERING STORAGE SYSTEM</name>
                                <progress>100</progress>
                                <startTime>2015-12-07T04:04:37.640Z</startTime>
                                <status>ready</status>
                            </value>
                        </entry>
                        <entry>
                            <key>893951ab-8215-4265-8514-7d42ef9f3441</key>
                            <value>
                                <description>discover a storage systems</description>
                                <endTime>2015-12-07T08:05:01.723Z</endTime>
                                <message>Operation completed successfully</message>
                                <name>DISCOVER STORAGESYSTEM</name>
                                <progress>100</progress>
                                <startTime>2015-12-07T08:04:42.291Z</startTime>
                                <status>ready</status>
                            </value>
                        </entry>
                        <entry>
                            <key>68a8bb5f-dd9d-462c-87ab-5657f955cf41</key>
                            <value>
                                <description>discover a storage systems</description>
                                <endTime>2015-12-07T07:05:02.114Z</endTime>
                                <message>Operation completed successfully</message>
                                <name>DISCOVER STORAGESYSTEM</name>
                                <progress>100</progress>
                                <startTime>2015-12-07T07:04:46.118Z</startTime>
                                <status>ready</status>
                            </value>
                        </entry>
                        <entry>
                            <key>3b4c5caf-4381-40f4-8abe-3acb1821a532</key>
                            <value>
                                <description>discover a storage systems</description>
                                <endTime>2015-12-07T04:04:58.356Z</endTime>
                                <message>Operation completed successfully</message>
                                <name>DISCOVER STORAGESYSTEM</name>
                                <progress>100</progress>
                                <startTime>2015-12-07T04:04:42.763Z</startTime>
                                <status>ready</status>
                            </value>
                        </entry>
                        <entry>
                            <key>097578f2-000a-47ea-956f-e824b9379ee9</key>
                            <value>
                                <description>discover a storage systems</description>
                                <endTime>2015-12-07T06:04:52.625Z</endTime>
                                <message>Operation completed successfully</message>
                                <name>DISCOVER STORAGESYSTEM</name>
                                <progress>100</progress>
                                <startTime>2015-12-07T06:04:40.711Z</startTime>
                                <status>ready</status>
                            </value>
                        </entry>
                        <entry>
                            <key>3805317d-4d1f-44b4-88b6-98de1486e830</key>
                            <value>
                                <description>obtain metering information on a storage system</description>
                                <endTime>2015-12-07T07:04:39.598Z</endTime>
                                <message>Operation completed successfully</message>
                                <name>METERING STORAGE SYSTEM</name>
                                <progress>100</progress>
                                <startTime>2015-12-07T07:04:38.634Z</startTime>
                                <status>ready</status>
                            </value>
                        </entry>
                    </opStatusMap>
                </wrapper>
            </field>
            <field name="portNumber" type="java.lang.Integer" value="443"/>
            <field name="providers" type="com.emc.storageos.db.client.model.StringSet">
                <wrapper>
                    <stringSet>urn:storageos:StorageProvider:618dc437-7725-4128-81ba-ebec1b20cdcc:vdc1</stringSet>
                </wrapper>
            </field>
            <field name="reachableStatus" type="java.lang.Boolean" value="true"/>
            <field name="registrationStatus" type="java.lang.String" value="REGISTERED"/>
            <field name="serialNumber" type="java.lang.String" value="APM00144756665"/>
            <field name="smisPortNumber" type="java.lang.Integer" value="443"/>
            <field name="smisProviderIP" type="java.lang.String" value="10.247.144.220"/>
            <field name="smisUseSSL" type="java.lang.Boolean" value="false"/>
            <field name="smisUserName" type="java.lang.String" value="admin"/>
            <field name="successDiscoveryTime" type="java.lang.Long" value="1449479121666"/>
            <field name="successMeteringTime" type="java.lang.Long" value="1449479085168"/>
            <field name="systemType" type="java.lang.String" value="xtremio"/>
            <field name="username" type="java.lang.String" value="admin"/>
            <field name="usingSmis80" type="java.lang.Boolean" value="false"/>
        </record>
        <record id="urn:storageos:StorageSystem:cbb9cf9a-432e-4be9-b1e4-b80fd7b955aa:vdc1">
            <readOnlyField>
                <field name="class" type="java.lang.Class" value="class com.emc.storageos.db.client.model.StorageSystem"/>
                <field name="id" type="java.net.URI" value="urn:storageos:StorageSystem:cbb9cf9a-432e-4be9-b1e4-b80fd7b955aa:vdc1"/>
            </readOnlyField>
            <field name="activeProviderURI" type="java.net.URI" value="urn:storageos:StorageProvider:2b9ac5a6-3ca2-43db-b33b-b1eb0332f930:vdc1"/>
            <field name="associatedStorageSystems" type="com.emc.storageos.db.client.model.StringSet">
                <wrapper/>
            </field>
            <field name="autoDiscovered" type="java.lang.Boolean" value="true"/>
            <field name="autoTieringEnabled" type="java.lang.Boolean" value="false"/>
            <field name="compatibilityStatus" type="java.lang.String" value="COMPATIBLE"/>
            <field name="creationTime" type="java.util.Calendar" value="java.util.GregorianCalendar[time=1434038870999,areFieldsSet=true,areAllFieldsSet=true,lenient=true,zone=sun.util.calendar.ZoneInfo[id=&quot;UTC&quot;,offset=0,dstSavings=0,useDaylight=false,transitions=0,lastRule=null],firstDayOfWeek=1,minimalDaysInFirstWeek=1,ERA=1,YEAR=2015,MONTH=5,WEEK_OF_YEAR=24,WEEK_OF_MONTH=2,DAY_OF_MONTH=11,DAY_OF_YEAR=162,DAY_OF_WEEK=5,DAY_OF_WEEK_IN_MONTH=2,AM_PM=1,HOUR=4,HOUR_OF_DAY=16,MINUTE=7,SECOND=50,MILLISECOND=999,ZONE_OFFSET=0,DST_OFFSET=0]"/>
            <field name="discoveryStatus" type="java.lang.String" value="COMPLETE"/>
            <field name="firmwareVersion" type="java.lang.String" value="5.4.1.01.00.05"/>
            <field name="inactive" type="java.lang.Boolean" value="false"/>
            <field name="internalFlags" type="java.lang.Long" value="0"/>
            <field name="isResourceLimitSet" type="java.lang.Boolean" value="false"/>
            <field name="label" type="java.lang.String" value="VPLEX+FNM00141900418:FNM00141200360"/>
            <field name="lastDiscoveryRunTime" type="java.lang.Long" value="1449479143212"/>
            <field name="lastDiscoveryStatusMessage" type="java.lang.String" value="Discovery completed successfully for Storage System: urn:storageos:StorageSystem:cbb9cf9a-432e-4be9-b1e4-b80fd7b955aa:vdc1"/>
            <field name="lastMeteringRunTime" type="java.lang.Long" value="1449479090462"/>
            <field name="lastRefresh" type="java.lang.Long" value="0"/>
            <field name="maxResources" type="java.lang.Integer" value="-1"/>
            <field name="meteringStatus" type="java.lang.String" value="COMPLETE"/>
            <field name="nativeGuid" type="java.lang.String" value="VPLEX+FNM00141900418:FNM00141200360"/>
            <field name="nextDiscoveryRunTime" type="java.lang.Long" value="1449482702923"/>
            <field name="nextMeteringRunTime" type="java.lang.Long" value="1449482686270"/>
            <field name="opStatus" type="com.emc.storageos.db.client.model.OpStatusMap">
                <wrapper>
                    <opStatusMap>
                        <entry>
                            <key>d56048aa-421b-49f4-b435-5fa3c221409d</key>
                            <value>
                                <description>obtain metering information on a storage system</description>
                                <endTime>2015-12-07T09:04:51.935Z</endTime>
                                <message>Operation completed successfully</message>
                                <name>METERING STORAGE SYSTEM</name>
                                <progress>100</progress>
                                <startTime>2015-12-07T09:04:45.793Z</startTime>
                                <status>ready</status>
                            </value>
                        </entry>
                        <entry>
                            <key>d600b280-04ab-4ef0-a15d-a19a11caed46</key>
                            <value>
                                <description>discover a storage systems</description>
                                <endTime>2015-12-07T06:05:24.762Z</endTime>
                                <message>Operation completed successfully</message>
                                <name>DISCOVER STORAGESYSTEM</name>
                                <progress>100</progress>
                                <startTime>2015-12-07T06:04:41.836Z</startTime>
                                <status>ready</status>
                            </value>
                        </entry>
                        <entry>
                            <key>9c4a2c36-420f-49d0-9b49-6219150f8205</key>
                            <value>
                                <description>discover a storage systems</description>
                                <endTime>2015-12-07T08:05:15.142Z</endTime>
                                <message>Operation completed successfully</message>
                                <name>DISCOVER STORAGESYSTEM</name>
                                <progress>100</progress>
                                <startTime>2015-12-07T08:04:43.477Z</startTime>
                                <status>ready</status>
                            </value>
                        </entry>
                        <entry>
                            <key>e5b8afde-7865-4cc6-b7c1-cd733da9938f</key>
                            <value>
                                <description>discover a storage systems</description>
                                <endTime>2015-12-07T07:05:21.053Z</endTime>
                                <message>Operation completed successfully</message>
                                <name>DISCOVER STORAGESYSTEM</name>
                                <progress>100</progress>
                                <startTime>2015-12-07T07:04:49.573Z</startTime>
                                <status>ready</status>
                            </value>
                        </entry>
                        <entry>
                            <key>5397c46c-7c83-47f2-b13d-a66a1c746ec5</key>
                            <value>
                                <description>discover a storage systems</description>
                                <endTime>2015-12-07T09:05:43.987Z</endTime>
                                <message>Operation completed successfully</message>
                                <name>DISCOVER STORAGESYSTEM</name>
                                <progress>100</progress>
                                <startTime>2015-12-07T09:05:01.188Z</startTime>
                                <status>ready</status>
                            </value>
                        </entry>
                        <entry>
                            <key>fcc798bb-0500-49ca-95e4-cc7b28bafd95</key>
                            <value>
                                <description>obtain metering information on a storage system</description>
                                <endTime>2015-12-07T05:04:41.429Z</endTime>
                                <message>Operation completed successfully</message>
                                <name>METERING STORAGE SYSTEM</name>
                                <progress>100</progress>
                                <startTime>2015-12-07T05:04:38.512Z</startTime>
                                <status>ready</status>
                            </value>
                        </entry>
                        <entry>
                            <key>f3ac2ec1-4e16-42b4-aacd-8966235d5d62</key>
                            <value>
                                <description>obtain metering information on a storage system</description>
                                <endTime>2015-12-07T06:04:39.449Z</endTime>
                                <message>Operation completed successfully</message>
                                <name>METERING STORAGE SYSTEM</name>
                                <progress>100</progress>
                                <startTime>2015-12-07T06:04:38.001Z</startTime>
                                <status>ready</status>
                            </value>
                        </entry>
                        <entry>
                            <key>e7e28695-c476-4c38-8ed2-63afbb912cf7</key>
                            <value>
                                <description>discover a storage systems</description>
                                <endTime>2015-12-07T04:05:14.102Z</endTime>
                                <message>Operation completed successfully</message>
                                <name>DISCOVER STORAGESYSTEM</name>
                                <progress>100</progress>
                                <startTime>2015-12-07T04:04:44.212Z</startTime>
                                <status>ready</status>
                            </value>
                        </entry>
                        <entry>
                            <key>97e803b4-564b-4930-96fb-641124fddcd2</key>
                            <value>
                                <description>discover a storage systems</description>
                                <endTime>2015-12-07T05:05:16.165Z</endTime>
                                <message>Operation completed successfully</message>
                                <name>DISCOVER STORAGESYSTEM</name>
                                <progress>100</progress>
                                <startTime>2015-12-07T05:04:48.559Z</startTime>
                                <status>ready</status>
                            </value>
                        </entry>
                        <entry>
                            <key>d6d8b60e-fea2-463f-8e25-0dbeb724178c</key>
                            <value>
                                <description>obtain metering information on a storage system</description>
                                <endTime>2015-12-07T08:04:41.447Z</endTime>
                                <message>Operation completed successfully</message>
                                <name>METERING STORAGE SYSTEM</name>
                                <progress>100</progress>
                                <startTime>2015-12-07T08:04:39.347Z</startTime>
                                <status>ready</status>
                            </value>
                        </entry>
                        <entry>
                            <key>61e3b8ce-c13c-4f60-b8e4-8dc31bd99eda</key>
                            <value>
                                <description>obtain metering information on a storage system</description>
                                <endTime>2015-12-07T07:04:40.726Z</endTime>
                                <message>Operation completed successfully</message>
                                <name>METERING STORAGE SYSTEM</name>
                                <progress>100</progress>
                                <startTime>2015-12-07T07:04:39.432Z</startTime>
                                <status>ready</status>
                            </value>
                        </entry>
                        <entry>
                            <key>b35b429f-0f43-4ea3-87d6-02366d09834c</key>
                            <value>
                                <description>obtain metering information on a storage system</description>
                                <endTime>2015-12-07T04:04:42.025Z</endTime>
                                <message>Operation completed successfully</message>
                                <name>METERING STORAGE SYSTEM</name>
                                <progress>100</progress>
                                <startTime>2015-12-07T04:04:39.751Z</startTime>
                                <status>ready</status>
                            </value>
                        </entry>
                    </opStatusMap>
                </wrapper>
            </field>
            <field name="providers" type="com.emc.storageos.db.client.model.StringSet">
                <wrapper>
                    <stringSet>urn:storageos:StorageProvider:c76b0814-2de1-43e4-9adc-f2a5e66c929a:vdc1</stringSet>
                    <stringSet>urn:storageos:StorageProvider:2b9ac5a6-3ca2-43db-b33b-b1eb0332f930:vdc1</stringSet>
                </wrapper>
            </field>
            <field name="reachableStatus" type="java.lang.Boolean" value="true"/>
            <field name="registrationStatus" type="java.lang.String" value="REGISTERED"/>
            <field name="serialNumber" type="java.lang.String" value="FNM00141900418:FNM00141200360"/>
            <field name="smisPortNumber" type="java.lang.Integer" value="443"/>
            <field name="smisProviderIP" type="java.lang.String" value="10.247.144.234"/>
            <field name="smisUseSSL" type="java.lang.Boolean" value="true"/>
            <field name="smisUserName" type="java.lang.String" value="service"/>
            <field name="successDiscoveryTime" type="java.lang.Long" value="1449479143212"/>
            <field name="successMeteringTime" type="java.lang.Long" value="1449479090462"/>
            <field name="systemType" type="java.lang.String" value="vplex"/>
            <field name="usingSmis80" type="java.lang.Boolean" value="false"/>
            <field name="virtualArrays" type="com.emc.storageos.db.client.model.StringSet">
                <wrapper>
                    <stringSet>urn:storageos:VirtualArray:0c39ba09-5bfe-43c4-902f-4473a51b5209:vdc1</stringSet>
                </wrapper>
            </field>
            <field name="vplexAssemblyIdtoClusterId" type="com.emc.storageos.db.client.model.StringMap">
                <wrapper>
                    <stringMap>
                        <entry>
                            <key>FNM00141900418</key>
                            <value>1</value>
                        </entry>
                        <entry>
                            <key>FNM00141200360</key>
                            <value>2</value>
                        </entry>
                    </stringMap>
                </wrapper>
            </field>
        </record>
    </data_object_schema>
</dbschemas>
