<?xml version="1.0" encoding="utf-8" standalone="no"?>
<dbschemas>
    <data_object_schema name="StoragePool">
        <record id="urn:storageos:StoragePool:30d0bcc3-66e2-4e71-b2b8-b8de1e565954:vdc1">
            <readOnlyField>
                <field name="class" type="java.lang.Class" value="class com.emc.storageos.db.client.model.StoragePool"/>
                <field name="id" type="java.net.URI" value="urn:storageos:StoragePool:30d0bcc3-66e2-4e71-b2b8-b8de1e565954:vdc1"/>
            </readOnlyField>
            <field name="autoTieringEnabled" type="java.lang.Boolean" value="false"/>
            <field name="compatibilityStatus" type="java.lang.String" value="COMPATIBLE"/>
            <field name="connectedVirtualArrays" type="com.emc.storageos.db.client.model.StringSet">
                <wrapper>
                    <stringSet>urn:storageos:VirtualArray:fedefcc6-c72b-430c-999d-040fe2e56293:vdc1</stringSet>
                </wrapper>
            </field>
            <field name="creationTime" type="java.util.Calendar" value="java.util.GregorianCalendar[time=1437771887364,areFieldsSet=true,areAllFieldsSet=true,lenient=true,zone=sun.util.calendar.ZoneInfo[id=&quot;UTC&quot;,offset=0,dstSavings=0,useDaylight=false,transitions=0,lastRule=null],firstDayOfWeek=1,minimalDaysInFirstWeek=1,ERA=1,YEAR=2015,MONTH=6,WEEK_OF_YEAR=30,WEEK_OF_MONTH=4,DAY_OF_MONTH=24,DAY_OF_YEAR=205,DAY_OF_WEEK=6,DAY_OF_WEEK_IN_MONTH=4,AM_PM=1,HOUR=9,HOUR_OF_DAY=21,MINUTE=4,SECOND=47,MILLISECOND=364,ZONE_OFFSET=0,DST_OFFSET=0]"/>
            <field name="customProperties" type="com.emc.storageos.db.client.model.StringMap">
                <wrapper>
                    <stringMap/>
                </wrapper>
            </field>
            <field name="discoveryStatus" type="java.lang.String" value="VISIBLE"/>
            <field name="freeCapacity" type="java.lang.Long" value="16241378357"/>
            <field name="inactive" type="java.lang.Boolean" value="false"/>
            <field name="internalFlags" type="java.lang.Long" value="0"/>
            <field name="isResourceLimitSet" type="java.lang.Boolean" value="false"/>
            <field name="label" type="java.lang.String" value="XTREMIO+APM00141017919+POOL+APM00141017919"/>
            <field name="longTermRetention" type="java.lang.Boolean" value="false"/>
            <field name="maxResources" type="java.lang.Integer" value="-1"/>
            <field name="maxRetention" type="java.lang.Integer" value="0"/>
            <field name="maximumThickVolumeSize" type="java.lang.Long" value="0"/>
            <field name="maximumThinVolumeSize" type="java.lang.Long" value="16293417419"/>
            <field name="minimumThickVolumeSize" type="java.lang.Long" value="0"/>
            <field name="minimumThinVolumeSize" type="java.lang.Long" value="0"/>
            <field name="nativeGuid" type="java.lang.String" value="XTREMIO+APM00141017919+POOL+APM00141017919"/>
            <field name="opStatus" type="com.emc.storageos.db.client.model.OpStatusMap">
                <wrapper>
                    <opStatusMap/>
                </wrapper>
            </field>
            <field name="operationalStatus" type="java.lang.String" value="READY"/>
            <field name="poolName" type="java.lang.String" value="XTREMIO+APM00141017919+POOL+APM00141017919"/>
            <field name="poolServiceType" type="java.lang.String" value="block"/>
            <field name="protocols" type="com.emc.storageos.db.client.model.StringSet">
                <wrapper>
                    <stringSet>iSCSI</stringSet>
                    <stringSet>FC</stringSet>
                </wrapper>
            </field>
            <field name="registrationStatus" type="java.lang.String" value="REGISTERED"/>
            <field name="reservedCapacityMap" type="com.emc.storageos.db.client.model.StringMap">
                <wrapper>
                    <stringMap/>
                </wrapper>
            </field>
            <field name="storageDevice" type="java.net.URI" value="urn:storageos:StorageSystem:82745a16-21bc-4848-bbcf-6f03f82cf902:vdc1"/>
            <field name="subscribedCapacity" type="java.lang.Long" value="-1"/>
            <field name="supportedDriveTypes" type="com.emc.storageos.db.client.model.StringSet">
                <wrapper>
                    <stringSet>SSD</stringSet>
                </wrapper>
            </field>
            <field name="supportedResourceTypes" type="java.lang.String" value="THIN_ONLY"/>
            <field name="taggedVirtualArrays" type="com.emc.storageos.db.client.model.StringSet">
                <wrapper>
                    <stringSet>urn:storageos:VirtualArray:fedefcc6-c72b-430c-999d-040fe2e56293:vdc1</stringSet>
                </wrapper>
            </field>
            <field name="thinVolumePreAllocationSupported" type="java.lang.Boolean" value="false"/>
            <field name="totalCapacity" type="java.lang.Long" value="16293417419"/>
        </record>
        <record id="urn:storageos:StoragePool:8b52eea7-d5e5-485d-bc2d-c3fa497f907f:vdc1">
            <readOnlyField>
                <field name="class" type="java.lang.Class" value="class com.emc.storageos.db.client.model.StoragePool"/>
                <field name="id" type="java.net.URI" value="urn:storageos:StoragePool:8b52eea7-d5e5-485d-bc2d-c3fa497f907f:vdc1"/>
            </readOnlyField>
            <field name="autoTieringEnabled" type="java.lang.Boolean" value="false"/>
            <field name="compatibilityStatus" type="java.lang.String" value="COMPATIBLE"/>
            <field name="connectedVirtualArrays" type="com.emc.storageos.db.client.model.StringSet">
                <wrapper>
                    <stringSet>urn:storageos:VirtualArray:141a8ac5-9739-42b7-930a-9fb0dcf17426:vdc1</stringSet>
                </wrapper>
            </field>
            <field name="creationTime" type="java.util.Calendar" value="java.util.GregorianCalendar[time=1442523638111,areFieldsSet=true,areAllFieldsSet=true,lenient=true,zone=sun.util.calendar.ZoneInfo[id=&quot;UTC&quot;,offset=0,dstSavings=0,useDaylight=false,transitions=0,lastRule=null],firstDayOfWeek=1,minimalDaysInFirstWeek=1,ERA=1,YEAR=2015,MONTH=8,WEEK_OF_YEAR=38,WEEK_OF_MONTH=3,DAY_OF_MONTH=17,DAY_OF_YEAR=260,DAY_OF_WEEK=5,DAY_OF_WEEK_IN_MONTH=3,AM_PM=1,HOUR=9,HOUR_OF_DAY=21,MINUTE=0,SECOND=38,MILLISECOND=111,ZONE_OFFSET=0,DST_OFFSET=0]"/>
            <field name="customProperties" type="com.emc.storageos.db.client.model.StringMap">
                <wrapper>
                    <stringMap/>
                </wrapper>
            </field>
            <field name="discoveryStatus" type="java.lang.String" value="VISIBLE"/>
            <field name="freeCapacity" type="java.lang.Long" value="0"/>
            <field name="inactive" type="java.lang.Boolean" value="false"/>
            <field name="internalFlags" type="java.lang.Long" value="0"/>
            <field name="isResourceLimitSet" type="java.lang.Boolean" value="false"/>
            <field name="label" type="java.lang.String" value="ISILON+001b21c257e2b51633536402be32a23d4a4e+POOL+losar085_tier"/>
            <field name="longTermRetention" type="java.lang.Boolean" value="false"/>
            <field name="maxResources" type="java.lang.Integer" value="-1"/>
            <field name="maxRetention" type="java.lang.Integer" value="0"/>
            <field name="maximumThickVolumeSize" type="java.lang.Long" value="0"/>
            <field name="maximumThinVolumeSize" type="java.lang.Long" value="0"/>
            <field name="minimumThickVolumeSize" type="java.lang.Long" value="0"/>
            <field name="minimumThinVolumeSize" type="java.lang.Long" value="0"/>
            <field name="nativeGuid" type="java.lang.String" value="ISILON+001b21c257e2b51633536402be32a23d4a4e+POOL+losar085_tier"/>
            <field name="nativeId" type="java.lang.String" value="losar085_tier"/>
            <field name="opStatus" type="com.emc.storageos.db.client.model.OpStatusMap">
                <wrapper>
                    <opStatusMap/>
                </wrapper>
            </field>
            <field name="operationalStatus" type="java.lang.String" value="READY"/>
            <field name="poolClassName" type="java.lang.String" value="IsilonNodePool"/>
            <field name="poolName" type="java.lang.String" value="losar085_tier"/>
            <field name="poolServiceType" type="java.lang.String" value="file"/>
            <field name="protocols" type="com.emc.storageos.db.client.model.StringSet">
                <wrapper>
                    <stringSet>CIFS</stringSet>
                    <stringSet>NFS</stringSet>
                </wrapper>
            </field>
            <field name="registrationStatus" type="java.lang.String" value="REGISTERED"/>
            <field name="reservedCapacityMap" type="com.emc.storageos.db.client.model.StringMap">
                <wrapper>
                    <stringMap/>
                </wrapper>
            </field>
            <field name="storageDevice" type="java.net.URI" value="urn:storageos:StorageSystem:15f5b815-a165-4f42-848d-c258c5c9e137:vdc1"/>
            <field name="subscribedCapacity" type="java.lang.Long" value="0"/>
            <field name="supportedResourceTypes" type="java.lang.String" value="THIN_AND_THICK"/>
            <field name="taggedVirtualArrays" type="com.emc.storageos.db.client.model.StringSet">
                <wrapper>
                    <stringSet>urn:storageos:VirtualArray:141a8ac5-9739-42b7-930a-9fb0dcf17426:vdc1</stringSet>
                </wrapper>
            </field>
            <field name="thinVolumePreAllocationSupported" type="java.lang.Boolean" value="false"/>
            <field name="totalCapacity" type="java.lang.Long" value="0"/>
        </record>
        <record id="urn:storageos:StoragePool:e04a438e-cbe5-41b0-b900-73e0d9840a29:vdc1">
            <readOnlyField>
                <field name="class" type="java.lang.Class" value="class com.emc.storageos.db.client.model.StoragePool"/>
                <field name="id" type="java.net.URI" value="urn:storageos:StoragePool:e04a438e-cbe5-41b0-b900-73e0d9840a29:vdc1"/>
            </readOnlyField>
            <field name="autoTieringEnabled" type="java.lang.Boolean" value="false"/>
            <field name="compatibilityStatus" type="java.lang.String" value="COMPATIBLE"/>
            <field name="connectedVirtualArrays" type="com.emc.storageos.db.client.model.StringSet">
                <wrapper>
                    <stringSet>urn:storageos:VirtualArray:141a8ac5-9739-42b7-930a-9fb0dcf17426:vdc1</stringSet>
                </wrapper>
            </field>
            <field name="creationTime" type="java.util.Calendar" value="java.util.GregorianCalendar[time=1442523638111,areFieldsSet=true,areAllFieldsSet=true,lenient=true,zone=sun.util.calendar.ZoneInfo[id=&quot;UTC&quot;,offset=0,dstSavings=0,useDaylight=false,transitions=0,lastRule=null],firstDayOfWeek=1,minimalDaysInFirstWeek=1,ERA=1,YEAR=2015,MONTH=8,WEEK_OF_YEAR=38,WEEK_OF_MONTH=3,DAY_OF_MONTH=17,DAY_OF_YEAR=260,DAY_OF_WEEK=5,DAY_OF_WEEK_IN_MONTH=3,AM_PM=1,HOUR=9,HOUR_OF_DAY=21,MINUTE=0,SECOND=38,MILLISECOND=111,ZONE_OFFSET=0,DST_OFFSET=0]"/>
            <field name="customProperties" type="com.emc.storageos.db.client.model.StringMap">
                <wrapper>
                    <stringMap/>
                </wrapper>
            </field>
            <field name="discoveryStatus" type="java.lang.String" value="VISIBLE"/>
            <field name="freeCapacity" type="java.lang.Long" value="14962149992"/>
            <field name="inactive" type="java.lang.Boolean" value="false"/>
            <field name="internalFlags" type="java.lang.Long" value="0"/>
            <field name="isResourceLimitSet" type="java.lang.Boolean" value="false"/>
            <field name="label" type="java.lang.String" value="ISILON+001b21c257e2b51633536402be32a23d4a4e+POOL+x200_5.5tb_200gb-ssd_6gb"/>
            <field name="longTermRetention" type="java.lang.Boolean" value="false"/>
            <field name="maxResources" type="java.lang.Integer" value="-1"/>
            <field name="maxRetention" type="java.lang.Integer" value="0"/>
            <field name="maximumThickVolumeSize" type="java.lang.Long" value="0"/>
            <field name="maximumThinVolumeSize" type="java.lang.Long" value="0"/>
            <field name="minimumThickVolumeSize" type="java.lang.Long" value="0"/>
            <field name="minimumThinVolumeSize" type="java.lang.Long" value="0"/>
            <field name="nativeGuid" type="java.lang.String" value="ISILON+001b21c257e2b51633536402be32a23d4a4e+POOL+x200_5.5tb_200gb-ssd_6gb"/>
            <field name="nativeId" type="java.lang.String" value="x200_5.5tb_200gb-ssd_6gb"/>
            <field name="opStatus" type="com.emc.storageos.db.client.model.OpStatusMap">
                <wrapper>
                    <opStatusMap/>
                </wrapper>
            </field>
            <field name="operationalStatus" type="java.lang.String" value="READY"/>
            <field name="poolClassName" type="java.lang.String" value="IsilonNodePool"/>
            <field name="poolName" type="java.lang.String" value="x200_5.5tb_200gb-ssd_6gb"/>
            <field name="poolServiceType" type="java.lang.String" value="file"/>
            <field name="protocols" type="com.emc.storageos.db.client.model.StringSet">
                <wrapper>
                    <stringSet>CIFS</stringSet>
                    <stringSet>NFS</stringSet>
                </wrapper>
            </field>
            <field name="registrationStatus" type="java.lang.String" value="REGISTERED"/>
            <field name="reservedCapacityMap" type="com.emc.storageos.db.client.model.StringMap">
                <wrapper>
                    <stringMap/>
                </wrapper>
            </field>
            <field name="storageDevice" type="java.net.URI" value="urn:storageos:StorageSystem:15f5b815-a165-4f42-848d-c258c5c9e137:vdc1"/>
            <field name="subscribedCapacity" type="java.lang.Long" value="31882176"/>
            <field name="supportedResourceTypes" type="java.lang.String" value="THIN_AND_THICK"/>
            <field name="taggedVirtualArrays" type="com.emc.storageos.db.client.model.StringSet">
                <wrapper>
                    <stringSet>urn:storageos:VirtualArray:141a8ac5-9739-42b7-930a-9fb0dcf17426:vdc1</stringSet>
                </wrapper>
            </field>
            <field name="thinVolumePreAllocationSupported" type="java.lang.Boolean" value="false"/>
            <field name="totalCapacity" type="java.lang.Long" value="16041603128"/>
        </record>
        <record id="urn:storageos:StoragePool:77dc91d5-9dbf-409a-b222-68b9fd70670f:vdc1">
            <readOnlyField>
                <field name="class" type="java.lang.Class" value="class com.emc.storageos.db.client.model.StoragePool"/>
                <field name="id" type="java.net.URI" value="urn:storageos:StoragePool:77dc91d5-9dbf-409a-b222-68b9fd70670f:vdc1"/>
            </readOnlyField>
            <field name="autoTieringEnabled" type="java.lang.Boolean" value="false"/>
            <field name="compatibilityStatus" type="java.lang.String" value="COMPATIBLE"/>
            <field name="connectedVirtualArrays" type="com.emc.storageos.db.client.model.StringSet">
                <wrapper>
                    <stringSet>urn:storageos:VirtualArray:0c39ba09-5bfe-43c4-902f-4473a51b5209:vdc1</stringSet>
                    <stringSet>urn:storageos:VirtualArray:fedefcc6-c72b-430c-999d-040fe2e56293:vdc1</stringSet>
                </wrapper>
            </field>
            <field name="creationTime" type="java.util.Calendar" value="java.util.GregorianCalendar[time=1434737872006,areFieldsSet=true,areAllFieldsSet=true,lenient=true,zone=sun.util.calendar.ZoneInfo[id=&quot;UTC&quot;,offset=0,dstSavings=0,useDaylight=false,transitions=0,lastRule=null],firstDayOfWeek=1,minimalDaysInFirstWeek=1,ERA=1,YEAR=2015,MONTH=5,WEEK_OF_YEAR=25,WEEK_OF_MONTH=3,DAY_OF_MONTH=19,DAY_OF_YEAR=170,DAY_OF_WEEK=6,DAY_OF_WEEK_IN_MONTH=3,AM_PM=1,HOUR=6,HOUR_OF_DAY=18,MINUTE=17,SECOND=52,MILLISECOND=6,ZONE_OFFSET=0,DST_OFFSET=0]"/>
            <field name="customProperties" type="com.emc.storageos.db.client.model.StringMap">
                <wrapper>
                    <stringMap/>
                </wrapper>
            </field>
            <field name="discoveryStatus" type="java.lang.String" value="VISIBLE"/>
            <field name="freeCapacity" type="java.lang.Long" value="16293344616"/>
            <field name="inactive" type="java.lang.Boolean" value="false"/>
            <field name="internalFlags" type="java.lang.Long" value="0"/>
            <field name="isResourceLimitSet" type="java.lang.Boolean" value="false"/>
            <field name="label" type="java.lang.String" value="XTREMIO+APM00144756665+POOL+APM00144756665"/>
            <field name="longTermRetention" type="java.lang.Boolean" value="false"/>
            <field name="maxResources" type="java.lang.Integer" value="-1"/>
            <field name="maxRetention" type="java.lang.Integer" value="0"/>
            <field name="maximumThickVolumeSize" type="java.lang.Long" value="0"/>
            <field name="maximumThinVolumeSize" type="java.lang.Long" value="16293417424"/>
            <field name="minimumThickVolumeSize" type="java.lang.Long" value="0"/>
            <field name="minimumThinVolumeSize" type="java.lang.Long" value="0"/>
            <field name="nativeGuid" type="java.lang.String" value="XTREMIO+APM00144756665+POOL+APM00144756665"/>
            <field name="opStatus" type="com.emc.storageos.db.client.model.OpStatusMap">
                <wrapper>
                    <opStatusMap/>
                </wrapper>
            </field>
            <field name="operationalStatus" type="java.lang.String" value="READY"/>
            <field name="poolName" type="java.lang.String" value="XTREMIO+APM00144756665+POOL+APM00144756665"/>
            <field name="poolServiceType" type="java.lang.String" value="block"/>
            <field name="protocols" type="com.emc.storageos.db.client.model.StringSet">
                <wrapper>
                    <stringSet>iSCSI</stringSet>
                    <stringSet>FC</stringSet>
                </wrapper>
            </field>
            <field name="registrationStatus" type="java.lang.String" value="REGISTERED"/>
            <field name="reservedCapacityMap" type="com.emc.storageos.db.client.model.StringMap">
                <wrapper>
                    <stringMap/>
                </wrapper>
            </field>
            <field name="storageDevice" type="java.net.URI" value="urn:storageos:StorageSystem:43c1a4c3-d50c-490f-bde4-02b37868acc1:vdc1"/>
            <field name="subscribedCapacity" type="java.lang.Long" value="-1"/>
            <field name="supportedDriveTypes" type="com.emc.storageos.db.client.model.StringSet">
                <wrapper>
                    <stringSet>SSD</stringSet>
                </wrapper>
            </field>
            <field name="supportedResourceTypes" type="java.lang.String" value="THIN_ONLY"/>
            <field name="taggedVirtualArrays" type="com.emc.storageos.db.client.model.StringSet">
                <wrapper>
                    <stringSet>urn:storageos:VirtualArray:0c39ba09-5bfe-43c4-902f-4473a51b5209:vdc1</stringSet>
                    <stringSet>urn:storageos:VirtualArray:fedefcc6-c72b-430c-999d-040fe2e56293:vdc1</stringSet>
                </wrapper>
            </field>
            <field name="thinVolumePreAllocationSupported" type="java.lang.Boolean" value="false"/>
            <field name="totalCapacity" type="java.lang.Long" value="16293417424"/>
        </record>
    </data_object_schema>
</dbschemas>
