<?xml version="1.0" encoding="utf-8" standalone="no"?>
<dbschemas>
    <data_object_schema name="TenantOrg">
        <record id="urn:storageos:TenantOrg:e8cc450f-4bbe-4018-ba5c-e7f79f7e6932:global">
            <readOnlyField>
                <field name="class" type="java.lang.Class" value="class com.emc.storageos.db.client.model.TenantOrg"/>
                <field name="id" type="java.net.URI" value="urn:storageos:TenantOrg:e8cc450f-4bbe-4018-ba5c-e7f79f7e6932:global"/>
            </readOnlyField>
            <field name="creationTime" type="java.util.Calendar" value="java.util.GregorianCalendar[time=1431403145770,areFieldsSet=true,areAllFieldsSet=true,lenient=true,zone=sun.util.calendar.ZoneInfo[id=&quot;UTC&quot;,offset=0,dstSavings=0,useDaylight=false,transitions=0,lastRule=null],firstDayOfWeek=1,minimalDaysInFirstWeek=1,ERA=1,YEAR=2015,MONTH=4,WEEK_OF_YEAR=20,WEEK_OF_MONTH=3,DAY_OF_MONTH=12,DAY_OF_YEAR=132,DAY_OF_WEEK=3,DAY_OF_WEEK_IN_MONTH=2,AM_PM=0,HOUR=3,HOUR_OF_DAY=3,MINUTE=59,SECOND=5,MILLISECOND=770,ZONE_OFFSET=0,DST_OFFSET=0]"/>
            <field name="description" type="java.lang.String" value="Root Provider Tenant"/>
            <field name="inactive" type="java.lang.Boolean" value="false"/>
            <field name="internalFlags" type="java.lang.Long" value="0"/>
            <field name="label" type="java.lang.String" value="Provider Tenant"/>
            <field name="opStatus" type="com.emc.storageos.db.client.model.OpStatusMap">
                <wrapper>
                    <opStatusMap/>
                </wrapper>
            </field>
            <field name="parentTenant" type="com.emc.storageos.db.client.model.NamedURI" value="urn:storageos:TenantOrg:NONE::Provider+Tenant"/>
            <field name="quota" type="java.lang.Long" value="0"/>
            <field name="quotaEnabled" type="java.lang.Boolean" value="false"/>
            <field name="roleAssignments" type="com.emc.storageos.db.client.model.StringSetMap">
                <wrapper>
                    <stringSetMap>
                        <entry>
                            <key>SID,root</key>
                            <value>TENANT_ADMIN</value>
                        </entry>
                    </stringSetMap>
                </wrapper>
            </field>
        </record>
    </data_object_schema>
</dbschemas>
