<?xml version="1.0" encoding="utf-8" standalone="no"?>
<dbschemas>
    <data_object_schema name="UserGroup">
        <record id="urn:storageos:UserGroup:09492d70-a717-4fbe-a09e-e8ae3fb91edd:global">
            <readOnlyField>
                <field name="class" type="java.lang.Class" value="class com.emc.storageos.db.client.model.UserGroup"/>
                <field name="id" type="java.net.URI" value="urn:storageos:UserGroup:09492d70-a717-4fbe-a09e-e8ae3fb91edd:global"/>
            </readOnlyField>
            <field name="attributes" type="com.emc.storageos.db.client.model.StringSet">
                <wrapper>
                    <stringSet>{"key":"paris.com","values":["XtremeIO"]}</stringSet>
                </wrapper>
            </field>
            <field name="creationTime" type="java.util.Calendar" value="java.util.GregorianCalendar[time=1437766394844,areFieldsSet=true,areAllFieldsSet=true,lenient=true,zone=sun.util.calendar.ZoneInfo[id=&quot;UTC&quot;,offset=0,dstSavings=0,useDaylight=false,transitions=0,lastRule=null],firstDayOfWeek=1,minimalDaysInFirstWeek=1,ERA=1,YEAR=2015,MONTH=6,WEEK_OF_YEAR=30,WEEK_OF_MONTH=4,DAY_OF_MONTH=24,DAY_OF_YEAR=205,DAY_OF_WEEK=6,DAY_OF_WEEK_IN_MONTH=4,AM_PM=1,HOUR=7,HOUR_OF_DAY=19,MINUTE=33,SECOND=14,MILLISECOND=844,ZONE_OFFSET=0,DST_OFFSET=0]"/>
            <field name="domain" type="java.lang.String" value="paris.com"/>
            <field name="inactive" type="java.lang.Boolean" value="false"/>
            <field name="internalFlags" type="java.lang.Long" value="0"/>
            <field name="label" type="java.lang.String" value="XtremeIO"/>
            <field name="opStatus" type="com.emc.storageos.db.client.model.OpStatusMap">
                <wrapper>
                    <opStatusMap/>
                </wrapper>
            </field>
        </record>
    </data_object_schema>
</dbschemas>
