<?xml version="1.0" encoding="utf-8" standalone="no"?>
<dbschemas>
    <data_object_schema name="UserPreferences">
        <record id="urn:storageos:UserPreferences:9d3b69a4-9fc4-40d5-9b30-15ff08638e4a:vdc1">
            <readOnlyField>
                <field name="class" type="java.lang.Class" value="class com.emc.storageos.db.client.model.UserPreferences"/>
                <field name="id" type="java.net.URI" value="urn:storageos:UserPreferences:9d3b69a4-9fc4-40d5-9b30-15ff08638e4a:vdc1"/>
            </readOnlyField>
            <field name="creationTime" type="java.util.Calendar" value="java.util.GregorianCalendar[time=1432841284331,areFieldsSet=true,areAllFieldsSet=true,lenient=true,zone=sun.util.calendar.ZoneInfo[id=&quot;UTC&quot;,offset=0,dstSavings=0,useDaylight=false,transitions=0,lastRule=null],firstDayOfWeek=1,minimalDaysInFirstWeek=1,ERA=1,YEAR=2015,MONTH=4,WEEK_OF_YEAR=22,WEEK_OF_MONTH=5,DAY_OF_MONTH=28,DAY_OF_YEAR=148,DAY_OF_WEEK=5,DAY_OF_WEEK_IN_MONTH=4,AM_PM=1,HOUR=7,HOUR_OF_DAY=19,MINUTE=28,SECOND=4,MILLISECOND=331,ZONE_OFFSET=0,DST_OFFSET=0]"/>
            <field name="inactive" type="java.lang.Boolean" value="false"/>
            <field name="internalFlags" type="java.lang.Long" value="0"/>
            <field name="label" type="java.lang.String" value=""/>
            <field name="lastUpdated" type="java.util.Date" value="Thu May 28 19:28:04 UTC 2015"/>
            <field name="notifyByEmail" type="java.lang.Boolean" value="false"/>
            <field name="opStatus" type="com.emc.storageos.db.client.model.OpStatusMap">
                <wrapper>
                    <opStatusMap/>
                </wrapper>
            </field>
            <field name="userId" type="java.lang.String" value="root"/>
        </record>
    </data_object_schema>
</dbschemas>
