<?xml version="1.0" encoding="utf-8" standalone="no"?>
<dbschemas>
    <data_object_schema name="VcenterDataCenter">
        <record id="urn:storageos:VcenterDataCenter:75021842-6fdb-42a6-8f04-9cca209cd06e:vdc1">
            <readOnlyField>
                <field name="class" type="java.lang.Class" value="class com.emc.storageos.db.client.model.VcenterDataCenter"/>
                <field name="id" type="java.net.URI" value="urn:storageos:VcenterDataCenter:75021842-6fdb-42a6-8f04-9cca209cd06e:vdc1"/>
            </readOnlyField>
            <field name="creationTime" type="java.util.Calendar" value="java.util.GregorianCalendar[time=1434045364711,areFieldsSet=true,areAllFieldsSet=true,lenient=true,zone=sun.util.calendar.ZoneInfo[id=&quot;UTC&quot;,offset=0,dstSavings=0,useDaylight=false,transitions=0,lastRule=null],firstDayOfWeek=1,minimalDaysInFirstWeek=1,ERA=1,YEAR=2015,MONTH=5,WEEK_OF_YEAR=24,WEEK_OF_MONTH=2,DAY_OF_MONTH=11,DAY_OF_YEAR=162,DAY_OF_WEEK=5,DAY_OF_WEEK_IN_MONTH=2,AM_PM=1,HOUR=5,HOUR_OF_DAY=17,MINUTE=56,SECOND=4,MILLISECOND=711,ZONE_OFFSET=0,DST_OFFSET=0]"/>
            <field name="externalId" type="java.lang.String" value="datacenter-2"/>
            <field name="inactive" type="java.lang.Boolean" value="false"/>
            <field name="internalFlags" type="java.lang.Long" value="0"/>
            <field name="label" type="java.lang.String" value="VSE"/>
            <field name="opStatus" type="com.emc.storageos.db.client.model.OpStatusMap">
                <wrapper>
                    <opStatusMap/>
                </wrapper>
            </field>
            <field name="tenant" type="java.net.URI" value="urn:storageos:TenantOrg:e8cc450f-4bbe-4018-ba5c-e7f79f7e6932:global"/>
            <field name="vcenter" type="java.net.URI" value="urn:storageos:Vcenter:bf545c56-8283-4585-aeaf-2bbfc8774f69:vdc1"/>
        </record>
        <record id="urn:storageos:VcenterDataCenter:6c1f0329-8f18-4afe-b149-65c11203790e:vdc1">
            <readOnlyField>
                <field name="class" type="java.lang.Class" value="class com.emc.storageos.db.client.model.VcenterDataCenter"/>
                <field name="id" type="java.net.URI" value="urn:storageos:VcenterDataCenter:6c1f0329-8f18-4afe-b149-65c11203790e:vdc1"/>
            </readOnlyField>
            <field name="creationTime" type="java.util.Calendar" value="java.util.GregorianCalendar[time=1434045325045,areFieldsSet=true,areAllFieldsSet=true,lenient=true,zone=sun.util.calendar.ZoneInfo[id=&quot;UTC&quot;,offset=0,dstSavings=0,useDaylight=false,transitions=0,lastRule=null],firstDayOfWeek=1,minimalDaysInFirstWeek=1,ERA=1,YEAR=2015,MONTH=5,WEEK_OF_YEAR=24,WEEK_OF_MONTH=2,DAY_OF_MONTH=11,DAY_OF_YEAR=162,DAY_OF_WEEK=5,DAY_OF_WEEK_IN_MONTH=2,AM_PM=1,HOUR=5,HOUR_OF_DAY=17,MINUTE=55,SECOND=25,MILLISECOND=45,ZONE_OFFSET=0,DST_OFFSET=0]"/>
            <field name="externalId" type="java.lang.String" value="datacenter-2"/>
            <field name="inactive" type="java.lang.Boolean" value="false"/>
            <field name="internalFlags" type="java.lang.Long" value="0"/>
            <field name="label" type="java.lang.String" value="VSE3"/>
            <field name="opStatus" type="com.emc.storageos.db.client.model.OpStatusMap">
                <wrapper>
                    <opStatusMap/>
                </wrapper>
            </field>
            <field name="tenant" type="java.net.URI" value="urn:storageos:TenantOrg:e8cc450f-4bbe-4018-ba5c-e7f79f7e6932:global"/>
            <field name="vcenter" type="java.net.URI" value="urn:storageos:Vcenter:dfa55f0b-3f60-4252-8f0c-d6bb7cd8d15c:vdc1"/>
        </record>
        <record id="urn:storageos:VcenterDataCenter:302c3c57-bd9a-419c-8e71-2420b2ad11b3:vdc1">
            <readOnlyField>
                <field name="class" type="java.lang.Class" value="class com.emc.storageos.db.client.model.VcenterDataCenter"/>
                <field name="id" type="java.net.URI" value="urn:storageos:VcenterDataCenter:302c3c57-bd9a-419c-8e71-2420b2ad11b3:vdc1"/>
            </readOnlyField>
            <field name="creationTime" type="java.util.Calendar" value="java.util.GregorianCalendar[time=1434045362981,areFieldsSet=true,areAllFieldsSet=true,lenient=true,zone=sun.util.calendar.ZoneInfo[id=&quot;UTC&quot;,offset=0,dstSavings=0,useDaylight=false,transitions=0,lastRule=null],firstDayOfWeek=1,minimalDaysInFirstWeek=1,ERA=1,YEAR=2015,MONTH=5,WEEK_OF_YEAR=24,WEEK_OF_MONTH=2,DAY_OF_MONTH=11,DAY_OF_YEAR=162,DAY_OF_WEEK=5,DAY_OF_WEEK_IN_MONTH=2,AM_PM=1,HOUR=5,HOUR_OF_DAY=17,MINUTE=56,SECOND=2,MILLISECOND=981,ZONE_OFFSET=0,DST_OFFSET=0]"/>
            <field name="externalId" type="java.lang.String" value="datacenter-397"/>
            <field name="inactive" type="java.lang.Boolean" value="false"/>
            <field name="internalFlags" type="java.lang.Long" value="0"/>
            <field name="label" type="java.lang.String" value="CSE Lab"/>
            <field name="opStatus" type="com.emc.storageos.db.client.model.OpStatusMap">
                <wrapper>
                    <opStatusMap/>
                </wrapper>
            </field>
            <field name="tenant" type="java.net.URI" value="urn:storageos:TenantOrg:e8cc450f-4bbe-4018-ba5c-e7f79f7e6932:global"/>
            <field name="vcenter" type="java.net.URI" value="urn:storageos:Vcenter:bf545c56-8283-4585-aeaf-2bbfc8774f69:vdc1"/>
        </record>
    </data_object_schema>
</dbschemas>
