<?xml version="1.0" encoding="utf-8" standalone="no"?>
<dbschemas>
    <data_object_schema name="Vcenter">
        <record id="urn:storageos:Vcenter:bf545c56-8283-4585-aeaf-2bbfc8774f69:vdc1">
            <readOnlyField>
                <field name="class" type="java.lang.Class" value="class com.emc.storageos.db.client.model.Vcenter"/>
                <field name="id" type="java.net.URI" value="urn:storageos:Vcenter:bf545c56-8283-4585-aeaf-2bbfc8774f69:vdc1"/>
            </readOnlyField>
            <field name="acls" type="com.emc.storageos.db.client.model.StringSetMap">
                <wrapper>
                    <stringSetMap>
                        <entry>
                            <key>TENANT,urn:storageos:TenantOrg:e8cc450f-4bbe-4018-ba5c-e7f79f7e6932:global</key>
                            <value>USE</value>
                        </entry>
                    </stringSetMap>
                </wrapper>
            </field>
            <field name="cascadeTenancy" type="java.lang.Boolean" value="true"/>
            <field name="compatibilityStatus" type="java.lang.String" value="COMPATIBLE"/>
            <field name="creationTime" type="java.util.Calendar" value="java.util.GregorianCalendar[time=1434045362213,areFieldsSet=true,areAllFieldsSet=true,lenient=true,zone=sun.util.calendar.ZoneInfo[id=&quot;UTC&quot;,offset=0,dstSavings=0,useDaylight=false,transitions=0,lastRule=null],firstDayOfWeek=1,minimalDaysInFirstWeek=1,ERA=1,YEAR=2015,MONTH=5,WEEK_OF_YEAR=24,WEEK_OF_MONTH=2,DAY_OF_MONTH=11,DAY_OF_YEAR=162,DAY_OF_WEEK=5,DAY_OF_WEEK_IN_MONTH=2,AM_PM=1,HOUR=5,HOUR_OF_DAY=17,MINUTE=56,SECOND=2,MILLISECOND=213,ZONE_OFFSET=0,DST_OFFSET=0]"/>
            <field name="discoveryStatus" type="java.lang.String" value="COMPLETE"/>
            <field name="inactive" type="java.lang.Boolean" value="false"/>
            <field name="internalFlags" type="java.lang.Long" value="0"/>
            <field name="ipAddress" type="java.lang.String" value="10.247.144.80"/>
            <field name="label" type="java.lang.String" value="lglbx080"/>
            <field name="lastDiscoveryRunTime" type="java.lang.Long" value="1449438410371"/>
            <field name="lastDiscoveryStatusMessage" type="java.lang.String" value=""/>
            <field name="lastMeteringRunTime" type="java.lang.Long" value="0"/>
            <field name="meteringStatus" type="java.lang.String" value="CREATED"/>
            <field name="nativeGuid" type="java.lang.String" value="CEB9D546-571B-4F3E-93FA-0C977B8595C4"/>
            <field name="nextDiscoveryRunTime" type="java.lang.Long" value="1449524792291"/>
            <field name="nextMeteringRunTime" type="java.lang.Long" value="0"/>
            <field name="opStatus" type="com.emc.storageos.db.client.model.OpStatusMap">
                <wrapper>
                    <opStatusMap/>
                </wrapper>
            </field>
            <field name="osVersion" type="java.lang.String" value="5.5.0"/>
            <field name="portNumber" type="java.lang.Integer" value="443"/>
            <field name="registrationStatus" type="java.lang.String" value="REGISTERED"/>
            <field name="successDiscoveryTime" type="java.lang.Long" value="1449438410371"/>
            <field name="successMeteringTime" type="java.lang.Long" value="0"/>
            <field name="tenant" type="java.net.URI" value="null"/>
            <field name="username" type="java.lang.String" value="root"/>
        </record>
        <record id="urn:storageos:Vcenter:dfa55f0b-3f60-4252-8f0c-d6bb7cd8d15c:vdc1">
            <readOnlyField>
                <field name="class" type="java.lang.Class" value="class com.emc.storageos.db.client.model.Vcenter"/>
                <field name="id" type="java.net.URI" value="urn:storageos:Vcenter:dfa55f0b-3f60-4252-8f0c-d6bb7cd8d15c:vdc1"/>
            </readOnlyField>
            <field name="acls" type="com.emc.storageos.db.client.model.StringSetMap">
                <wrapper>
                    <stringSetMap>
                        <entry>
                            <key>TENANT,urn:storageos:TenantOrg:e8cc450f-4bbe-4018-ba5c-e7f79f7e6932:global</key>
                            <value>USE</value>
                        </entry>
                    </stringSetMap>
                </wrapper>
            </field>
            <field name="cascadeTenancy" type="java.lang.Boolean" value="true"/>
            <field name="compatibilityStatus" type="java.lang.String" value="COMPATIBLE"/>
            <field name="creationTime" type="java.util.Calendar" value="java.util.GregorianCalendar[time=1434045324078,areFieldsSet=true,areAllFieldsSet=true,lenient=true,zone=sun.util.calendar.ZoneInfo[id=&quot;UTC&quot;,offset=0,dstSavings=0,useDaylight=false,transitions=0,lastRule=null],firstDayOfWeek=1,minimalDaysInFirstWeek=1,ERA=1,YEAR=2015,MONTH=5,WEEK_OF_YEAR=24,WEEK_OF_MONTH=2,DAY_OF_MONTH=11,DAY_OF_YEAR=162,DAY_OF_WEEK=5,DAY_OF_WEEK_IN_MONTH=2,AM_PM=1,HOUR=5,HOUR_OF_DAY=17,MINUTE=55,SECOND=24,MILLISECOND=78,ZONE_OFFSET=0,DST_OFFSET=0]"/>
            <field name="discoveryStatus" type="java.lang.String" value="COMPLETE"/>
            <field name="inactive" type="java.lang.Boolean" value="false"/>
            <field name="internalFlags" type="java.lang.Long" value="0"/>
            <field name="ipAddress" type="java.lang.String" value="10.247.144.81"/>
            <field name="label" type="java.lang.String" value="VSE VCENTER 81-b"/>
            <field name="lastDiscoveryRunTime" type="java.lang.Long" value="1449438395297"/>
            <field name="lastDiscoveryStatusMessage" type="java.lang.String" value=""/>
            <field name="lastMeteringRunTime" type="java.lang.Long" value="0"/>
            <field name="meteringStatus" type="java.lang.String" value="CREATED"/>
            <field name="nativeGuid" type="java.lang.String" value="3FED493A-EE83-4797-B235-7E7F7B467F91"/>
            <field name="nextDiscoveryRunTime" type="java.lang.Long" value="1449524792457"/>
            <field name="nextMeteringRunTime" type="java.lang.Long" value="0"/>
            <field name="opStatus" type="com.emc.storageos.db.client.model.OpStatusMap">
                <wrapper>
                    <opStatusMap/>
                </wrapper>
            </field>
            <field name="osVersion" type="java.lang.String" value="5.5.0"/>
            <field name="portNumber" type="java.lang.Integer" value="443"/>
            <field name="registrationStatus" type="java.lang.String" value="REGISTERED"/>
            <field name="successDiscoveryTime" type="java.lang.Long" value="1449438395297"/>
            <field name="successMeteringTime" type="java.lang.Long" value="0"/>
            <field name="tenant" type="java.net.URI" value="null"/>
            <field name="username" type="java.lang.String" value="root"/>
        </record>
    </data_object_schema>
</dbschemas>
