<?xml version="1.0" encoding="utf-8" standalone="no"?>
<dbschemas>
    <data_object_schema name="VdcVersion">
        <record id="urn:storageos:VdcVersion:64235763-5ac4-46e6-8c17-640bfc47463a:global">
            <readOnlyField>
                <field name="class" type="java.lang.Class" value="class com.emc.storageos.db.client.model.VdcVersion"/>
                <field name="id" type="java.net.URI" value="urn:storageos:VdcVersion:64235763-5ac4-46e6-8c17-640bfc47463a:global"/>
            </readOnlyField>
            <field name="creationTime" type="java.util.Calendar" value="java.util.GregorianCalendar[time=1436820438549,areFieldsSet=true,areAllFieldsSet=true,lenient=true,zone=sun.util.calendar.ZoneInfo[id=&quot;UTC&quot;,offset=0,dstSavings=0,useDaylight=false,transitions=0,lastRule=null],firstDayOfWeek=1,minimalDaysInFirstWeek=1,ERA=1,YEAR=2015,MONTH=6,WEEK_OF_YEAR=29,WEEK_OF_MONTH=3,DAY_OF_MONTH=13,DAY_OF_YEAR=194,DAY_OF_WEEK=2,DAY_OF_WEEK_IN_MONTH=2,AM_PM=1,HOUR=8,HOUR_OF_DAY=20,MINUTE=47,SECOND=18,MILLISECOND=549,ZONE_OFFSET=0,DST_OFFSET=0]"/>
            <field name="inactive" type="java.lang.Boolean" value="false"/>
            <field name="internalFlags" type="java.lang.Long" value="0"/>
            <field name="label" type="java.lang.String" value=""/>
            <field name="opStatus" type="com.emc.storageos.db.client.model.OpStatusMap">
                <wrapper>
                    <opStatusMap/>
                </wrapper>
            </field>
            <field name="vdcId" type="java.net.URI" value="urn:storageos:VirtualDataCenter:b7fbde8e-4647-4424-893b-d20172b04c7d:vdc1"/>
            <field name="version" type="java.lang.String" value="2.4"/>
        </record>
    </data_object_schema>
</dbschemas>
