<?xml version="1.0" encoding="utf-8" standalone="no"?>
<dbschemas>
    <data_object_schema name="VirtualArray">
        <record id="urn:storageos:VirtualArray:6851742f-9267-4c66-a0a9-9de77c978b6a:vdc1">
            <readOnlyField>
                <field name="class" type="java.lang.Class" value="class com.emc.storageos.db.client.model.VirtualArray"/>
                <field name="id" type="java.net.URI" value="urn:storageos:VirtualArray:6851742f-9267-4c66-a0a9-9de77c978b6a:vdc1"/>
            </readOnlyField>
            <field name="autoSanZoning" type="java.lang.Boolean" value="true"/>
            <field name="creationTime" type="java.util.Calendar" value="java.util.GregorianCalendar[time=1433264501825,areFieldsSet=true,areAllFieldsSet=true,lenient=true,zone=sun.util.calendar.ZoneInfo[id=&quot;UTC&quot;,offset=0,dstSavings=0,useDaylight=false,transitions=0,lastRule=null],firstDayOfWeek=1,minimalDaysInFirstWeek=1,ERA=1,YEAR=2015,MONTH=5,WEEK_OF_YEAR=23,WEEK_OF_MONTH=1,DAY_OF_MONTH=2,DAY_OF_YEAR=153,DAY_OF_WEEK=3,DAY_OF_WEEK_IN_MONTH=1,AM_PM=1,HOUR=5,HOUR_OF_DAY=17,MINUTE=1,SECOND=41,MILLISECOND=825,ZONE_OFFSET=0,DST_OFFSET=0]"/>
            <field name="deviceRegistered" type="java.lang.Boolean" value="false"/>
            <field name="inactive" type="java.lang.Boolean" value="false"/>
            <field name="internalFlags" type="java.lang.Long" value="0"/>
            <field name="label" type="java.lang.String" value="VNX-VA"/>
            <field name="opStatus" type="com.emc.storageos.db.client.model.OpStatusMap">
                <wrapper>
                    <opStatusMap/>
                </wrapper>
            </field>
            <field name="protectionType" type="java.lang.String" value=""/>
        </record>
        <record id="urn:storageos:VirtualArray:4b60b4fc-e59f-4ed4-839f-92c9932318ef:vdc1">
            <readOnlyField>
                <field name="class" type="java.lang.Class" value="class com.emc.storageos.db.client.model.VirtualArray"/>
                <field name="id" type="java.net.URI" value="urn:storageos:VirtualArray:4b60b4fc-e59f-4ed4-839f-92c9932318ef:vdc1"/>
            </readOnlyField>
            <field name="autoSanZoning" type="java.lang.Boolean" value="true"/>
            <field name="creationTime" type="java.util.Calendar" value="java.util.GregorianCalendar[time=1432839423682,areFieldsSet=true,areAllFieldsSet=true,lenient=true,zone=sun.util.calendar.ZoneInfo[id=&quot;UTC&quot;,offset=0,dstSavings=0,useDaylight=false,transitions=0,lastRule=null],firstDayOfWeek=1,minimalDaysInFirstWeek=1,ERA=1,YEAR=2015,MONTH=4,WEEK_OF_YEAR=22,WEEK_OF_MONTH=5,DAY_OF_MONTH=28,DAY_OF_YEAR=148,DAY_OF_WEEK=5,DAY_OF_WEEK_IN_MONTH=4,AM_PM=1,HOUR=6,HOUR_OF_DAY=18,MINUTE=57,SECOND=3,MILLISECOND=682,ZONE_OFFSET=0,DST_OFFSET=0]"/>
            <field name="deviceRegistered" type="java.lang.Boolean" value="false"/>
            <field name="inactive" type="java.lang.Boolean" value="false"/>
            <field name="internalFlags" type="java.lang.Long" value="0"/>
            <field name="label" type="java.lang.String" value="VMAX-VA"/>
            <field name="opStatus" type="com.emc.storageos.db.client.model.OpStatusMap">
                <wrapper>
                    <opStatusMap/>
                </wrapper>
            </field>
            <field name="protectionType" type="java.lang.String" value=""/>
        </record>
        <record id="urn:storageos:VirtualArray:fedefcc6-c72b-430c-999d-040fe2e56293:vdc1">
            <readOnlyField>
                <field name="class" type="java.lang.Class" value="class com.emc.storageos.db.client.model.VirtualArray"/>
                <field name="id" type="java.net.URI" value="urn:storageos:VirtualArray:fedefcc6-c72b-430c-999d-040fe2e56293:vdc1"/>
            </readOnlyField>
            <field name="autoSanZoning" type="java.lang.Boolean" value="true"/>
            <field name="creationTime" type="java.util.Calendar" value="java.util.GregorianCalendar[time=1434737932579,areFieldsSet=true,areAllFieldsSet=true,lenient=true,zone=sun.util.calendar.ZoneInfo[id=&quot;UTC&quot;,offset=0,dstSavings=0,useDaylight=false,transitions=0,lastRule=null],firstDayOfWeek=1,minimalDaysInFirstWeek=1,ERA=1,YEAR=2015,MONTH=5,WEEK_OF_YEAR=25,WEEK_OF_MONTH=3,DAY_OF_MONTH=19,DAY_OF_YEAR=170,DAY_OF_WEEK=6,DAY_OF_WEEK_IN_MONTH=3,AM_PM=1,HOUR=6,HOUR_OF_DAY=18,MINUTE=18,SECOND=52,MILLISECOND=579,ZONE_OFFSET=0,DST_OFFSET=0]"/>
            <field name="deviceRegistered" type="java.lang.Boolean" value="false"/>
            <field name="inactive" type="java.lang.Boolean" value="false"/>
            <field name="internalFlags" type="java.lang.Long" value="0"/>
            <field name="label" type="java.lang.String" value="XIO VA"/>
            <field name="opStatus" type="com.emc.storageos.db.client.model.OpStatusMap">
                <wrapper>
                    <opStatusMap/>
                </wrapper>
            </field>
            <field name="protectionType" type="java.lang.String" value=""/>
        </record>
        <record id="urn:storageos:VirtualArray:0c39ba09-5bfe-43c4-902f-4473a51b5209:vdc1">
            <readOnlyField>
                <field name="class" type="java.lang.Class" value="class com.emc.storageos.db.client.model.VirtualArray"/>
                <field name="id" type="java.net.URI" value="urn:storageos:VirtualArray:0c39ba09-5bfe-43c4-902f-4473a51b5209:vdc1"/>
            </readOnlyField>
            <field name="autoSanZoning" type="java.lang.Boolean" value="true"/>
            <field name="creationTime" type="java.util.Calendar" value="java.util.GregorianCalendar[time=1444174303317,areFieldsSet=true,areAllFieldsSet=true,lenient=true,zone=sun.util.calendar.ZoneInfo[id=&quot;UTC&quot;,offset=0,dstSavings=0,useDaylight=false,transitions=0,lastRule=null],firstDayOfWeek=1,minimalDaysInFirstWeek=1,ERA=1,YEAR=2015,MONTH=9,WEEK_OF_YEAR=41,WEEK_OF_MONTH=2,DAY_OF_MONTH=6,DAY_OF_YEAR=279,DAY_OF_WEEK=3,DAY_OF_WEEK_IN_MONTH=1,AM_PM=1,HOUR=11,HOUR_OF_DAY=23,MINUTE=31,SECOND=43,MILLISECOND=317,ZONE_OFFSET=0,DST_OFFSET=0]"/>
            <field name="deviceRegistered" type="java.lang.Boolean" value="false"/>
            <field name="inactive" type="java.lang.Boolean" value="false"/>
            <field name="internalFlags" type="java.lang.Long" value="0"/>
            <field name="label" type="java.lang.String" value="ServiceNow_VA"/>
            <field name="opStatus" type="com.emc.storageos.db.client.model.OpStatusMap">
                <wrapper>
                    <opStatusMap/>
                </wrapper>
            </field>
            <field name="protectionType" type="java.lang.String" value=""/>
        </record>
        <record id="urn:storageos:VirtualArray:141a8ac5-9739-42b7-930a-9fb0dcf17426:vdc1">
            <readOnlyField>
                <field name="class" type="java.lang.Class" value="class com.emc.storageos.db.client.model.VirtualArray"/>
                <field name="id" type="java.net.URI" value="urn:storageos:VirtualArray:141a8ac5-9739-42b7-930a-9fb0dcf17426:vdc1"/>
            </readOnlyField>
            <field name="autoSanZoning" type="java.lang.Boolean" value="true"/>
            <field name="creationTime" type="java.util.Calendar" value="java.util.GregorianCalendar[time=1442523663542,areFieldsSet=true,areAllFieldsSet=true,lenient=true,zone=sun.util.calendar.ZoneInfo[id=&quot;UTC&quot;,offset=0,dstSavings=0,useDaylight=false,transitions=0,lastRule=null],firstDayOfWeek=1,minimalDaysInFirstWeek=1,ERA=1,YEAR=2015,MONTH=8,WEEK_OF_YEAR=38,WEEK_OF_MONTH=3,DAY_OF_MONTH=17,DAY_OF_YEAR=260,DAY_OF_WEEK=5,DAY_OF_WEEK_IN_MONTH=3,AM_PM=1,HOUR=9,HOUR_OF_DAY=21,MINUTE=1,SECOND=3,MILLISECOND=542,ZONE_OFFSET=0,DST_OFFSET=0]"/>
            <field name="deviceRegistered" type="java.lang.Boolean" value="false"/>
            <field name="inactive" type="java.lang.Boolean" value="false"/>
            <field name="internalFlags" type="java.lang.Long" value="0"/>
            <field name="label" type="java.lang.String" value="File-LGLW6120-VA"/>
            <field name="opStatus" type="com.emc.storageos.db.client.model.OpStatusMap">
                <wrapper>
                    <opStatusMap/>
                </wrapper>
            </field>
            <field name="protectionType" type="java.lang.String" value=""/>
        </record>
        <record id="urn:storageos:VirtualArray:db24ff4a-3888-4ca6-8b3a-818e534f5c8f:vdc1">
            <readOnlyField>
                <field name="class" type="java.lang.Class" value="class com.emc.storageos.db.client.model.VirtualArray"/>
                <field name="id" type="java.net.URI" value="urn:storageos:VirtualArray:db24ff4a-3888-4ca6-8b3a-818e534f5c8f:vdc1"/>
            </readOnlyField>
            <field name="autoSanZoning" type="java.lang.Boolean" value="true"/>
            <field name="creationTime" type="java.util.Calendar" value="java.util.GregorianCalendar[time=1442507628412,areFieldsSet=true,areAllFieldsSet=true,lenient=true,zone=sun.util.calendar.ZoneInfo[id=&quot;UTC&quot;,offset=0,dstSavings=0,useDaylight=false,transitions=0,lastRule=null],firstDayOfWeek=1,minimalDaysInFirstWeek=1,ERA=1,YEAR=2015,MONTH=8,WEEK_OF_YEAR=38,WEEK_OF_MONTH=3,DAY_OF_MONTH=17,DAY_OF_YEAR=260,DAY_OF_WEEK=5,DAY_OF_WEEK_IN_MONTH=3,AM_PM=1,HOUR=4,HOUR_OF_DAY=16,MINUTE=33,SECOND=48,MILLISECOND=412,ZONE_OFFSET=0,DST_OFFSET=0]"/>
            <field name="deviceRegistered" type="java.lang.Boolean" value="false"/>
            <field name="inactive" type="java.lang.Boolean" value="false"/>
            <field name="internalFlags" type="java.lang.Long" value="0"/>
            <field name="label" type="java.lang.String" value="Isilon"/>
            <field name="opStatus" type="com.emc.storageos.db.client.model.OpStatusMap">
                <wrapper>
                    <opStatusMap/>
                </wrapper>
            </field>
            <field name="protectionType" type="java.lang.String" value=""/>
        </record>
    </data_object_schema>
</dbschemas>
