<?xml version="1.0" encoding="utf-8" standalone="no"?>
<dbschemas>
    <data_object_schema name="VirtualPool">
        <record id="urn:storageos:VirtualPool:310e7d87-27f5-4dc1-a768-2a1f3033bb71:vdc1">
            <readOnlyField>
                <field name="class" type="java.lang.Class" value="class com.emc.storageos.db.client.model.VirtualPool"/>
                <field name="id" type="java.net.URI" value="urn:storageos:VirtualPool:310e7d87-27f5-4dc1-a768-2a1f3033bb71:vdc1"/>
            </readOnlyField>
            <field name="arrayInfo" type="com.emc.storageos.db.client.model.StringSetMap">
                <wrapper>
                    <stringSetMap>
                        <entry>
                            <key>system_type</key>
                            <value>xtremio</value>
                        </entry>
                    </stringSetMap>
                </wrapper>
            </field>
            <field name="autoCrossConnectExport" type="java.lang.Boolean" value="false"/>
            <field name="creationTime" type="java.util.Calendar" value="java.util.GregorianCalendar[time=1434738031250,areFieldsSet=true,areAllFieldsSet=true,lenient=true,zone=sun.util.calendar.ZoneInfo[id=&quot;UTC&quot;,offset=0,dstSavings=0,useDaylight=false,transitions=0,lastRule=null],firstDayOfWeek=1,minimalDaysInFirstWeek=1,ERA=1,YEAR=2015,MONTH=5,WEEK_OF_YEAR=25,WEEK_OF_MONTH=3,DAY_OF_MONTH=19,DAY_OF_YEAR=170,DAY_OF_WEEK=6,DAY_OF_WEEK_IN_MONTH=3,AM_PM=1,HOUR=6,HOUR_OF_DAY=18,MINUTE=20,SECOND=31,MILLISECOND=250,ZONE_OFFSET=0,DST_OFFSET=0]"/>
            <field name="description" type="java.lang.String" value="XIO SSD VP"/>
            <field name="driveType" type="java.lang.String" value="SSD"/>
            <field name="expandable" type="java.lang.Boolean" value="true"/>
            <field name="fastExpansion" type="java.lang.Boolean" value="false"/>
            <field name="hostIOLimitBandwidth" type="java.lang.Integer" value="0"/>
            <field name="hostIOLimitIOPs" type="java.lang.Integer" value="0"/>
            <field name="inactive" type="java.lang.Boolean" value="false"/>
            <field name="internalFlags" type="java.lang.Long" value="0"/>
            <field name="label" type="java.lang.String" value="XIO SSD VP"/>
            <field name="longTermRetention" type="java.lang.Boolean" value="false"/>
            <field name="matchedStoragePools" type="com.emc.storageos.db.client.model.StringSet">
                <wrapper>
                    <stringSet>urn:storageos:StoragePool:77dc91d5-9dbf-409a-b222-68b9fd70670f:vdc1</stringSet>
                    <stringSet>urn:storageos:StoragePool:30d0bcc3-66e2-4e71-b2b8-b8de1e565954:vdc1</stringSet>
                </wrapper>
            </field>
            <field name="maxNativeContinuousCopies" type="java.lang.Integer" value="0"/>
            <field name="maxNativeSnapshots" type="java.lang.Integer" value="0"/>
            <field name="maxRetention" type="java.lang.Integer" value="0"/>
            <field name="metroPoint" type="java.lang.Boolean" value="false"/>
            <field name="minPaths" type="java.lang.Integer" value="1"/>
            <field name="multivolumeConsistency" type="java.lang.Boolean" value="true"/>
            <field name="nonDisruptiveExpansion" type="java.lang.Boolean" value="true"/>
            <field name="numPaths" type="java.lang.Integer" value="2"/>
            <field name="opStatus" type="com.emc.storageos.db.client.model.OpStatusMap">
                <wrapper>
                    <opStatusMap/>
                </wrapper>
            </field>
            <field name="pathsPerInitiator" type="java.lang.Integer" value="1"/>
            <field name="protocols" type="com.emc.storageos.db.client.model.StringSet">
                <wrapper>
                    <stringSet>FC</stringSet>
                </wrapper>
            </field>
            <field name="quota" type="java.lang.Long" value="0"/>
            <field name="quotaEnabled" type="java.lang.Boolean" value="false"/>
            <field name="supportedProvisioningType" type="java.lang.String" value="Thin"/>
            <field name="type" type="java.lang.String" value="block"/>
            <field name="uniquePolicyNames" type="java.lang.Boolean" value="false"/>
            <field name="useMatchedPools" type="java.lang.Boolean" value="true"/>
            <field name="virtualArrays" type="com.emc.storageos.db.client.model.StringSet">
                <wrapper>
                    <stringSet>urn:storageos:VirtualArray:fedefcc6-c72b-430c-999d-040fe2e56293:vdc1</stringSet>
                </wrapper>
            </field>
        </record>
        <record id="urn:storageos:VirtualPool:035f1d03-608d-4c7b-9718-935738bcc220:vdc1">
            <readOnlyField>
                <field name="class" type="java.lang.Class" value="class com.emc.storageos.db.client.model.VirtualPool"/>
                <field name="id" type="java.net.URI" value="urn:storageos:VirtualPool:035f1d03-608d-4c7b-9718-935738bcc220:vdc1"/>
            </readOnlyField>
            <field name="arrayInfo" type="com.emc.storageos.db.client.model.StringSetMap">
                <wrapper>
                    <stringSetMap>
                        <entry>
                            <key>system_type</key>
                            <value>NONE</value>
                        </entry>
                    </stringSetMap>
                </wrapper>
            </field>
            <field name="autoCrossConnectExport" type="java.lang.Boolean" value="false"/>
            <field name="creationTime" type="java.util.Calendar" value="java.util.GregorianCalendar[time=1444169711655,areFieldsSet=true,areAllFieldsSet=true,lenient=true,zone=sun.util.calendar.ZoneInfo[id=&quot;UTC&quot;,offset=0,dstSavings=0,useDaylight=false,transitions=0,lastRule=null],firstDayOfWeek=1,minimalDaysInFirstWeek=1,ERA=1,YEAR=2015,MONTH=9,WEEK_OF_YEAR=41,WEEK_OF_MONTH=2,DAY_OF_MONTH=6,DAY_OF_YEAR=279,DAY_OF_WEEK=3,DAY_OF_WEEK_IN_MONTH=1,AM_PM=1,HOUR=10,HOUR_OF_DAY=22,MINUTE=15,SECOND=11,MILLISECOND=655,ZONE_OFFSET=0,DST_OFFSET=0]"/>
            <field name="description" type="java.lang.String" value="ServiceNow VP"/>
            <field name="driveType" type="java.lang.String" value="NONE"/>
            <field name="expandable" type="java.lang.Boolean" value="true"/>
            <field name="fastExpansion" type="java.lang.Boolean" value="false"/>
            <field name="hostIOLimitBandwidth" type="java.lang.Integer" value="0"/>
            <field name="hostIOLimitIOPs" type="java.lang.Integer" value="0"/>
            <field name="inactive" type="java.lang.Boolean" value="false"/>
            <field name="internalFlags" type="java.lang.Long" value="0"/>
            <field name="label" type="java.lang.String" value="ServiceNow_VP"/>
            <field name="longTermRetention" type="java.lang.Boolean" value="false"/>
            <field name="matchedStoragePools" type="com.emc.storageos.db.client.model.StringSet">
                <wrapper>
                    <stringSet>urn:storageos:StoragePool:77dc91d5-9dbf-409a-b222-68b9fd70670f:vdc1</stringSet>
                </wrapper>
            </field>
            <field name="maxNativeContinuousCopies" type="java.lang.Integer" value="0"/>
            <field name="maxNativeSnapshots" type="java.lang.Integer" value="0"/>
            <field name="maxRetention" type="java.lang.Integer" value="0"/>
            <field name="metroPoint" type="java.lang.Boolean" value="false"/>
            <field name="minPaths" type="java.lang.Integer" value="1"/>
            <field name="multivolumeConsistency" type="java.lang.Boolean" value="false"/>
            <field name="nonDisruptiveExpansion" type="java.lang.Boolean" value="true"/>
            <field name="numPaths" type="java.lang.Integer" value="2"/>
            <field name="opStatus" type="com.emc.storageos.db.client.model.OpStatusMap">
                <wrapper>
                    <opStatusMap/>
                </wrapper>
            </field>
            <field name="pathsPerInitiator" type="java.lang.Integer" value="1"/>
            <field name="protocols" type="com.emc.storageos.db.client.model.StringSet">
                <wrapper>
                    <stringSet>FC</stringSet>
                </wrapper>
            </field>
            <field name="quota" type="java.lang.Long" value="0"/>
            <field name="quotaEnabled" type="java.lang.Boolean" value="false"/>
            <field name="supportedProvisioningType" type="java.lang.String" value="Thin"/>
            <field name="type" type="java.lang.String" value="block"/>
            <field name="uniquePolicyNames" type="java.lang.Boolean" value="false"/>
            <field name="useMatchedPools" type="java.lang.Boolean" value="true"/>
            <field name="virtualArrays" type="com.emc.storageos.db.client.model.StringSet">
                <wrapper>
                    <stringSet>urn:storageos:VirtualArray:0c39ba09-5bfe-43c4-902f-4473a51b5209:vdc1</stringSet>
                </wrapper>
            </field>
        </record>
        <record id="urn:storageos:VirtualPool:b5b4a7ac-bf23-41ec-924a-be485822faeb:vdc1">
            <readOnlyField>
                <field name="class" type="java.lang.Class" value="class com.emc.storageos.db.client.model.VirtualPool"/>
                <field name="id" type="java.net.URI" value="urn:storageos:VirtualPool:b5b4a7ac-bf23-41ec-924a-be485822faeb:vdc1"/>
            </readOnlyField>
            <field name="arrayInfo" type="com.emc.storageos.db.client.model.StringSetMap">
                <wrapper>
                    <stringSetMap>
                        <entry>
                            <key>system_type</key>
                            <value>isilon</value>
                        </entry>
                    </stringSetMap>
                </wrapper>
            </field>
            <field name="autoCrossConnectExport" type="java.lang.Boolean" value="false"/>
            <field name="creationTime" type="java.util.Calendar" value="java.util.GregorianCalendar[time=1442523856167,areFieldsSet=true,areAllFieldsSet=true,lenient=true,zone=sun.util.calendar.ZoneInfo[id=&quot;UTC&quot;,offset=0,dstSavings=0,useDaylight=false,transitions=0,lastRule=null],firstDayOfWeek=1,minimalDaysInFirstWeek=1,ERA=1,YEAR=2015,MONTH=8,WEEK_OF_YEAR=38,WEEK_OF_MONTH=3,DAY_OF_MONTH=17,DAY_OF_YEAR=260,DAY_OF_WEEK=5,DAY_OF_WEEK_IN_MONTH=3,AM_PM=1,HOUR=9,HOUR_OF_DAY=21,MINUTE=4,SECOND=16,MILLISECOND=167,ZONE_OFFSET=0,DST_OFFSET=0]"/>
            <field name="description" type="java.lang.String" value="LGLW6120"/>
            <field name="expandable" type="java.lang.Boolean" value="false"/>
            <field name="fastExpansion" type="java.lang.Boolean" value="false"/>
            <field name="inactive" type="java.lang.Boolean" value="false"/>
            <field name="internalFlags" type="java.lang.Long" value="0"/>
            <field name="label" type="java.lang.String" value="File-LGLW6120-VA"/>
            <field name="longTermRetention" type="java.lang.Boolean" value="false"/>
            <field name="matchedStoragePools" type="com.emc.storageos.db.client.model.StringSet">
                <wrapper>
                    <stringSet>urn:storageos:StoragePool:e04a438e-cbe5-41b0-b900-73e0d9840a29:vdc1</stringSet>
                    <stringSet>urn:storageos:StoragePool:8b52eea7-d5e5-485d-bc2d-c3fa497f907f:vdc1</stringSet>
                </wrapper>
            </field>
            <field name="maxNativeSnapshots" type="java.lang.Integer" value="0"/>
            <field name="maxRetention" type="java.lang.Integer" value="0"/>
            <field name="metroPoint" type="java.lang.Boolean" value="false"/>
            <field name="multivolumeConsistency" type="java.lang.Boolean" value="false"/>
            <field name="nonDisruptiveExpansion" type="java.lang.Boolean" value="true"/>
            <field name="opStatus" type="com.emc.storageos.db.client.model.OpStatusMap">
                <wrapper>
                    <opStatusMap/>
                </wrapper>
            </field>
            <field name="protocols" type="com.emc.storageos.db.client.model.StringSet">
                <wrapper>
                    <stringSet>CIFS</stringSet>
                    <stringSet>NFS</stringSet>
                </wrapper>
            </field>
            <field name="quota" type="java.lang.Long" value="0"/>
            <field name="quotaEnabled" type="java.lang.Boolean" value="false"/>
            <field name="supportedProvisioningType" type="java.lang.String" value="Thick"/>
            <field name="type" type="java.lang.String" value="file"/>
            <field name="uniquePolicyNames" type="java.lang.Boolean" value="false"/>
            <field name="useMatchedPools" type="java.lang.Boolean" value="true"/>
            <field name="virtualArrays" type="com.emc.storageos.db.client.model.StringSet">
                <wrapper>
                    <stringSet>urn:storageos:VirtualArray:141a8ac5-9739-42b7-930a-9fb0dcf17426:vdc1</stringSet>
                </wrapper>
            </field>
        </record>
    </data_object_schema>
</dbschemas>
