<?xml version="1.0" encoding="utf-8" standalone="no"?>
<dbschemas>
    <data_object_schema name="VirtualDataCenter">
        <record id="urn:storageos:VirtualDataCenter:b7fbde8e-4647-4424-893b-d20172b04c7d:vdc1">
            <readOnlyField>
                <field name="class" type="java.lang.Class" value="class com.emc.storageos.db.client.model.VirtualDataCenter"/>
                <field name="id" type="java.net.URI" value="urn:storageos:VirtualDataCenter:b7fbde8e-4647-4424-893b-d20172b04c7d:vdc1"/>
            </readOnlyField>
            <field name="apiEndpoint" type="java.lang.String" value="10.247.42.58"/>
            <field name="connectionStatus" type="com.emc.storageos.db.client.model.VirtualDataCenter$ConnectionStatus" value="ISOLATED"/>
            <field name="creationTime" type="java.util.Calendar" value="java.util.GregorianCalendar[time=1431403113870,areFieldsSet=true,areAllFieldsSet=true,lenient=true,zone=sun.util.calendar.ZoneInfo[id=&quot;UTC&quot;,offset=0,dstSavings=0,useDaylight=false,transitions=0,lastRule=null],firstDayOfWeek=1,minimalDaysInFirstWeek=1,ERA=1,YEAR=2015,MONTH=4,WEEK_OF_YEAR=20,WEEK_OF_MONTH=3,DAY_OF_MONTH=12,DAY_OF_YEAR=132,DAY_OF_WEEK=3,DAY_OF_WEEK_IN_MONTH=2,AM_PM=0,HOUR=3,HOUR_OF_DAY=3,MINUTE=58,SECOND=33,MILLISECOND=870,ZONE_OFFSET=0,DST_OFFSET=0]"/>
            <field name="hostCount" type="java.lang.Integer" value="5"/>
            <field name="hostIPv4AddressesMap" type="com.emc.storageos.db.client.model.StringMap">
                <wrapper>
                    <stringMap>
                        <entry>
                            <key>node1</key>
                            <value>10.247.42.53</value>
                        </entry>
                        <entry>
                            <key>node4</key>
                            <value>10.247.42.56</value>
                        </entry>
                        <entry>
                            <key>node5</key>
                            <value>10.247.42.57</value>
                        </entry>
                        <entry>
                            <key>node2</key>
                            <value>10.247.42.54</value>
                        </entry>
                        <entry>
                            <key>node3</key>
                            <value>10.247.42.55</value>
                        </entry>
                    </stringMap>
                </wrapper>
            </field>
            <field name="hostIPv6AddressesMap" type="com.emc.storageos.db.client.model.StringMap">
                <wrapper>
                    <stringMap/>
                </wrapper>
            </field>
            <field name="inactive" type="java.lang.Boolean" value="false"/>
            <field name="internalFlags" type="java.lang.Long" value="0"/>
            <field name="label" type="java.lang.String" value="vdc1"/>
            <field name="lastSeenTimeInMillis" type="java.lang.Long" value="1449479296012"/>
            <field name="local" type="java.lang.Boolean" value="true"/>
            <field name="opStatus" type="com.emc.storageos.db.client.model.OpStatusMap">
                <wrapper>
                    <opStatusMap/>
                </wrapper>
            </field>
            <field name="repStatus" type="com.emc.storageos.db.client.model.VirtualDataCenter$GeoReplicationStatus" value="REP_NONE"/>
            <field name="roleAssignments" type="com.emc.storageos.db.client.model.StringSetMap">
                <wrapper>
                    <stringSetMap>
                        <entry>
                            <key>GROUP,XTREMEIO</key>
                            <value>SYSTEM_ADMIN</value>
                        </entry>
                    </stringSetMap>
                </wrapper>
            </field>
            <field name="shortId" type="java.lang.String" value="vdc1"/>
            <field name="version" type="java.lang.Long" value="1431403113869"/>
        </record>
    </data_object_schema>
</dbschemas>
