<?xml version="1.0" encoding="utf-8" standalone="no"?>
<dbschemas>
    <data_object_schema name="Volume">
        <record id="urn:storageos:Volume:582382a6-4b25-43ba-900c-ce90bb650d4f:vdc1">
            <readOnlyField>
                <field name="class" type="java.lang.Class" value="class com.emc.storageos.db.client.model.Volume"/>
                <field name="id" type="java.net.URI" value="urn:storageos:Volume:582382a6-4b25-43ba-900c-ce90bb650d4f:vdc1"/>
            </readOnlyField>
            <field name="WWN" type="java.lang.String" value="BE81E9977F69466EA7FE300CDA8BBF62"/>
            <field name="allocatedCapacity" type="java.lang.Long" value="1074790400"/>
            <field name="capacity" type="java.lang.Long" value="1073741824"/>
            <field name="creationTime" type="java.util.Calendar" value="java.util.GregorianCalendar[time=1435003809643,areFieldsSet=true,areAllFieldsSet=true,lenient=true,zone=sun.util.calendar.ZoneInfo[id=&quot;UTC&quot;,offset=0,dstSavings=0,useDaylight=false,transitions=0,lastRule=null],firstDayOfWeek=1,minimalDaysInFirstWeek=1,ERA=1,YEAR=2015,MONTH=5,WEEK_OF_YEAR=26,WEEK_OF_MONTH=4,DAY_OF_MONTH=22,DAY_OF_YEAR=173,DAY_OF_WEEK=2,DAY_OF_WEEK_IN_MONTH=4,AM_PM=1,HOUR=8,HOUR_OF_DAY=20,MINUTE=10,SECOND=9,MILLISECOND=643,ZONE_OFFSET=0,DST_OFFSET=0]"/>
            <field name="deviceLabel" type="java.lang.String" value="Demo"/>
            <field name="inactive" type="java.lang.Boolean" value="false"/>
            <field name="internalFlags" type="java.lang.Long" value="0"/>
            <field name="isComposite" type="java.lang.Boolean" value="false"/>
            <field name="label" type="java.lang.String" value="Demo"/>
            <field name="nativeGuid" type="java.lang.String" value="XTREMIO+APM00144756665+VOLUME+be81e9977f69466ea7fe300cda8bbf62"/>
            <field name="nativeId" type="java.lang.String" value="be81e9977f69466ea7fe300cda8bbf62"/>
            <field name="opStatus" type="com.emc.storageos.db.client.model.OpStatusMap">
                <wrapper>
                    <opStatusMap/>
                </wrapper>
            </field>
            <field name="pool" type="java.net.URI" value="urn:storageos:StoragePool:77dc91d5-9dbf-409a-b222-68b9fd70670f:vdc1"/>
            <field name="project" type="com.emc.storageos.db.client.model.NamedURI" value="urn:storageos:Project:d196c7db-e4da-49f7-bfe3-3d177a5c5b2e:global:Demo"/>
            <field name="protocol" type="com.emc.storageos.db.client.model.StringSet">
                <wrapper>
                    <stringSet>FC</stringSet>
                </wrapper>
            </field>
            <field name="provisionedCapacity" type="java.lang.Long" value="1074790400"/>
            <field name="refreshRequired" type="java.lang.Boolean" value="false"/>
            <field name="storageController" type="java.net.URI" value="urn:storageos:StorageSystem:43c1a4c3-d50c-490f-bde4-02b37868acc1:vdc1"/>
            <field name="syncActive" type="java.lang.Boolean" value="true"/>
            <field name="tenant" type="com.emc.storageos.db.client.model.NamedURI" value="urn:storageos:TenantOrg:e8cc450f-4bbe-4018-ba5c-e7f79f7e6932:global:Demo"/>
            <field name="thinVolumePreAllocationSize" type="java.lang.Long" value="0"/>
            <field name="thinlyProvisioned" type="java.lang.Boolean" value="true"/>
            <field name="totalMetaMemberCapacity" type="java.lang.Long" value="0"/>
            <field name="virtualArray" type="java.net.URI" value="urn:storageos:VirtualArray:fedefcc6-c72b-430c-999d-040fe2e56293:vdc1"/>
            <field name="virtualPool" type="java.net.URI" value="urn:storageos:VirtualPool:310e7d87-27f5-4dc1-a768-2a1f3033bb71:vdc1"/>
        </record>
        <record id="urn:storageos:Volume:29cc26df-3d55-4f30-9ce0-c44c83ab36d9:vdc1">
            <readOnlyField>
                <field name="class" type="java.lang.Class" value="class com.emc.storageos.db.client.model.Volume"/>
                <field name="id" type="java.net.URI" value="urn:storageos:Volume:29cc26df-3d55-4f30-9ce0-c44c83ab36d9:vdc1"/>
            </readOnlyField>
            <field name="WWN" type="java.lang.String" value="2F8624FF638047258A8B9FD6A51BCB02"/>
            <field name="allocatedCapacity" type="java.lang.Long" value="11811160064"/>
            <field name="capacity" type="java.lang.Long" value="11811160064"/>
            <field name="creationTime" type="java.util.Calendar" value="java.util.GregorianCalendar[time=1444174881688,areFieldsSet=true,areAllFieldsSet=true,lenient=true,zone=sun.util.calendar.ZoneInfo[id=&quot;UTC&quot;,offset=0,dstSavings=0,useDaylight=false,transitions=0,lastRule=null],firstDayOfWeek=1,minimalDaysInFirstWeek=1,ERA=1,YEAR=2015,MONTH=9,WEEK_OF_YEAR=41,WEEK_OF_MONTH=2,DAY_OF_MONTH=6,DAY_OF_YEAR=279,DAY_OF_WEEK=3,DAY_OF_WEEK_IN_MONTH=1,AM_PM=1,HOUR=11,HOUR_OF_DAY=23,MINUTE=41,SECOND=21,MILLISECOND=688,ZONE_OFFSET=0,DST_OFFSET=0]"/>
            <field name="deviceLabel" type="java.lang.String" value="Test"/>
            <field name="inactive" type="java.lang.Boolean" value="false"/>
            <field name="internalFlags" type="java.lang.Long" value="0"/>
            <field name="isComposite" type="java.lang.Boolean" value="false"/>
            <field name="label" type="java.lang.String" value="Test"/>
            <field name="nativeGuid" type="java.lang.String" value="XTREMIO+APM00144756665+VOLUME+2f8624ff638047258a8b9fd6a51bcb02"/>
            <field name="nativeId" type="java.lang.String" value="2f8624ff638047258a8b9fd6a51bcb02"/>
            <field name="opStatus" type="com.emc.storageos.db.client.model.OpStatusMap">
                <wrapper>
                    <opStatusMap/>
                </wrapper>
            </field>
            <field name="pool" type="java.net.URI" value="urn:storageos:StoragePool:77dc91d5-9dbf-409a-b222-68b9fd70670f:vdc1"/>
            <field name="project" type="com.emc.storageos.db.client.model.NamedURI" value="urn:storageos:Project:8c86eea8-b761-467e-b9fa-bed080701b20:global:Test"/>
            <field name="protocol" type="com.emc.storageos.db.client.model.StringSet">
                <wrapper>
                    <stringSet>FC</stringSet>
                </wrapper>
            </field>
            <field name="provisionedCapacity" type="java.lang.Long" value="11811160064"/>
            <field name="refreshRequired" type="java.lang.Boolean" value="false"/>
            <field name="storageController" type="java.net.URI" value="urn:storageos:StorageSystem:43c1a4c3-d50c-490f-bde4-02b37868acc1:vdc1"/>
            <field name="syncActive" type="java.lang.Boolean" value="true"/>
            <field name="tenant" type="com.emc.storageos.db.client.model.NamedURI" value="urn:storageos:TenantOrg:e8cc450f-4bbe-4018-ba5c-e7f79f7e6932:global:Test"/>
            <field name="thinVolumePreAllocationSize" type="java.lang.Long" value="0"/>
            <field name="thinlyProvisioned" type="java.lang.Boolean" value="true"/>
            <field name="totalMetaMemberCapacity" type="java.lang.Long" value="0"/>
            <field name="virtualArray" type="java.net.URI" value="urn:storageos:VirtualArray:0c39ba09-5bfe-43c4-902f-4473a51b5209:vdc1"/>
            <field name="virtualPool" type="java.net.URI" value="urn:storageos:VirtualPool:035f1d03-608d-4c7b-9718-935738bcc220:vdc1"/>
        </record>
        <record id="urn:storageos:Volume:857ceafe-1dde-456e-8ded-9b8ab86083a1:vdc1">
            <readOnlyField>
                <field name="class" type="java.lang.Class" value="class com.emc.storageos.db.client.model.Volume"/>
                <field name="id" type="java.net.URI" value="urn:storageos:Volume:857ceafe-1dde-456e-8ded-9b8ab86083a1:vdc1"/>
            </readOnlyField>
            <field name="WWN" type="java.lang.String" value="785FB384EB6C4AAD81CDA917F45C4830"/>
            <field name="allocatedCapacity" type="java.lang.Long" value="1074790400"/>
            <field name="capacity" type="java.lang.Long" value="1073741824"/>
            <field name="creationTime" type="java.util.Calendar" value="java.util.GregorianCalendar[time=1438184037867,areFieldsSet=true,areAllFieldsSet=true,lenient=true,zone=sun.util.calendar.ZoneInfo[id=&quot;UTC&quot;,offset=0,dstSavings=0,useDaylight=false,transitions=0,lastRule=null],firstDayOfWeek=1,minimalDaysInFirstWeek=1,ERA=1,YEAR=2015,MONTH=6,WEEK_OF_YEAR=31,WEEK_OF_MONTH=5,DAY_OF_MONTH=29,DAY_OF_YEAR=210,DAY_OF_WEEK=4,DAY_OF_WEEK_IN_MONTH=5,AM_PM=1,HOUR=3,HOUR_OF_DAY=15,MINUTE=33,SECOND=57,MILLISECOND=867,ZONE_OFFSET=0,DST_OFFSET=0]"/>
            <field name="deviceLabel" type="java.lang.String" value="XIO_Volume"/>
            <field name="inactive" type="java.lang.Boolean" value="false"/>
            <field name="internalFlags" type="java.lang.Long" value="0"/>
            <field name="isComposite" type="java.lang.Boolean" value="false"/>
            <field name="label" type="java.lang.String" value="XIO_Volume"/>
            <field name="nativeGuid" type="java.lang.String" value="XTREMIO+APM00141017919+VOLUME+785fb384eb6c4aad81cda917f45c4830"/>
            <field name="nativeId" type="java.lang.String" value="785fb384eb6c4aad81cda917f45c4830"/>
            <field name="opStatus" type="com.emc.storageos.db.client.model.OpStatusMap">
                <wrapper>
                    <opStatusMap/>
                </wrapper>
            </field>
            <field name="pool" type="java.net.URI" value="urn:storageos:StoragePool:30d0bcc3-66e2-4e71-b2b8-b8de1e565954:vdc1"/>
            <field name="project" type="com.emc.storageos.db.client.model.NamedURI" value="urn:storageos:Project:ed280a9d-43fe-443b-be0a-9a1af84a32e8:global:XIO_Volume"/>
            <field name="protocol" type="com.emc.storageos.db.client.model.StringSet">
                <wrapper>
                    <stringSet>FC</stringSet>
                </wrapper>
            </field>
            <field name="provisionedCapacity" type="java.lang.Long" value="1074790400"/>
            <field name="refreshRequired" type="java.lang.Boolean" value="false"/>
            <field name="storageController" type="java.net.URI" value="urn:storageos:StorageSystem:82745a16-21bc-4848-bbcf-6f03f82cf902:vdc1"/>
            <field name="syncActive" type="java.lang.Boolean" value="true"/>
            <field name="tenant" type="com.emc.storageos.db.client.model.NamedURI" value="urn:storageos:TenantOrg:e8cc450f-4bbe-4018-ba5c-e7f79f7e6932:global:XIO_Volume"/>
            <field name="thinVolumePreAllocationSize" type="java.lang.Long" value="0"/>
            <field name="thinlyProvisioned" type="java.lang.Boolean" value="true"/>
            <field name="totalMetaMemberCapacity" type="java.lang.Long" value="0"/>
            <field name="virtualArray" type="java.net.URI" value="urn:storageos:VirtualArray:fedefcc6-c72b-430c-999d-040fe2e56293:vdc1"/>
            <field name="virtualPool" type="java.net.URI" value="urn:storageos:VirtualPool:310e7d87-27f5-4dc1-a768-2a1f3033bb71:vdc1"/>
        </record>
        <record id="urn:storageos:Volume:37fede0b-a4c5-4aa2-b018-6c0644d45ecc:vdc1">
            <readOnlyField>
                <field name="class" type="java.lang.Class" value="class com.emc.storageos.db.client.model.Volume"/>
                <field name="id" type="java.net.URI" value="urn:storageos:Volume:37fede0b-a4c5-4aa2-b018-6c0644d45ecc:vdc1"/>
            </readOnlyField>
            <field name="WWN" type="java.lang.String" value="E1D035C183D9422C87671365A4872ED1"/>
            <field name="allocatedCapacity" type="java.lang.Long" value="10738466816"/>
            <field name="capacity" type="java.lang.Long" value="10737418240"/>
            <field name="creationTime" type="java.util.Calendar" value="java.util.GregorianCalendar[time=1444246857758,areFieldsSet=true,areAllFieldsSet=true,lenient=true,zone=sun.util.calendar.ZoneInfo[id=&quot;UTC&quot;,offset=0,dstSavings=0,useDaylight=false,transitions=0,lastRule=null],firstDayOfWeek=1,minimalDaysInFirstWeek=1,ERA=1,YEAR=2015,MONTH=9,WEEK_OF_YEAR=41,WEEK_OF_MONTH=2,DAY_OF_MONTH=7,DAY_OF_YEAR=280,DAY_OF_WEEK=4,DAY_OF_WEEK_IN_MONTH=1,AM_PM=1,HOUR=7,HOUR_OF_DAY=19,MINUTE=40,SECOND=57,MILLISECOND=758,ZONE_OFFSET=0,DST_OFFSET=0]"/>
            <field name="deviceLabel" type="java.lang.String" value="Nanda-Test3"/>
            <field name="inactive" type="java.lang.Boolean" value="false"/>
            <field name="internalFlags" type="java.lang.Long" value="0"/>
            <field name="isComposite" type="java.lang.Boolean" value="false"/>
            <field name="label" type="java.lang.String" value="Nanda-Test3"/>
            <field name="nativeGuid" type="java.lang.String" value="XTREMIO+APM00144756665+VOLUME+e1d035c183d9422c87671365a4872ed1"/>
            <field name="nativeId" type="java.lang.String" value="e1d035c183d9422c87671365a4872ed1"/>
            <field name="opStatus" type="com.emc.storageos.db.client.model.OpStatusMap">
                <wrapper>
                    <opStatusMap/>
                </wrapper>
            </field>
            <field name="pool" type="java.net.URI" value="urn:storageos:StoragePool:77dc91d5-9dbf-409a-b222-68b9fd70670f:vdc1"/>
            <field name="project" type="com.emc.storageos.db.client.model.NamedURI" value="urn:storageos:Project:8c86eea8-b761-467e-b9fa-bed080701b20:global:Nanda+-+Test+3"/>
            <field name="protocol" type="com.emc.storageos.db.client.model.StringSet">
                <wrapper>
                    <stringSet>FC</stringSet>
                </wrapper>
            </field>
            <field name="provisionedCapacity" type="java.lang.Long" value="10738466816"/>
            <field name="refreshRequired" type="java.lang.Boolean" value="false"/>
            <field name="storageController" type="java.net.URI" value="urn:storageos:StorageSystem:43c1a4c3-d50c-490f-bde4-02b37868acc1:vdc1"/>
            <field name="syncActive" type="java.lang.Boolean" value="true"/>
            <field name="tenant" type="com.emc.storageos.db.client.model.NamedURI" value="urn:storageos:TenantOrg:e8cc450f-4bbe-4018-ba5c-e7f79f7e6932:global:Nanda+-+Test+3"/>
            <field name="thinVolumePreAllocationSize" type="java.lang.Long" value="0"/>
            <field name="thinlyProvisioned" type="java.lang.Boolean" value="true"/>
            <field name="totalMetaMemberCapacity" type="java.lang.Long" value="0"/>
            <field name="virtualArray" type="java.net.URI" value="urn:storageos:VirtualArray:0c39ba09-5bfe-43c4-902f-4473a51b5209:vdc1"/>
            <field name="virtualPool" type="java.net.URI" value="urn:storageos:VirtualPool:035f1d03-608d-4c7b-9718-935738bcc220:vdc1"/>
        </record>
        <record id="urn:storageos:Volume:7b18ea33-48bc-4916-885b-e72223df1b41:vdc1">
            <readOnlyField>
                <field name="class" type="java.lang.Class" value="class com.emc.storageos.db.client.model.Volume"/>
                <field name="id" type="java.net.URI" value="urn:storageos:Volume:7b18ea33-48bc-4916-885b-e72223df1b41:vdc1"/>
            </readOnlyField>
            <field name="WWN" type="java.lang.String" value="E907781BBC2E4117AB0DFF003A6DC6E0"/>
            <field name="allocatedCapacity" type="java.lang.Long" value="10738466816"/>
            <field name="capacity" type="java.lang.Long" value="10737418240"/>
            <field name="creationTime" type="java.util.Calendar" value="java.util.GregorianCalendar[time=1444244126583,areFieldsSet=true,areAllFieldsSet=true,lenient=true,zone=sun.util.calendar.ZoneInfo[id=&quot;UTC&quot;,offset=0,dstSavings=0,useDaylight=false,transitions=0,lastRule=null],firstDayOfWeek=1,minimalDaysInFirstWeek=1,ERA=1,YEAR=2015,MONTH=9,WEEK_OF_YEAR=41,WEEK_OF_MONTH=2,DAY_OF_MONTH=7,DAY_OF_YEAR=280,DAY_OF_WEEK=4,DAY_OF_WEEK_IN_MONTH=1,AM_PM=1,HOUR=6,HOUR_OF_DAY=18,MINUTE=55,SECOND=26,MILLISECOND=583,ZONE_OFFSET=0,DST_OFFSET=0]"/>
            <field name="deviceLabel" type="java.lang.String" value="Nanda-Test1"/>
            <field name="inactive" type="java.lang.Boolean" value="false"/>
            <field name="internalFlags" type="java.lang.Long" value="0"/>
            <field name="isComposite" type="java.lang.Boolean" value="false"/>
            <field name="label" type="java.lang.String" value="Nanda-Test1"/>
            <field name="nativeGuid" type="java.lang.String" value="XTREMIO+APM00144756665+VOLUME+e907781bbc2e4117ab0dff003a6dc6e0"/>
            <field name="nativeId" type="java.lang.String" value="e907781bbc2e4117ab0dff003a6dc6e0"/>
            <field name="opStatus" type="com.emc.storageos.db.client.model.OpStatusMap">
                <wrapper>
                    <opStatusMap/>
                </wrapper>
            </field>
            <field name="pool" type="java.net.URI" value="urn:storageos:StoragePool:77dc91d5-9dbf-409a-b222-68b9fd70670f:vdc1"/>
            <field name="project" type="com.emc.storageos.db.client.model.NamedURI" value="urn:storageos:Project:8c86eea8-b761-467e-b9fa-bed080701b20:global:Nanda+-+Test+1"/>
            <field name="protocol" type="com.emc.storageos.db.client.model.StringSet">
                <wrapper>
                    <stringSet>FC</stringSet>
                </wrapper>
            </field>
            <field name="provisionedCapacity" type="java.lang.Long" value="10738466816"/>
            <field name="refreshRequired" type="java.lang.Boolean" value="false"/>
            <field name="storageController" type="java.net.URI" value="urn:storageos:StorageSystem:43c1a4c3-d50c-490f-bde4-02b37868acc1:vdc1"/>
            <field name="syncActive" type="java.lang.Boolean" value="true"/>
            <field name="tenant" type="com.emc.storageos.db.client.model.NamedURI" value="urn:storageos:TenantOrg:e8cc450f-4bbe-4018-ba5c-e7f79f7e6932:global:Nanda+-+Test+1"/>
            <field name="thinVolumePreAllocationSize" type="java.lang.Long" value="0"/>
            <field name="thinlyProvisioned" type="java.lang.Boolean" value="true"/>
            <field name="totalMetaMemberCapacity" type="java.lang.Long" value="0"/>
            <field name="virtualArray" type="java.net.URI" value="urn:storageos:VirtualArray:0c39ba09-5bfe-43c4-902f-4473a51b5209:vdc1"/>
            <field name="virtualPool" type="java.net.URI" value="urn:storageos:VirtualPool:035f1d03-608d-4c7b-9718-935738bcc220:vdc1"/>
        </record>
        <record id="urn:storageos:Volume:4644a383-e872-4544-84b7-c52aa8126376:vdc1">
            <readOnlyField>
                <field name="class" type="java.lang.Class" value="class com.emc.storageos.db.client.model.Volume"/>
                <field name="id" type="java.net.URI" value="urn:storageos:Volume:4644a383-e872-4544-84b7-c52aa8126376:vdc1"/>
            </readOnlyField>
            <field name="WWN" type="java.lang.String" value="40DBFC54F11C493DA9AD048D9C05C5AB"/>
            <field name="allocatedCapacity" type="java.lang.Long" value="10738466816"/>
            <field name="capacity" type="java.lang.Long" value="10737418240"/>
            <field name="creationTime" type="java.util.Calendar" value="java.util.GregorianCalendar[time=1444246407518,areFieldsSet=true,areAllFieldsSet=true,lenient=true,zone=sun.util.calendar.ZoneInfo[id=&quot;UTC&quot;,offset=0,dstSavings=0,useDaylight=false,transitions=0,lastRule=null],firstDayOfWeek=1,minimalDaysInFirstWeek=1,ERA=1,YEAR=2015,MONTH=9,WEEK_OF_YEAR=41,WEEK_OF_MONTH=2,DAY_OF_MONTH=7,DAY_OF_YEAR=280,DAY_OF_WEEK=4,DAY_OF_WEEK_IN_MONTH=1,AM_PM=1,HOUR=7,HOUR_OF_DAY=19,MINUTE=33,SECOND=27,MILLISECOND=518,ZONE_OFFSET=0,DST_OFFSET=0]"/>
            <field name="deviceLabel" type="java.lang.String" value="Nanda-Test2"/>
            <field name="inactive" type="java.lang.Boolean" value="false"/>
            <field name="internalFlags" type="java.lang.Long" value="0"/>
            <field name="isComposite" type="java.lang.Boolean" value="false"/>
            <field name="label" type="java.lang.String" value="Nanda-Test2"/>
            <field name="nativeGuid" type="java.lang.String" value="XTREMIO+APM00144756665+VOLUME+40dbfc54f11c493da9ad048d9c05c5ab"/>
            <field name="nativeId" type="java.lang.String" value="40dbfc54f11c493da9ad048d9c05c5ab"/>
            <field name="opStatus" type="com.emc.storageos.db.client.model.OpStatusMap">
                <wrapper>
                    <opStatusMap/>
                </wrapper>
            </field>
            <field name="pool" type="java.net.URI" value="urn:storageos:StoragePool:77dc91d5-9dbf-409a-b222-68b9fd70670f:vdc1"/>
            <field name="project" type="com.emc.storageos.db.client.model.NamedURI" value="urn:storageos:Project:8c86eea8-b761-467e-b9fa-bed080701b20:global:Nanda+-+Test+2"/>
            <field name="protocol" type="com.emc.storageos.db.client.model.StringSet">
                <wrapper>
                    <stringSet>FC</stringSet>
                </wrapper>
            </field>
            <field name="provisionedCapacity" type="java.lang.Long" value="10738466816"/>
            <field name="refreshRequired" type="java.lang.Boolean" value="false"/>
            <field name="storageController" type="java.net.URI" value="urn:storageos:StorageSystem:43c1a4c3-d50c-490f-bde4-02b37868acc1:vdc1"/>
            <field name="syncActive" type="java.lang.Boolean" value="true"/>
            <field name="tenant" type="com.emc.storageos.db.client.model.NamedURI" value="urn:storageos:TenantOrg:e8cc450f-4bbe-4018-ba5c-e7f79f7e6932:global:Nanda+-+Test+2"/>
            <field name="thinVolumePreAllocationSize" type="java.lang.Long" value="0"/>
            <field name="thinlyProvisioned" type="java.lang.Boolean" value="true"/>
            <field name="totalMetaMemberCapacity" type="java.lang.Long" value="0"/>
            <field name="virtualArray" type="java.net.URI" value="urn:storageos:VirtualArray:0c39ba09-5bfe-43c4-902f-4473a51b5209:vdc1"/>
            <field name="virtualPool" type="java.net.URI" value="urn:storageos:VirtualPool:035f1d03-608d-4c7b-9718-935738bcc220:vdc1"/>
        </record>
        <record id="urn:storageos:Volume:b34dec73-2eaa-41bc-ade1-a49f84caa455:vdc1">
            <readOnlyField>
                <field name="class" type="java.lang.Class" value="class com.emc.storageos.db.client.model.Volume"/>
                <field name="id" type="java.net.URI" value="urn:storageos:Volume:b34dec73-2eaa-41bc-ade1-a49f84caa455:vdc1"/>
            </readOnlyField>
            <field name="WWN" type="java.lang.String" value="9EDE3D1D8CA845FFB75E97E8CE7C2101"/>
            <field name="allocatedCapacity" type="java.lang.Long" value="1074790400"/>
            <field name="capacity" type="java.lang.Long" value="1073741824"/>
            <field name="creationTime" type="java.util.Calendar" value="java.util.GregorianCalendar[time=1444174596620,areFieldsSet=true,areAllFieldsSet=true,lenient=true,zone=sun.util.calendar.ZoneInfo[id=&quot;UTC&quot;,offset=0,dstSavings=0,useDaylight=false,transitions=0,lastRule=null],firstDayOfWeek=1,minimalDaysInFirstWeek=1,ERA=1,YEAR=2015,MONTH=9,WEEK_OF_YEAR=41,WEEK_OF_MONTH=2,DAY_OF_MONTH=6,DAY_OF_YEAR=279,DAY_OF_WEEK=3,DAY_OF_WEEK_IN_MONTH=1,AM_PM=1,HOUR=11,HOUR_OF_DAY=23,MINUTE=36,SECOND=36,MILLISECOND=620,ZONE_OFFSET=0,DST_OFFSET=0]"/>
            <field name="deviceLabel" type="java.lang.String" value="chris"/>
            <field name="inactive" type="java.lang.Boolean" value="false"/>
            <field name="internalFlags" type="java.lang.Long" value="0"/>
            <field name="isComposite" type="java.lang.Boolean" value="false"/>
            <field name="label" type="java.lang.String" value="chris"/>
            <field name="nativeGuid" type="java.lang.String" value="XTREMIO+APM00144756665+VOLUME+9ede3d1d8ca845ffb75e97e8ce7c2101"/>
            <field name="nativeId" type="java.lang.String" value="9ede3d1d8ca845ffb75e97e8ce7c2101"/>
            <field name="opStatus" type="com.emc.storageos.db.client.model.OpStatusMap">
                <wrapper>
                    <opStatusMap/>
                </wrapper>
            </field>
            <field name="pool" type="java.net.URI" value="urn:storageos:StoragePool:77dc91d5-9dbf-409a-b222-68b9fd70670f:vdc1"/>
            <field name="project" type="com.emc.storageos.db.client.model.NamedURI" value="urn:storageos:Project:8c86eea8-b761-467e-b9fa-bed080701b20:global:chris"/>
            <field name="protocol" type="com.emc.storageos.db.client.model.StringSet">
                <wrapper>
                    <stringSet>FC</stringSet>
                </wrapper>
            </field>
            <field name="provisionedCapacity" type="java.lang.Long" value="1074790400"/>
            <field name="refreshRequired" type="java.lang.Boolean" value="false"/>
            <field name="storageController" type="java.net.URI" value="urn:storageos:StorageSystem:43c1a4c3-d50c-490f-bde4-02b37868acc1:vdc1"/>
            <field name="syncActive" type="java.lang.Boolean" value="true"/>
            <field name="tenant" type="com.emc.storageos.db.client.model.NamedURI" value="urn:storageos:TenantOrg:e8cc450f-4bbe-4018-ba5c-e7f79f7e6932:global:chris"/>
            <field name="thinVolumePreAllocationSize" type="java.lang.Long" value="0"/>
            <field name="thinlyProvisioned" type="java.lang.Boolean" value="true"/>
            <field name="totalMetaMemberCapacity" type="java.lang.Long" value="0"/>
            <field name="virtualArray" type="java.net.URI" value="urn:storageos:VirtualArray:0c39ba09-5bfe-43c4-902f-4473a51b5209:vdc1"/>
            <field name="virtualPool" type="java.net.URI" value="urn:storageos:VirtualPool:035f1d03-608d-4c7b-9718-935738bcc220:vdc1"/>
        </record>
        <record id="urn:storageos:Volume:06448294-8d52-410c-b5b3-c89719ed1837:vdc1">
            <readOnlyField>
                <field name="class" type="java.lang.Class" value="class com.emc.storageos.db.client.model.Volume"/>
                <field name="id" type="java.net.URI" value="urn:storageos:Volume:06448294-8d52-410c-b5b3-c89719ed1837:vdc1"/>
            </readOnlyField>
            <field name="WWN" type="java.lang.String" value="C19238EA87434BCB96CA70EA37CB29F8"/>
            <field name="allocatedCapacity" type="java.lang.Long" value="1074790400"/>
            <field name="capacity" type="java.lang.Long" value="1073741824"/>
            <field name="creationTime" type="java.util.Calendar" value="java.util.GregorianCalendar[time=1434738099642,areFieldsSet=true,areAllFieldsSet=true,lenient=true,zone=sun.util.calendar.ZoneInfo[id=&quot;UTC&quot;,offset=0,dstSavings=0,useDaylight=false,transitions=0,lastRule=null],firstDayOfWeek=1,minimalDaysInFirstWeek=1,ERA=1,YEAR=2015,MONTH=5,WEEK_OF_YEAR=25,WEEK_OF_MONTH=3,DAY_OF_MONTH=19,DAY_OF_YEAR=170,DAY_OF_WEEK=6,DAY_OF_WEEK_IN_MONTH=3,AM_PM=1,HOUR=6,HOUR_OF_DAY=18,MINUTE=21,SECOND=39,MILLISECOND=642,ZONE_OFFSET=0,DST_OFFSET=0]"/>
            <field name="deviceLabel" type="java.lang.String" value="XIODemoVol"/>
            <field name="inactive" type="java.lang.Boolean" value="false"/>
            <field name="internalFlags" type="java.lang.Long" value="0"/>
            <field name="isComposite" type="java.lang.Boolean" value="false"/>
            <field name="label" type="java.lang.String" value="XIODemoVol"/>
            <field name="nativeGuid" type="java.lang.String" value="XTREMIO+APM00144756665+VOLUME+c19238ea87434bcb96ca70ea37cb29f8"/>
            <field name="nativeId" type="java.lang.String" value="c19238ea87434bcb96ca70ea37cb29f8"/>
            <field name="opStatus" type="com.emc.storageos.db.client.model.OpStatusMap">
                <wrapper>
                    <opStatusMap/>
                </wrapper>
            </field>
            <field name="pool" type="java.net.URI" value="urn:storageos:StoragePool:77dc91d5-9dbf-409a-b222-68b9fd70670f:vdc1"/>
            <field name="project" type="com.emc.storageos.db.client.model.NamedURI" value="urn:storageos:Project:d196c7db-e4da-49f7-bfe3-3d177a5c5b2e:global:XIO+Demo+Vol"/>
            <field name="protocol" type="com.emc.storageos.db.client.model.StringSet">
                <wrapper>
                    <stringSet>FC</stringSet>
                </wrapper>
            </field>
            <field name="provisionedCapacity" type="java.lang.Long" value="1074790400"/>
            <field name="refreshRequired" type="java.lang.Boolean" value="false"/>
            <field name="storageController" type="java.net.URI" value="urn:storageos:StorageSystem:43c1a4c3-d50c-490f-bde4-02b37868acc1:vdc1"/>
            <field name="syncActive" type="java.lang.Boolean" value="true"/>
            <field name="tenant" type="com.emc.storageos.db.client.model.NamedURI" value="urn:storageos:TenantOrg:e8cc450f-4bbe-4018-ba5c-e7f79f7e6932:global:XIO+Demo+Vol"/>
            <field name="thinVolumePreAllocationSize" type="java.lang.Long" value="0"/>
            <field name="thinlyProvisioned" type="java.lang.Boolean" value="true"/>
            <field name="totalMetaMemberCapacity" type="java.lang.Long" value="0"/>
            <field name="virtualArray" type="java.net.URI" value="urn:storageos:VirtualArray:fedefcc6-c72b-430c-999d-040fe2e56293:vdc1"/>
            <field name="virtualPool" type="java.net.URI" value="urn:storageos:VirtualPool:310e7d87-27f5-4dc1-a768-2a1f3033bb71:vdc1"/>
        </record>
    </data_object_schema>
</dbschemas>
