<?xml version="1.0" encoding="utf-8" standalone="no"?>
<dbschemas>
    <data_object_schema name="VpoolRemoteProtectionCopySettings">
        <record id="urn:storageos:VpoolRemoteCopyProtectionSettings:462bc08a-f290-4204-9724-3da8aaa99eaf:vdc1">
            <readOnlyField>
                <field name="class" type="java.lang.Class" value="class com.emc.storageos.db.client.model.VpoolRemoteCopyProtectionSettings"/>
                <field name="id" type="java.net.URI" value="urn:storageos:VpoolRemoteCopyProtectionSettings:462bc08a-f290-4204-9724-3da8aaa99eaf:vdc1"/>
            </readOnlyField>
            <field name="copyMode" type="java.lang.String" value="ASYNCHRONOUS"/>
            <field name="creationTime" type="java.util.Calendar" value="java.util.GregorianCalendar[time=1434732270316,areFieldsSet=true,areAllFieldsSet=true,lenient=true,zone=sun.util.calendar.ZoneInfo[id=&quot;UTC&quot;,offset=0,dstSavings=0,useDaylight=false,transitions=0,lastRule=null],firstDayOfWeek=1,minimalDaysInFirstWeek=1,ERA=1,YEAR=2015,MONTH=5,WEEK_OF_YEAR=25,WEEK_OF_MONTH=3,DAY_OF_MONTH=19,DAY_OF_YEAR=170,DAY_OF_WEEK=6,DAY_OF_WEEK_IN_MONTH=3,AM_PM=1,HOUR=4,HOUR_OF_DAY=16,MINUTE=44,SECOND=30,MILLISECOND=316,ZONE_OFFSET=0,DST_OFFSET=0]"/>
            <field name="inactive" type="java.lang.Boolean" value="false"/>
            <field name="internalFlags" type="java.lang.Long" value="0"/>
            <field name="label" type="java.lang.String" value=""/>
            <field name="opStatus" type="com.emc.storageos.db.client.model.OpStatusMap">
                <wrapper>
                    <opStatusMap/>
                </wrapper>
            </field>
            <field name="virtualArray" type="java.net.URI" value="urn:storageos:VirtualArray:a439200d-bdef-458c-83a1-f615fc19cc59:vdc1"/>
            <field name="virtualPool" type="java.net.URI" value="urn:storageos:VirtualPool:1e6d0121-fb2c-42f2-b014-129ff25cc939:vdc1"/>
        </record>
        <record id="urn:storageos:VpoolRemoteCopyProtectionSettings:add49321-3521-4740-b72c-4971b0d4c4df:vdc1">
            <readOnlyField>
                <field name="class" type="java.lang.Class" value="class com.emc.storageos.db.client.model.VpoolRemoteCopyProtectionSettings"/>
                <field name="id" type="java.net.URI" value="urn:storageos:VpoolRemoteCopyProtectionSettings:add49321-3521-4740-b72c-4971b0d4c4df:vdc1"/>
            </readOnlyField>
            <field name="copyMode" type="java.lang.String" value="ASYNCHRONOUS"/>
            <field name="creationTime" type="java.util.Calendar" value="java.util.GregorianCalendar[time=1434733573382,areFieldsSet=true,areAllFieldsSet=true,lenient=true,zone=sun.util.calendar.ZoneInfo[id=&quot;UTC&quot;,offset=0,dstSavings=0,useDaylight=false,transitions=0,lastRule=null],firstDayOfWeek=1,minimalDaysInFirstWeek=1,ERA=1,YEAR=2015,MONTH=5,WEEK_OF_YEAR=25,WEEK_OF_MONTH=3,DAY_OF_MONTH=19,DAY_OF_YEAR=170,DAY_OF_WEEK=6,DAY_OF_WEEK_IN_MONTH=3,AM_PM=1,HOUR=5,HOUR_OF_DAY=17,MINUTE=6,SECOND=13,MILLISECOND=382,ZONE_OFFSET=0,DST_OFFSET=0]"/>
            <field name="inactive" type="java.lang.Boolean" value="false"/>
            <field name="internalFlags" type="java.lang.Long" value="0"/>
            <field name="label" type="java.lang.String" value=""/>
            <field name="opStatus" type="com.emc.storageos.db.client.model.OpStatusMap">
                <wrapper>
                    <opStatusMap/>
                </wrapper>
            </field>
            <field name="virtualArray" type="java.net.URI" value="urn:storageos:VirtualArray:a439200d-bdef-458c-83a1-f615fc19cc59:vdc1"/>
            <field name="virtualPool" type="java.net.URI" value="urn:storageos:VirtualPool:1e6d0121-fb2c-42f2-b014-129ff25cc939:vdc1"/>
        </record>
    </data_object_schema>
</dbschemas>
